[2026-08-29 10:56:56] MAV Scheduler iniciado.
[2026-08-29 10:56:56] Projeto: C:\Users\Matheus\PycharmProjects\PythonProject\testes_oficiais\scripts e playbook - ansible\minerador_vagas
[2026-08-29 10:56:56] Estado: C:\Users\Matheus\PycharmProjects\PythonProject\testes_oficiais\scripts e playbook - ansible\minerador_vagas\data\scheduler_state.json
[2026-08-29 10:56:56] Log: C:\Users\Matheus\PycharmProjects\PythonProject\testes_oficiais\scripts e playbook - ansible\minerador_vagas\logs\scheduler.log
[2026-08-29 10:56:56] Executando MAV — MADRUGADA — 1/4
[2026-08-29 10:56:56] Comando: C:\Users\Matheus\PycharmProjects\PythonProject\testes_oficiais\scripts e playbook - ansible\minerador_vagas\.venv\Scripts\python.exe C:\Users\Matheus\PycharmProjects\PythonProject\testes_oficiais\scripts e playbook - ansible\minerador_vagas\main.py --site ApInfo
[2026-08-29 10:57:33] MAV concluido com sucesso em 37.0 segundos.
[2026-08-29 10:57:33] Execucao registrada: MADRUGADA 1/4.
[2026-08-29 10:57:48] Executando MAV — MADRUGADA — 2/4
[2026-08-29 10:57:48] Comando: C:\Users\Matheus\PycharmProjects\PythonProject\testes_oficiais\scripts e playbook - ansible\minerador_vagas\.venv\Scripts\python.exe C:\Users\Matheus\PycharmProjects\PythonProject\testes_oficiais\scripts e playbook - ansible\minerador_vagas\main.py --site ApInfo
[2026-08-29 10:57:57] Scheduler encerrado manualmente.
[2026-08-29 10:58:24] MAV Scheduler iniciado.
[2026-08-29 10:58:24] Projeto: C:\Users\Matheus\PycharmProjects\PythonProject\testes_oficiais\scripts e playbook - ansible\minerador_vagas
[2026-08-29 10:58:24] Estado: C:\Users\Matheus\PycharmProjects\PythonProject\testes_oficiais\scripts e playbook - ansible\minerador_vagas\data\scheduler_state.json
[2026-08-29 10:58:24] Log: C:\Users\Matheus\PycharmProjects\PythonProject\testes_oficiais\scripts e playbook - ansible\minerador_vagas\logs\scheduler.log
[2026-08-29 10:58:24] Executando MAV — MADRUGADA — 2/4
[2026-08-29 10:58:24] Comando: C:\Users\Matheus\PycharmProjects\PythonProject\testes_oficiais\scripts e playbook - ansible\minerador_vagas\.venv\Scripts\python.exe C:\Users\Matheus\PycharmProjects\PythonProject\testes_oficiais\scripts e playbook - ansible\minerador_vagas\main.py --site ApInfo
[2026-08-29 10:58:54] MAV concluido com sucesso em 30.2 segundos.
[2026-08-29 10:58:54] Execucao registrada: MADRUGADA 2/4.
[2026-08-29 10:59:09] Executando MAV — MADRUGADA — 3/4
[2026-08-29 10:59:09] Comando: C:\Users\Matheus\PycharmProjects\PythonProject\testes_oficiais\scripts e playbook - ansible\minerador_vagas\.venv\Scripts\python.exe C:\Users\Matheus\PycharmProjects\PythonProject\testes_oficiais\scripts e playbook - ansible\minerador_vagas\main.py --site ApInfo
[2026-08-29 10:59:36] MAV concluido com sucesso em 27.0 segundos.
[2026-08-29 10:59:36] Execucao registrada: MADRUGADA 3/4.
[2026-08-29 10:59:51] Executando MAV — MADRUGADA — 4/4
[2026-08-29 10:59:51] Comando: C:\Users\Matheus\PycharmProjects\PythonProject\testes_oficiais\scripts e playbook - ansible\minerador_vagas\.venv\Scripts\python.exe C:\Users\Matheus\PycharmProjects\PythonProject\testes_oficiais\scripts e playbook - ansible\minerador_vagas\main.py --site ApInfo
[2026-08-29 11:00:21] MAV concluido com sucesso em 30.0 segundos.
[2026-08-29 11:00:21] Execucao registrada: MADRUGADA 4/4.
[2026-08-29 11:00:36] Executando MAV — MANHA — 1/4
[2026-08-29 11:00:36] Comando: C:\Users\Matheus\PycharmProjects\PythonProject\testes_oficiais\scripts e playbook - ansible\minerador_vagas\.venv\Scripts\python.exe C:\Users\Matheus\PycharmProjects\PythonProject\testes_oficiais\scripts e playbook - ansible\minerador_vagas\main.py --site ApInfo
[2026-08-29 11:01:06] MAV concluido com sucesso em 29.3 segundos.
[2026-08-29 11:01:06] Execucao registrada: MANHA 1/4.
[2026-08-29 11:01:21] Executando MAV — MANHA — 2/4
[2026-08-29 11:01:21] Comando: C:\Users\Matheus\PycharmProjects\PythonProject\testes_oficiais\scripts e playbook - ansible\minerador_vagas\.venv\Scripts\python.exe C:\Users\Matheus\PycharmProjects\PythonProject\testes_oficiais\scripts e playbook - ansible\minerador_vagas\main.py --site ApInfo
[2026-08-29 11:01:54] MAV concluido com sucesso em 32.9 segundos.
[2026-08-29 11:01:54] Execucao registrada: MANHA 2/4.
[2026-08-29 11:02:09] Executando MAV — MANHA — 3/4
[2026-08-29 11:02:09] Comando: C:\Users\Matheus\PycharmProjects\PythonProject\testes_oficiais\scripts e playbook - ansible\minerador_vagas\.venv\Scripts\python.exe C:\Users\Matheus\PycharmProjects\PythonProject\testes_oficiais\scripts e playbook - ansible\minerador_vagas\main.py --site ApInfo
[2026-08-29 11:02:39] MAV concluido com sucesso em 30.3 segundos.
[2026-08-29 11:02:39] Execucao registrada: MANHA 3/4.
[2026-08-29 11:02:54] Executando MAV — MANHA — 4/4
[2026-08-29 11:02:54] Comando: C:\Users\Matheus\PycharmProjects\PythonProject\testes_oficiais\scripts e playbook - ansible\minerador_vagas\.venv\Scripts\python.exe C:\Users\Matheus\PycharmProjects\PythonProject\testes_oficiais\scripts e playbook - ansible\minerador_vagas\main.py --site ApInfo
[2026-08-29 11:03:25] Scheduler encerrado manualmente.
[2026-08-29 11:06:10] MAV Scheduler iniciado.
[2026-08-29 11:06:10] Projeto: C:\Users\Matheus\PycharmProjects\PythonProject\testes_oficiais\scripts e playbook - ansible\minerador_vagas
[2026-08-29 11:06:10] Estado: C:\Users\Matheus\PycharmProjects\PythonProject\testes_oficiais\scripts e playbook - ansible\minerador_vagas\data\scheduler_state.json
[2026-08-29 11:06:10] Log: C:\Users\Matheus\PycharmProjects\PythonProject\testes_oficiais\scripts e playbook - ansible\minerador_vagas\logs\scheduler.log
[2026-08-29 11:06:10] Executando MAV — MANHA — 4/4
[2026-08-29 11:06:10] Comando: C:\Users\Matheus\PycharmProjects\PythonProject\testes_oficiais\scripts e playbook - ansible\minerador_vagas\.venv\Scripts\python.exe C:\Users\Matheus\PycharmProjects\PythonProject\testes_oficiais\scripts e playbook - ansible\minerador_vagas\main.py --site ApInfo
[2026-08-29 11:06:42] MAV concluido com sucesso em 31.1 segundos.
[2026-08-29 11:06:42] Execucao registrada: MANHA 4/4.
[2026-08-29 14:00:02] Executando MAV — TARDE — 1/4
[2026-08-29 14:00:02] Comando: C:\Users\Matheus\PycharmProjects\PythonProject\testes_oficiais\scripts e playbook - ansible\minerador_vagas\.venv\Scripts\python.exe C:\Users\Matheus\PycharmProjects\PythonProject\testes_oficiais\scripts e playbook - ansible\minerador_vagas\main.py --site ApInfo
[2026-08-29 14:00:41] MAV concluido com sucesso em 39.0 segundos.
[2026-08-29 14:00:41] Execucao registrada: TARDE 1/4.
[2026-08-29 14:40:11] Executando MAV — TARDE — 2/4
[2026-08-29 14:40:11] Comando: C:\Users\Matheus\PycharmProjects\PythonProject\testes_oficiais\scripts e playbook - ansible\minerador_vagas\.venv\Scripts\python.exe C:\Users\Matheus\PycharmProjects\PythonProject\testes_oficiais\scripts e playbook - ansible\minerador_vagas\main.py --site ApInfo
[2026-08-29 14:40:52] MAV concluido com sucesso em 41.5 segundos.
[2026-08-29 14:40:52] Execucao registrada: TARDE 2/4.
[2026-08-29 15:20:07] Executando MAV — TARDE — 3/4
[2026-08-29 15:20:07] Comando: C:\Users\Matheus\PycharmProjects\PythonProject\testes_oficiais\scripts e playbook - ansible\minerador_vagas\.venv\Scripts\python.exe C:\Users\Matheus\PycharmProjects\PythonProject\testes_oficiais\scripts e playbook - ansible\minerador_vagas\main.py --site ApInfo
[2026-08-29 15:20:46] MAV concluido com sucesso em 38.1 segundos.
[2026-08-29 15:20:46] Execucao registrada: TARDE 3/4.
[2026-08-29 15:55:01] Executando MAV — TARDE — 4/4
[2026-08-29 15:55:01] Comando: C:\Users\Matheus\PycharmProjects\PythonProject\testes_oficiais\scripts e playbook - ansible\minerador_vagas\.venv\Scripts\python.exe C:\Users\Matheus\PycharmProjects\PythonProject\testes_oficiais\scripts e playbook - ansible\minerador_vagas\main.py --site ApInfo
[2026-08-29 15:55:36] MAV concluido com sucesso em 35.1 segundos.
[2026-08-29 15:55:36] Execucao registrada: TARDE 4/4.
[2026-08-29 22:20:16] MAV Scheduler iniciado.
[2026-08-29 22:20:16] Projeto: C:\Users\Matheus\PycharmProjects\PythonProject\testes_oficiais\scripts e playbook - ansible\minerador_vagas
[2026-08-29 22:20:16] Estado: C:\Users\Matheus\PycharmProjects\PythonProject\testes_oficiais\scripts e playbook - ansible\minerador_vagas\data\scheduler_state.json
[2026-08-29 22:20:16] Log: C:\Users\Matheus\PycharmProjects\PythonProject\testes_oficiais\scripts e playbook - ansible\minerador_vagas\logs\scheduler.log
[2026-08-29 22:20:16] Executando MAV — NOITE — 1/4
[2026-08-29 22:20:16] Comando: C:\Users\Matheus\PycharmProjects\PythonProject\testes_oficiais\scripts e playbook - ansible\minerador_vagas\.venv\Scripts\python.exe C:\Users\Matheus\PycharmProjects\PythonProject\testes_oficiais\scripts e playbook - ansible\minerador_vagas\main.py --site ApInfo
[2026-08-29 22:20:56] MAV concluido com sucesso em 40.2 segundos.
[2026-08-29 22:20:56] Execucao registrada: NOITE 1/4.
[2026-08-29 22:21:11] Executando MAV — NOITE — 2/4
[2026-08-29 22:21:11] Comando: C:\Users\Matheus\PycharmProjects\PythonProject\testes_oficiais\scripts e playbook - ansible\minerador_vagas\.venv\Scripts\python.exe C:\Users\Matheus\PycharmProjects\PythonProject\testes_oficiais\scripts e playbook - ansible\minerador_vagas\main.py --site ApInfo
[2026-08-29 22:21:40] MAV concluido com sucesso em 29.4 segundos.
[2026-08-29 22:21:40] Execucao registrada: NOITE 2/4.
[2026-08-29 22:21:55] Executando MAV — NOITE — 3/4
[2026-08-29 22:21:55] Comando: C:\Users\Matheus\PycharmProjects\PythonProject\testes_oficiais\scripts e playbook - ansible\minerador_vagas\.venv\Scripts\python.exe C:\Users\Matheus\PycharmProjects\PythonProject\testes_oficiais\scripts e playbook - ansible\minerador_vagas\main.py --site ApInfo
[2026-08-29 22:22:22] MAV concluido com sucesso em 27.0 segundos.
[2026-08-29 22:22:22] Execucao registrada: NOITE 3/4.
[2026-08-29 22:22:37] Executando MAV — NOITE — 4/4
[2026-08-29 22:22:37] Comando: C:\Users\Matheus\PycharmProjects\PythonProject\testes_oficiais\scripts e playbook - ansible\minerador_vagas\.venv\Scripts\python.exe C:\Users\Matheus\PycharmProjects\PythonProject\testes_oficiais\scripts e playbook - ansible\minerador_vagas\main.py --site ApInfo
[2026-08-29 22:23:06] MAV concluido com sucesso em 28.4 segundos.
[2026-08-29 22:23:06] Execucao registrada: NOITE 4/4.
[2026-08-30 00:00:06] Novo dia detectado. Reiniciando agenda.
[2026-08-30 02:00:06] Executando MAV — MADRUGADA — 1/4
[2026-08-30 02:00:06] Comando: C:\Users\Matheus\PycharmProjects\PythonProject\testes_oficiais\scripts e playbook - ansible\minerador_vagas\.venv\Scripts\python.exe C:\Users\Matheus\PycharmProjects\PythonProject\testes_oficiais\scripts e playbook - ansible\minerador_vagas\main.py --site ApInfo
[2026-08-30 02:00:48] MAV concluido com sucesso em 41.4 segundos.
[2026-08-30 02:00:48] Execucao registrada: MADRUGADA 1/4.
[2026-08-30 02:40:03] Executando MAV — MADRUGADA — 2/4
[2026-08-30 02:40:03] Comando: C:\Users\Matheus\PycharmProjects\PythonProject\testes_oficiais\scripts e playbook - ansible\minerador_vagas\.venv\Scripts\python.exe C:\Users\Matheus\PycharmProjects\PythonProject\testes_oficiais\scripts e playbook - ansible\minerador_vagas\main.py --site ApInfo
[2026-08-30 02:40:41] MAV concluido com sucesso em 38.1 segundos.
[2026-08-30 02:40:41] Execucao registrada: MADRUGADA 2/4.
[2026-08-30 03:20:11] Executando MAV — MADRUGADA — 3/4
[2026-08-30 03:20:11] Comando: C:\Users\Matheus\PycharmProjects\PythonProject\testes_oficiais\scripts e playbook - ansible\minerador_vagas\.venv\Scripts\python.exe C:\Users\Matheus\PycharmProjects\PythonProject\testes_oficiais\scripts e playbook - ansible\minerador_vagas\main.py --site ApInfo
[2026-08-30 03:20:50] MAV concluido com sucesso em 38.6 segundos.
[2026-08-30 03:20:50] Execucao registrada: MADRUGADA 3/4.
[2026-08-30 03:55:05] Executando MAV — MADRUGADA — 4/4
[2026-08-30 03:55:05] Comando: C:\Users\Matheus\PycharmProjects\PythonProject\testes_oficiais\scripts e playbook - ansible\minerador_vagas\.venv\Scripts\python.exe C:\Users\Matheus\PycharmProjects\PythonProject\testes_oficiais\scripts e playbook - ansible\minerador_vagas\main.py --site ApInfo
[2026-08-30 03:55:43] MAV concluido com sucesso em 38.2 segundos.
[2026-08-30 03:55:43] Execucao registrada: MADRUGADA 4/4.
[2026-08-30 08:00:13] Executando MAV — MANHA — 1/4
[2026-08-30 08:00:13] Comando: C:\Users\Matheus\PycharmProjects\PythonProject\testes_oficiais\scripts e playbook - ansible\minerador_vagas\.venv\Scripts\python.exe C:\Users\Matheus\PycharmProjects\PythonProject\testes_oficiais\scripts e playbook - ansible\minerador_vagas\main.py --site ApInfo
[2026-08-30 08:00:55] MAV concluido com sucesso em 41.2 segundos.
[2026-08-30 08:00:55] Execucao registrada: MANHA 1/4.
[2026-08-30 08:40:10] Executando MAV — MANHA — 2/4
[2026-08-30 08:40:10] Comando: C:\Users\Matheus\PycharmProjects\PythonProject\testes_oficiais\scripts e playbook - ansible\minerador_vagas\.venv\Scripts\python.exe C:\Users\Matheus\PycharmProjects\PythonProject\testes_oficiais\scripts e playbook - ansible\minerador_vagas\main.py --site ApInfo
[2026-08-30 08:40:59] MAV concluido com sucesso em 49.7 segundos.
[2026-08-30 08:40:59] Execucao registrada: MANHA 2/4.
[2026-08-30 09:20:14] Executando MAV — MANHA — 3/4
[2026-08-30 09:20:14] Comando: C:\Users\Matheus\PycharmProjects\PythonProject\testes_oficiais\scripts e playbook - ansible\minerador_vagas\.venv\Scripts\python.exe C:\Users\Matheus\PycharmProjects\PythonProject\testes_oficiais\scripts e playbook - ansible\minerador_vagas\main.py --site ApInfo
[2026-08-30 09:20:55] MAV concluido com sucesso em 41.0 segundos.
[2026-08-30 09:20:55] Execucao registrada: MANHA 3/4.
[2026-08-30 09:55:11] Executando MAV — MANHA — 4/4
[2026-08-30 09:55:11] Comando: C:\Users\Matheus\PycharmProjects\PythonProject\testes_oficiais\scripts e playbook - ansible\minerador_vagas\.venv\Scripts\python.exe C:\Users\Matheus\PycharmProjects\PythonProject\testes_oficiais\scripts e playbook - ansible\minerador_vagas\main.py --site ApInfo
[2026-08-30 09:55:52] MAV concluido com sucesso em 41.0 segundos.
[2026-08-30 09:55:52] Execucao registrada: MANHA 4/4.
[2026-08-30 14:00:07] Executando MAV — TARDE — 1/4
[2026-08-30 14:00:07] Comando: C:\Users\Matheus\PycharmProjects\PythonProject\testes_oficiais\scripts e playbook - ansible\minerador_vagas\.venv\Scripts\python.exe C:\Users\Matheus\PycharmProjects\PythonProject\testes_oficiais\scripts e playbook - ansible\minerador_vagas\main.py --site ApInfo
[2026-08-30 14:01:03] MAV concluido com sucesso em 56.0 segundos.
[2026-08-30 14:01:03] Execucao registrada: TARDE 1/4.
[2026-08-30 14:40:03] Executando MAV — TARDE — 2/4
[2026-08-30 14:40:03] Comando: C:\Users\Matheus\PycharmProjects\PythonProject\testes_oficiais\scripts e playbook - ansible\minerador_vagas\.venv\Scripts\python.exe C:\Users\Matheus\PycharmProjects\PythonProject\testes_oficiais\scripts e playbook - ansible\minerador_vagas\main.py --site ApInfo
[2026-08-30 14:40:42] MAV concluido com sucesso em 39.0 segundos.
[2026-08-30 14:40:42] Execucao registrada: TARDE 2/4.
[2026-08-30 15:20:12] Executando MAV — TARDE — 3/4
[2026-08-30 15:20:12] Comando: C:\Users\Matheus\PycharmProjects\PythonProject\testes_oficiais\scripts e playbook - ansible\minerador_vagas\.venv\Scripts\python.exe C:\Users\Matheus\PycharmProjects\PythonProject\testes_oficiais\scripts e playbook - ansible\minerador_vagas\main.py --site ApInfo
[2026-08-30 15:20:56] MAV concluido com sucesso em 43.6 segundos.
[2026-08-30 15:20:56] Execucao registrada: TARDE 3/4.
[2026-08-30 15:55:11] Executando MAV — TARDE — 4/4
[2026-08-30 15:55:11] Comando: C:\Users\Matheus\PycharmProjects\PythonProject\testes_oficiais\scripts e playbook - ansible\minerador_vagas\.venv\Scripts\python.exe C:\Users\Matheus\PycharmProjects\PythonProject\testes_oficiais\scripts e playbook - ansible\minerador_vagas\main.py --site ApInfo
[2026-08-30 15:55:52] MAV concluido com sucesso em 41.2 segundos.
[2026-08-30 15:55:52] Execucao registrada: TARDE 4/4.
[2026-08-30 18:35:53] Scheduler encerrado manualmente.
[2026-08-30 18:35:55] MAV Scheduler Unificado iniciado.
[2026-08-30 18:35:55] Projeto: C:\Users\Matheus\PycharmProjects\PythonProject\testes_oficiais\scripts e playbook - ansible\minerador_vagas
[2026-08-30 18:35:55] Fontes ativas: ApInfo, Infojobs, Indeed, Catho
[2026-08-30 18:35:55] Estado: C:\Users\Matheus\PycharmProjects\PythonProject\testes_oficiais\scripts e playbook - ansible\minerador_vagas\data\scheduler_state.json
[2026-08-30 18:35:55] Log: C:\Users\Matheus\PycharmProjects\PythonProject\testes_oficiais\scripts e playbook - ansible\minerador_vagas\logs\scheduler.log
[2026-08-30 19:13:45] MAV Scheduler Unificado iniciado.
[2026-08-30 19:13:45] Projeto: C:\Users\Matheus\PycharmProjects\PythonProject\testes_oficiais\scripts e playbook - ansible\minerador_vagas
[2026-08-30 19:13:45] Fontes ativas: ApInfo, Infojobs, Indeed, Catho
[2026-08-30 19:13:45] Estado: C:\Users\Matheus\PycharmProjects\PythonProject\testes_oficiais\scripts e playbook - ansible\minerador_vagas\data\scheduler_state.json
[2026-08-30 19:13:45] Log: C:\Users\Matheus\PycharmProjects\PythonProject\testes_oficiais\scripts e playbook - ansible\minerador_vagas\logs\scheduler.log
[2026-08-30 19:16:55] Scheduler encerrado manualmente.
[2026-08-30 19:16:57] MAV Scheduler Unificado iniciado com pausas de 5 minutos.
[2026-08-30 19:16:57] Projeto: C:\Users\Matheus\PycharmProjects\PythonProject\testes_oficiais\scripts e playbook - ansible\minerador_vagas
[2026-08-30 19:16:57] Fontes ativas: ApInfo, Infojobs, Indeed, Catho
[2026-08-30 19:16:57] Estado: C:\Users\Matheus\PycharmProjects\PythonProject\testes_oficiais\scripts e playbook - ansible\minerador_vagas\data\scheduler_state.json
[2026-08-30 19:16:57] Log: C:\Users\Matheus\PycharmProjects\PythonProject\testes_oficiais\scripts e playbook - ansible\minerador_vagas\logs\scheduler.log
[2026-08-30 19:21:14] Scheduler encerrado manualmente.
[2026-08-30 19:21:16] MAV Scheduler Unificado iniciado.
[2026-08-30 19:21:16] Projeto: C:\Users\Matheus\PycharmProjects\PythonProject\testes_oficiais\scripts e playbook - ansible\minerador_vagas
[2026-08-30 19:21:16] Fontes ativas: ApInfo, Infojobs, Indeed, Catho
[2026-08-30 19:21:16] Estado: C:\Users\Matheus\PycharmProjects\PythonProject\testes_oficiais\scripts e playbook - ansible\minerador_vagas\data\scheduler_state.json
[2026-08-30 19:21:16] Log: C:\Users\Matheus\PycharmProjects\PythonProject\testes_oficiais\scripts e playbook - ansible\minerador_vagas\logs\scheduler.log
[2026-08-30 19:23:15] Scheduler encerrado manualmente.
[2026-08-30 19:23:17] MAV Scheduler Instantâneo iniciado.
[2026-08-30 19:23:17] Projeto: C:\Users\Matheus\PycharmProjects\PythonProject\testes_oficiais\scripts e playbook - ansible\minerador_vagas
[2026-08-30 19:23:17] Fontes ativas: ApInfo, Infojobs, Indeed, Catho
[2026-08-30 19:23:17] Log: C:\Users\Matheus\PycharmProjects\PythonProject\testes_oficiais\scripts e playbook - ansible\minerador_vagas\logs\scheduler.log
[2026-08-30 19:23:17] Executando MAV [ApInfo] — Ciclo Instantâneo #1
[2026-08-30 19:23:17] Comando: C:\Users\Matheus\PycharmProjects\PythonProject\.venv\Scripts\python.exe C:\Users\Matheus\PycharmProjects\PythonProject\testes_oficiais\scripts e playbook - ansible\minerador_vagas\main.py --site ApInfo
[2026-08-30 19:23:55] MAV [ApInfo] concluido com sucesso em 38.2 segundos.
[2026-08-30 19:23:55] Executando MAV [Infojobs] — Ciclo Instantâneo #1
[2026-08-30 19:23:55] Comando: C:\Users\Matheus\PycharmProjects\PythonProject\.venv\Scripts\python.exe C:\Users\Matheus\PycharmProjects\PythonProject\testes_oficiais\scripts e playbook - ansible\minerador_vagas\main.py --site Infojobs
[2026-08-30 19:23:55] MAV [Infojobs] terminou com codigo 2 apos 0.5 segundos.
[2026-08-30 19:23:55] Executando MAV [Indeed] — Ciclo Instantâneo #1
[2026-08-30 19:23:55] Comando: C:\Users\Matheus\PycharmProjects\PythonProject\.venv\Scripts\python.exe C:\Users\Matheus\PycharmProjects\PythonProject\testes_oficiais\scripts e playbook - ansible\minerador_vagas\main.py --site Indeed
[2026-08-30 19:23:56] MAV [Indeed] terminou com codigo 2 apos 0.5 segundos.
[2026-08-30 19:23:56] Executando MAV [Catho] — Ciclo Instantâneo #1
[2026-08-30 19:23:56] Comando: C:\Users\Matheus\PycharmProjects\PythonProject\.venv\Scripts\python.exe C:\Users\Matheus\PycharmProjects\PythonProject\testes_oficiais\scripts e playbook - ansible\minerador_vagas\main.py --site Catho
[2026-08-30 19:23:56] MAV [Catho] terminou com codigo 2 apos 0.5 segundos.
[2026-08-30 19:23:56] Ciclo instantâneo #1 finalizado com algumas falhas nas fontes.
[2026-08-30 19:23:56] Executando MAV [ApInfo] — Ciclo Instantâneo #2
[2026-08-30 19:23:56] Comando: C:\Users\Matheus\PycharmProjects\PythonProject\.venv\Scripts\python.exe C:\Users\Matheus\PycharmProjects\PythonProject\testes_oficiais\scripts e playbook - ansible\minerador_vagas\main.py --site ApInfo
[2026-08-30 19:24:28] MAV [ApInfo] concluido com sucesso em 31.3 segundos.
[2026-08-30 19:24:28] Executando MAV [Infojobs] — Ciclo Instantâneo #2
[2026-08-30 19:24:28] Comando: C:\Users\Matheus\PycharmProjects\PythonProject\.venv\Scripts\python.exe C:\Users\Matheus\PycharmProjects\PythonProject\testes_oficiais\scripts e playbook - ansible\minerador_vagas\main.py --site Infojobs
[2026-08-30 19:24:28] MAV [Infojobs] terminou com codigo 2 apos 0.5 segundos.
[2026-08-30 19:24:28] Executando MAV [Indeed] — Ciclo Instantâneo #2
[2026-08-30 19:24:28] Comando: C:\Users\Matheus\PycharmProjects\PythonProject\.venv\Scripts\python.exe C:\Users\Matheus\PycharmProjects\PythonProject\testes_oficiais\scripts e playbook - ansible\minerador_vagas\main.py --site Indeed
[2026-08-30 19:24:29] MAV [Indeed] terminou com codigo 2 apos 0.5 segundos.
[2026-08-30 19:24:29] Executando MAV [Catho] — Ciclo Instantâneo #2
[2026-08-30 19:24:29] Comando: C:\Users\Matheus\PycharmProjects\PythonProject\.venv\Scripts\python.exe C:\Users\Matheus\PycharmProjects\PythonProject\testes_oficiais\scripts e playbook - ansible\minerador_vagas\main.py --site Catho
[2026-08-30 19:24:29] MAV [Catho] terminou com codigo 2 apos 0.5 segundos.
[2026-08-30 19:24:29] Ciclo instantâneo #2 finalizado com algumas falhas nas fontes.
[2026-08-30 19:24:29] Executando MAV [ApInfo] — Ciclo Instantâneo #3
[2026-08-30 19:24:29] Comando: C:\Users\Matheus\PycharmProjects\PythonProject\.venv\Scripts\python.exe C:\Users\Matheus\PycharmProjects\PythonProject\testes_oficiais\scripts e playbook - ansible\minerador_vagas\main.py --site ApInfo
[2026-08-30 19:24:56] MAV [ApInfo] concluido com sucesso em 27.2 segundos.
[2026-08-30 19:24:56] Executando MAV [Infojobs] — Ciclo Instantâneo #3
[2026-08-30 19:24:56] Comando: C:\Users\Matheus\PycharmProjects\PythonProject\.venv\Scripts\python.exe C:\Users\Matheus\PycharmProjects\PythonProject\testes_oficiais\scripts e playbook - ansible\minerador_vagas\main.py --site Infojobs
[2026-08-30 19:24:57] MAV [Infojobs] terminou com codigo 2 apos 0.5 segundos.
[2026-08-30 19:24:57] Executando MAV [Indeed] — Ciclo Instantâneo #3
[2026-08-30 19:24:57] Comando: C:\Users\Matheus\PycharmProjects\PythonProject\.venv\Scripts\python.exe C:\Users\Matheus\PycharmProjects\PythonProject\testes_oficiais\scripts e playbook - ansible\minerador_vagas\main.py --site Indeed
[2026-08-30 19:24:57] MAV [Indeed] terminou com codigo 2 apos 0.5 segundos.
[2026-08-30 19:24:57] Executando MAV [Catho] — Ciclo Instantâneo #3
[2026-08-30 19:24:57] Comando: C:\Users\Matheus\PycharmProjects\PythonProject\.venv\Scripts\python.exe C:\Users\Matheus\PycharmProjects\PythonProject\testes_oficiais\scripts e playbook - ansible\minerador_vagas\main.py --site Catho
[2026-08-30 19:24:58] MAV [Catho] terminou com codigo 2 apos 0.5 segundos.
[2026-08-30 19:24:58] Ciclo instantâneo #3 finalizado com algumas falhas nas fontes.
[2026-08-30 19:24:58] Executando MAV [ApInfo] — Ciclo Instantâneo #4
[2026-08-30 19:24:58] Comando: C:\Users\Matheus\PycharmProjects\PythonProject\.venv\Scripts\python.exe C:\Users\Matheus\PycharmProjects\PythonProject\testes_oficiais\scripts e playbook - ansible\minerador_vagas\main.py --site ApInfo
[2026-08-30 19:25:05] Scheduler instantâneo encerrado manualmente pelo usuário.
[2026-08-30 19:28:34] MAV Scheduler Instantâneo iniciado.
[2026-08-30 19:28:34] Projeto: C:\Users\Matheus\PycharmProjects\PythonProject\testes_oficiais\scripts e playbook - ansible\minerador_vagas
[2026-08-30 19:28:34] Fontes ativas: ApInfo, Infojobs, Indeed, Catho
[2026-08-30 19:28:34] Log: C:\Users\Matheus\PycharmProjects\PythonProject\testes_oficiais\scripts e playbook - ansible\minerador_vagas\logs\scheduler.log
[2026-08-30 19:28:34] Executando MAV [ApInfo] — Ciclo Instantâneo #1
[2026-08-30 19:28:34] Comando: C:\Users\Matheus\PycharmProjects\PythonProject\.venv\Scripts\python.exe C:\Users\Matheus\PycharmProjects\PythonProject\testes_oficiais\scripts e playbook - ansible\minerador_vagas\main.py --site ApInfo
[2026-08-30 19:28:34] MAV [ApInfo] terminou com codigo 1 apos 0.4 segundos.
[2026-08-30 19:28:34] Executando MAV [Infojobs] — Ciclo Instantâneo #1
[2026-08-30 19:28:34] Comando: C:\Users\Matheus\PycharmProjects\PythonProject\.venv\Scripts\python.exe C:\Users\Matheus\PycharmProjects\PythonProject\testes_oficiais\scripts e playbook - ansible\minerador_vagas\main.py --site Infojobs
[2026-08-30 19:28:34] MAV [Infojobs] terminou com codigo 1 apos 0.5 segundos.
[2026-08-30 19:28:34] Executando MAV [Indeed] — Ciclo Instantâneo #1
[2026-08-30 19:28:34] Comando: C:\Users\Matheus\PycharmProjects\PythonProject\.venv\Scripts\python.exe C:\Users\Matheus\PycharmProjects\PythonProject\testes_oficiais\scripts e playbook - ansible\minerador_vagas\main.py --site Indeed
[2026-08-30 19:28:35] MAV [Indeed] terminou com codigo 1 apos 0.4 segundos.
[2026-08-30 19:28:35] Executando MAV [Catho] — Ciclo Instantâneo #1
[2026-08-30 19:28:35] Comando: C:\Users\Matheus\PycharmProjects\PythonProject\.venv\Scripts\python.exe C:\Users\Matheus\PycharmProjects\PythonProject\testes_oficiais\scripts e playbook - ansible\minerador_vagas\main.py --site Catho
[2026-08-30 19:28:35] MAV [Catho] terminou com codigo 1 apos 0.5 segundos.
[2026-08-30 19:28:35] Ciclo instantâneo #1 finalizado com algumas falhas nas fontes.
[2026-08-30 19:28:35] Executando MAV [ApInfo] — Ciclo Instantâneo #2
[2026-08-30 19:28:35] Comando: C:\Users\Matheus\PycharmProjects\PythonProject\.venv\Scripts\python.exe C:\Users\Matheus\PycharmProjects\PythonProject\testes_oficiais\scripts e playbook - ansible\minerador_vagas\main.py --site ApInfo
[2026-08-30 19:28:36] MAV [ApInfo] terminou com codigo 1 apos 0.4 segundos.
[2026-08-30 19:28:36] Executando MAV [Infojobs] — Ciclo Instantâneo #2
[2026-08-30 19:28:36] Comando: C:\Users\Matheus\PycharmProjects\PythonProject\.venv\Scripts\python.exe C:\Users\Matheus\PycharmProjects\PythonProject\testes_oficiais\scripts e playbook - ansible\minerador_vagas\main.py --site Infojobs
[2026-08-30 19:28:36] MAV [Infojobs] terminou com codigo 1 apos 0.4 segundos.
[2026-08-30 19:28:36] Executando MAV [Indeed] — Ciclo Instantâneo #2
[2026-08-30 19:28:36] Comando: C:\Users\Matheus\PycharmProjects\PythonProject\.venv\Scripts\python.exe C:\Users\Matheus\PycharmProjects\PythonProject\testes_oficiais\scripts e playbook - ansible\minerador_vagas\main.py --site Indeed
[2026-08-30 19:28:37] MAV [Indeed] terminou com codigo 1 apos 0.4 segundos.
[2026-08-30 19:28:37] Executando MAV [Catho] — Ciclo Instantâneo #2
[2026-08-30 19:28:37] Comando: C:\Users\Matheus\PycharmProjects\PythonProject\.venv\Scripts\python.exe C:\Users\Matheus\PycharmProjects\PythonProject\testes_oficiais\scripts e playbook - ansible\minerador_vagas\main.py --site Catho
[2026-08-30 19:28:37] MAV [Catho] terminou com codigo 1 apos 0.4 segundos.
[2026-08-30 19:28:37] Ciclo instantâneo #2 finalizado com algumas falhas nas fontes.
[2026-08-30 19:28:37] Executando MAV [ApInfo] — Ciclo Instantâneo #3
[2026-08-30 19:28:37] Comando: C:\Users\Matheus\PycharmProjects\PythonProject\.venv\Scripts\python.exe C:\Users\Matheus\PycharmProjects\PythonProject\testes_oficiais\scripts e playbook - ansible\minerador_vagas\main.py --site ApInfo
[2026-08-30 19:28:37] MAV [ApInfo] terminou com codigo 1 apos 0.4 segundos.
[2026-08-30 19:28:37] Executando MAV [Infojobs] — Ciclo Instantâneo #3
[2026-08-30 19:28:37] Comando: C:\Users\Matheus\PycharmProjects\PythonProject\.venv\Scripts\python.exe C:\Users\Matheus\PycharmProjects\PythonProject\testes_oficiais\scripts e playbook - ansible\minerador_vagas\main.py --site Infojobs
[2026-08-30 19:28:38] MAV [Infojobs] terminou com codigo 1 apos 0.4 segundos.
[2026-08-30 19:28:38] Executando MAV [Indeed] — Ciclo Instantâneo #3
[2026-08-30 19:28:38] Comando: C:\Users\Matheus\PycharmProjects\PythonProject\.venv\Scripts\python.exe C:\Users\Matheus\PycharmProjects\PythonProject\testes_oficiais\scripts e playbook - ansible\minerador_vagas\main.py --site Indeed
[2026-08-30 19:28:38] Scheduler instantâneo encerrado manualmente pelo usuário.
[2026-08-31 17:26:41] MAV Scheduler Instantâneo iniciado.
[2026-08-31 17:26:41] Projeto: C:\Users\Matheus\PycharmProjects\PythonProject\testes_oficiais\scripts e playbook - ansible\minerador_vagas
[2026-08-31 17:26:41] Fontes ativas: ApInfo, Infojobs, Indeed, Catho
[2026-08-31 17:26:41] Log: C:\Users\Matheus\PycharmProjects\PythonProject\testes_oficiais\scripts e playbook - ansible\minerador_vagas\logs\scheduler.log
[2026-08-31 17:26:41] Executando MAV [ApInfo] — Ciclo Instantâneo #1
[2026-08-31 17:26:41] Comando: C:\Users\Matheus\PycharmProjects\PythonProject\testes_oficiais\scripts e playbook - ansible\minerador_vagas\.venv\Scripts\python.exe C:\Users\Matheus\PycharmProjects\PythonProject\testes_oficiais\scripts e playbook - ansible\minerador_vagas\main.py --site ApInfo
[2026-08-31 17:27:37] MAV [ApInfo] concluido com sucesso em 56.2 segundos.
[2026-08-31 17:27:37] Executando MAV [Infojobs] — Ciclo Instantâneo #1
[2026-08-31 17:27:37] Comando: C:\Users\Matheus\PycharmProjects\PythonProject\testes_oficiais\scripts e playbook - ansible\minerador_vagas\.venv\Scripts\python.exe C:\Users\Matheus\PycharmProjects\PythonProject\testes_oficiais\scripts e playbook - ansible\minerador_vagas\main.py --site Infojobs
[2026-08-31 17:27:39] MAV [Infojobs] terminou com codigo 1 apos 1.7 segundos.
[2026-08-31 17:27:39] Executando MAV [Indeed] — Ciclo Instantâneo #1
[2026-08-31 17:27:39] Comando: C:\Users\Matheus\PycharmProjects\PythonProject\testes_oficiais\scripts e playbook - ansible\minerador_vagas\.venv\Scripts\python.exe C:\Users\Matheus\PycharmProjects\PythonProject\testes_oficiais\scripts e playbook - ansible\minerador_vagas\main.py --site Indeed
[2026-08-31 17:27:40] MAV [Indeed] terminou com codigo 1 apos 0.7 segundos.
[2026-08-31 17:27:40] Executando MAV [Catho] — Ciclo Instantâneo #1
[2026-08-31 17:27:40] Comando: C:\Users\Matheus\PycharmProjects\PythonProject\testes_oficiais\scripts e playbook - ansible\minerador_vagas\.venv\Scripts\python.exe C:\Users\Matheus\PycharmProjects\PythonProject\testes_oficiais\scripts e playbook - ansible\minerador_vagas\main.py --site Catho
[2026-08-31 17:27:41] MAV [Catho] terminou com codigo 1 apos 0.7 segundos.
[2026-08-31 17:27:41] Ciclo instantâneo #1 finalizado com algumas falhas nas fontes.
[2026-08-31 17:27:41] Executando MAV [ApInfo] — Ciclo Instantâneo #2
[2026-08-31 17:27:41] Comando: C:\Users\Matheus\PycharmProjects\PythonProject\testes_oficiais\scripts e playbook - ansible\minerador_vagas\.venv\Scripts\python.exe C:\Users\Matheus\PycharmProjects\PythonProject\testes_oficiais\scripts e playbook - ansible\minerador_vagas\main.py --site ApInfo
[2026-08-31 17:27:47] Scheduler instantâneo encerrado manualmente pelo usuário.
[2026-08-31 17:32:35] MAV Scheduler Instantâneo iniciado.
[2026-08-31 17:32:35] Projeto: C:\Users\Matheus\PycharmProjects\PythonProject\testes_oficiais\scripts e playbook - ansible\minerador_vagas
[2026-08-31 17:32:35] Fontes ativas: ApInfo, Infojobs, Indeed, Catho
[2026-08-31 17:32:35] Log: C:\Users\Matheus\PycharmProjects\PythonProject\testes_oficiais\scripts e playbook - ansible\minerador_vagas\logs\scheduler.log
[2026-08-31 17:32:35] Executando MAV [ApInfo] — Ciclo Instantâneo #1
[2026-08-31 17:32:35] Comando: C:\Users\Matheus\PycharmProjects\PythonProject\testes_oficiais\scripts e playbook - ansible\minerador_vagas\.venv\Scripts\python.exe C:\Users\Matheus\PycharmProjects\PythonProject\testes_oficiais\scripts e playbook - ansible\minerador_vagas\main.py --site ApInfo
[2026-08-31 17:32:42] Scheduler instantâneo encerrado manualmente pelo usuário.
[2026-08-31 17:33:12] MAV Scheduler Instantâneo iniciado.
[2026-08-31 17:33:12] Projeto: C:\Users\Matheus\PycharmProjects\PythonProject\testes_oficiais\scripts e playbook - ansible\minerador_vagas
[2026-08-31 17:33:12] Fontes ativas: ApInfo, Infojobs, Indeed, Catho
[2026-08-31 17:33:12] Log: C:\Users\Matheus\PycharmProjects\PythonProject\testes_oficiais\scripts e playbook - ansible\minerador_vagas\logs\scheduler.log
[2026-08-31 17:33:12] Executando MAV [ApInfo] — Ciclo Instantâneo #1
[2026-08-31 17:33:12] Comando: C:\Users\Matheus\PycharmProjects\PythonProject\.venv\Scripts\python.exe C:\Users\Matheus\PycharmProjects\PythonProject\testes_oficiais\scripts e playbook - ansible\minerador_vagas\main.py --site ApInfo
[2026-08-31 17:33:47] MAV [ApInfo] concluido com sucesso em 35.4 segundos.
[2026-08-31 17:33:47] Executando MAV [Infojobs] — Ciclo Instantâneo #1
[2026-08-31 17:33:47] Comando: C:\Users\Matheus\PycharmProjects\PythonProject\.venv\Scripts\python.exe C:\Users\Matheus\PycharmProjects\PythonProject\testes_oficiais\scripts e playbook - ansible\minerador_vagas\main.py --site Infojobs
[2026-08-31 17:33:50] MAV [Infojobs] concluido com sucesso em 2.3 segundos.
[2026-08-31 17:33:50] Executando MAV [Indeed] — Ciclo Instantâneo #1
[2026-08-31 17:33:50] Comando: C:\Users\Matheus\PycharmProjects\PythonProject\.venv\Scripts\python.exe C:\Users\Matheus\PycharmProjects\PythonProject\testes_oficiais\scripts e playbook - ansible\minerador_vagas\main.py --site Indeed
[2026-08-31 17:33:52] MAV [Indeed] concluido com sucesso em 2.2 segundos.
[2026-08-31 17:33:52] Executando MAV [Catho] — Ciclo Instantâneo #1
[2026-08-31 17:33:52] Comando: C:\Users\Matheus\PycharmProjects\PythonProject\.venv\Scripts\python.exe C:\Users\Matheus\PycharmProjects\PythonProject\testes_oficiais\scripts e playbook - ansible\minerador_vagas\main.py --site Catho
[2026-08-31 17:33:54] MAV [Catho] concluido com sucesso em 2.3 segundos.
[2026-08-31 17:33:54] Ciclo instantâneo #1 finalizado com sucesso em todas as fontes.
[2026-08-31 17:33:54] Executando MAV [ApInfo] — Ciclo Instantâneo #2
[2026-08-31 17:33:54] Comando: C:\Users\Matheus\PycharmProjects\PythonProject\.venv\Scripts\python.exe C:\Users\Matheus\PycharmProjects\PythonProject\testes_oficiais\scripts e playbook - ansible\minerador_vagas\main.py --site ApInfo
[2026-08-31 17:35:02] MAV Scheduler Instantâneo iniciado.
[2026-08-31 17:35:02] Projeto: C:\Users\Matheus\PycharmProjects\PythonProject\testes_oficiais\scripts e playbook - ansible\minerador_vagas
[2026-08-31 17:35:02] Fontes ativas: ApInfo, Infojobs, Indeed, Catho
[2026-08-31 17:35:02] Log: C:\Users\Matheus\PycharmProjects\PythonProject\testes_oficiais\scripts e playbook - ansible\minerador_vagas\logs\scheduler.log
[2026-08-31 17:35:02] Executando MAV [ApInfo] — Ciclo Instantâneo #1
[2026-08-31 17:35:02] Comando: C:\Users\Matheus\PycharmProjects\PythonProject\.venv\Scripts\python.exe C:\Users\Matheus\PycharmProjects\PythonProject\testes_oficiais\scripts e playbook - ansible\minerador_vagas\main.py --site ApInfo
[2026-08-31 17:35:35] MAV [ApInfo] concluido com sucesso em 33.4 segundos.
[2026-08-31 17:35:35] Executando MAV [Infojobs] — Ciclo Instantâneo #1
[2026-08-31 17:35:35] Comando: C:\Users\Matheus\PycharmProjects\PythonProject\.venv\Scripts\python.exe C:\Users\Matheus\PycharmProjects\PythonProject\testes_oficiais\scripts e playbook - ansible\minerador_vagas\main.py --site Infojobs
[2026-08-31 17:35:37] MAV [Infojobs] concluido com sucesso em 2.1 segundos.
[2026-08-31 17:35:37] Executando MAV [Indeed] — Ciclo Instantâneo #1
[2026-08-31 17:35:37] Comando: C:\Users\Matheus\PycharmProjects\PythonProject\.venv\Scripts\python.exe C:\Users\Matheus\PycharmProjects\PythonProject\testes_oficiais\scripts e playbook - ansible\minerador_vagas\main.py --site Indeed
[2026-08-31 17:35:39] MAV [Indeed] concluido com sucesso em 2.2 segundos.
[2026-08-31 17:35:39] Executando MAV [Catho] — Ciclo Instantâneo #1
[2026-08-31 17:35:39] Comando: C:\Users\Matheus\PycharmProjects\PythonProject\.venv\Scripts\python.exe C:\Users\Matheus\PycharmProjects\PythonProject\testes_oficiais\scripts e playbook - ansible\minerador_vagas\main.py --site Catho
[2026-08-31 17:35:39] Scheduler instantâneo encerrado manualmente pelo usuário.
[2026-08-31 17:37:16] MAV Scheduler Instantâneo iniciado.
[2026-08-31 17:37:16] Projeto: C:\Users\Matheus\PycharmProjects\PythonProject\testes_oficiais\scripts e playbook - ansible\minerador_vagas
[2026-08-31 17:37:16] Fontes ativas: ApInfo, Infojobs, Indeed, Catho
[2026-08-31 17:37:16] Log: C:\Users\Matheus\PycharmProjects\PythonProject\testes_oficiais\scripts e playbook - ansible\minerador_vagas\logs\scheduler.log
[2026-08-31 17:37:16] Executando MAV [ApInfo] — Ciclo Instantâneo #1
[2026-08-31 17:37:16] Comando: C:\Users\Matheus\PycharmProjects\PythonProject\.venv\Scripts\python.exe C:\Users\Matheus\PycharmProjects\PythonProject\testes_oficiais\scripts e playbook - ansible\minerador_vagas\main.py --site ApInfo
[2026-08-31 17:37:48] MAV [ApInfo] concluido com sucesso em 32.7 segundos.
[2026-08-31 17:37:48] Executando MAV [Infojobs] — Ciclo Instantâneo #1
[2026-08-31 17:37:48] Comando: C:\Users\Matheus\PycharmProjects\PythonProject\.venv\Scripts\python.exe C:\Users\Matheus\PycharmProjects\PythonProject\testes_oficiais\scripts e playbook - ansible\minerador_vagas\main.py --site Infojobs
[2026-08-31 17:37:50] MAV [Infojobs] concluido com sucesso em 2.2 segundos.
[2026-08-31 17:37:50] Executando MAV [Indeed] — Ciclo Instantâneo #1
[2026-08-31 17:37:50] Comando: C:\Users\Matheus\PycharmProjects\PythonProject\.venv\Scripts\python.exe C:\Users\Matheus\PycharmProjects\PythonProject\testes_oficiais\scripts e playbook - ansible\minerador_vagas\main.py --site Indeed
[2026-08-31 17:37:53] MAV [Indeed] concluido com sucesso em 2.2 segundos.
[2026-08-31 17:37:53] Executando MAV [Catho] — Ciclo Instantâneo #1
[2026-08-31 17:37:53] Comando: C:\Users\Matheus\PycharmProjects\PythonProject\.venv\Scripts\python.exe C:\Users\Matheus\PycharmProjects\PythonProject\testes_oficiais\scripts e playbook - ansible\minerador_vagas\main.py --site Catho
[2026-08-31 17:37:55] MAV [Catho] concluido com sucesso em 2.2 segundos.
[2026-08-31 17:37:55] Ciclo instantâneo #1 finalizado com sucesso em todas as fontes.
[2026-08-31 17:37:55] Executando MAV [ApInfo] — Ciclo Instantâneo #2
[2026-08-31 17:37:55] Comando: C:\Users\Matheus\PycharmProjects\PythonProject\.venv\Scripts\python.exe C:\Users\Matheus\PycharmProjects\PythonProject\testes_oficiais\scripts e playbook - ansible\minerador_vagas\main.py --site ApInfo
[2026-08-31 17:38:02] Scheduler instantâneo encerrado manualmente pelo usuário.
[2026-08-31 17:40:56] MAV Scheduler Instantâneo iniciado.
[2026-08-31 17:40:56] Projeto: C:\Users\Matheus\PycharmProjects\PythonProject\testes_oficiais\scripts e playbook - ansible\minerador_vagas
[2026-08-31 17:40:56] Fontes ativas: ApInfo, Infojobs, Indeed, Catho
[2026-08-31 17:40:56] Log: C:\Users\Matheus\PycharmProjects\PythonProject\testes_oficiais\scripts e playbook - ansible\minerador_vagas\logs\scheduler.log
[2026-08-31 17:40:56] Executando MAV [ApInfo] — Ciclo Instantâneo #1
[2026-08-31 17:40:56] Comando: C:\Users\Matheus\PycharmProjects\PythonProject\.venv\Scripts\python.exe C:\Users\Matheus\PycharmProjects\PythonProject\testes_oficiais\scripts e playbook - ansible\minerador_vagas\main.py --site ApInfo
[2026-08-31 17:40:58] Scheduler instantâneo encerrado manualmente pelo usuário.
[2026-08-31 17:43:52] MAV Scheduler Instantâneo iniciado.
[2026-08-31 17:43:52] Projeto: C:\Users\Matheus\PycharmProjects\PythonProject\testes_oficiais\scripts e playbook - ansible\minerador_vagas
[2026-08-31 17:43:52] Fontes ativas: ApInfo, Infojobs, Indeed, Catho
[2026-08-31 17:43:52] Log: C:\Users\Matheus\PycharmProjects\PythonProject\testes_oficiais\scripts e playbook - ansible\minerador_vagas\logs\scheduler.log
[2026-08-31 17:43:52] Executando MAV [ApInfo] — Ciclo Instantâneo #1
[2026-08-31 17:43:52] Comando: C:\Users\Matheus\PycharmProjects\PythonProject\.venv\Scripts\python.exe C:\Users\Matheus\PycharmProjects\PythonProject\testes_oficiais\scripts e playbook - ansible\minerador_vagas\main.py --site ApInfo
[2026-08-31 17:44:25] MAV [ApInfo] concluido com sucesso em 32.2 segundos.
[2026-08-31 17:44:25] Executando MAV [Infojobs] — Ciclo Instantâneo #1
[2026-08-31 17:44:25] Comando: C:\Users\Matheus\PycharmProjects\PythonProject\.venv\Scripts\python.exe C:\Users\Matheus\PycharmProjects\PythonProject\testes_oficiais\scripts e playbook - ansible\minerador_vagas\main.py --site Infojobs
[2026-08-31 17:44:27] MAV [Infojobs] concluido com sucesso em 2.7 segundos.
[2026-08-31 17:44:27] Executando MAV [Indeed] — Ciclo Instantâneo #1
[2026-08-31 17:44:27] Comando: C:\Users\Matheus\PycharmProjects\PythonProject\.venv\Scripts\python.exe C:\Users\Matheus\PycharmProjects\PythonProject\testes_oficiais\scripts e playbook - ansible\minerador_vagas\main.py --site Indeed
[2026-08-31 17:44:30] MAV [Indeed] concluido com sucesso em 2.5 segundos.
[2026-08-31 17:44:30] Executando MAV [Catho] — Ciclo Instantâneo #1
[2026-08-31 17:44:30] Comando: C:\Users\Matheus\PycharmProjects\PythonProject\.venv\Scripts\python.exe C:\Users\Matheus\PycharmProjects\PythonProject\testes_oficiais\scripts e playbook - ansible\minerador_vagas\main.py --site Catho
[2026-08-31 17:44:32] MAV [Catho] concluido com sucesso em 2.4 segundos.
[2026-08-31 17:44:32] Ciclo instantâneo #1 finalizado com sucesso em todas as fontes.
[2026-08-31 17:44:32] Executando MAV [ApInfo] — Ciclo Instantâneo #2
[2026-08-31 17:44:32] Comando: C:\Users\Matheus\PycharmProjects\PythonProject\.venv\Scripts\python.exe C:\Users\Matheus\PycharmProjects\PythonProject\testes_oficiais\scripts e playbook - ansible\minerador_vagas\main.py --site ApInfo
[2026-08-31 17:44:56] Scheduler instantâneo encerrado manualmente pelo usuário.
[2026-08-31 17:52:07] MAV Scheduler Instantâneo iniciado.
[2026-08-31 17:52:07] Projeto: C:\Users\Matheus\PycharmProjects\PythonProject\testes_oficiais\scripts e playbook - ansible\minerador_vagas
[2026-08-31 17:52:07] Fontes ativas: ApInfo, Infojobs, Indeed, Catho
[2026-08-31 17:52:07] Log: C:\Users\Matheus\PycharmProjects\PythonProject\testes_oficiais\scripts e playbook - ansible\minerador_vagas\logs\scheduler.log
[2026-08-31 17:52:07] Executando MAV [ApInfo] — Ciclo Instantâneo #1
[2026-08-31 17:52:07] Comando: C:\Users\Matheus\PycharmProjects\PythonProject\.venv\Scripts\python.exe C:\Users\Matheus\PycharmProjects\PythonProject\testes_oficiais\scripts e playbook - ansible\minerador_vagas\main.py --site ApInfo
[2026-08-31 17:52:50] MAV [ApInfo] concluido com sucesso em 42.6 segundos.
[2026-08-31 17:52:50] Executando MAV [Infojobs] — Ciclo Instantâneo #1
[2026-08-31 17:52:50] Comando: C:\Users\Matheus\PycharmProjects\PythonProject\.venv\Scripts\python.exe C:\Users\Matheus\PycharmProjects\PythonProject\testes_oficiais\scripts e playbook - ansible\minerador_vagas\main.py --site Infojobs
[2026-08-31 17:52:52] MAV [Infojobs] concluido com sucesso em 2.3 segundos.
[2026-08-31 17:52:52] Executando MAV [Indeed] — Ciclo Instantâneo #1
[2026-08-31 17:52:52] Comando: C:\Users\Matheus\PycharmProjects\PythonProject\.venv\Scripts\python.exe C:\Users\Matheus\PycharmProjects\PythonProject\testes_oficiais\scripts e playbook - ansible\minerador_vagas\main.py --site Indeed
[2026-08-31 17:52:55] MAV [Indeed] concluido com sucesso em 2.2 segundos.
[2026-08-31 17:52:55] Executando MAV [Catho] — Ciclo Instantâneo #1
[2026-08-31 17:52:55] Comando: C:\Users\Matheus\PycharmProjects\PythonProject\.venv\Scripts\python.exe C:\Users\Matheus\PycharmProjects\PythonProject\testes_oficiais\scripts e playbook - ansible\minerador_vagas\main.py --site Catho
[2026-08-31 17:52:57] MAV [Catho] concluido com sucesso em 2.1 segundos.
[2026-08-31 17:52:57] Ciclo instantâneo #1 finalizado com sucesso em todas as fontes.
[2026-08-31 17:52:57] Executando MAV [ApInfo] — Ciclo Instantâneo #2
[2026-08-31 17:52:57] Comando: C:\Users\Matheus\PycharmProjects\PythonProject\.venv\Scripts\python.exe C:\Users\Matheus\PycharmProjects\PythonProject\testes_oficiais\scripts e playbook - ansible\minerador_vagas\main.py --site ApInfo
[2026-08-31 17:53:27] MAV [ApInfo] concluido com sucesso em 29.9 segundos.
[2026-08-31 17:53:27] Executando MAV [Infojobs] — Ciclo Instantâneo #2
[2026-08-31 17:53:27] Comando: C:\Users\Matheus\PycharmProjects\PythonProject\.venv\Scripts\python.exe C:\Users\Matheus\PycharmProjects\PythonProject\testes_oficiais\scripts e playbook - ansible\minerador_vagas\main.py --site Infojobs
[2026-08-31 17:53:29] MAV [Infojobs] concluido com sucesso em 2.2 segundos.
[2026-08-31 17:53:29] Executando MAV [Indeed] — Ciclo Instantâneo #2
[2026-08-31 17:53:29] Comando: C:\Users\Matheus\PycharmProjects\PythonProject\.venv\Scripts\python.exe C:\Users\Matheus\PycharmProjects\PythonProject\testes_oficiais\scripts e playbook - ansible\minerador_vagas\main.py --site Indeed
[2026-08-31 17:53:31] MAV [Indeed] concluido com sucesso em 2.4 segundos.
[2026-08-31 17:53:31] Executando MAV [Catho] — Ciclo Instantâneo #2
[2026-08-31 17:53:31] Comando: C:\Users\Matheus\PycharmProjects\PythonProject\.venv\Scripts\python.exe C:\Users\Matheus\PycharmProjects\PythonProject\testes_oficiais\scripts e playbook - ansible\minerador_vagas\main.py --site Catho
[2026-08-31 17:53:33] MAV [Catho] concluido com sucesso em 2.2 segundos.
[2026-08-31 17:53:33] Ciclo instantâneo #2 finalizado com sucesso em todas as fontes.
[2026-08-31 17:53:33] Executando MAV [ApInfo] — Ciclo Instantâneo #3
[2026-08-31 17:53:33] Comando: C:\Users\Matheus\PycharmProjects\PythonProject\.venv\Scripts\python.exe C:\Users\Matheus\PycharmProjects\PythonProject\testes_oficiais\scripts e playbook - ansible\minerador_vagas\main.py --site ApInfo
[2026-08-31 17:54:05] MAV [ApInfo] concluido com sucesso em 31.9 segundos.
[2026-08-31 17:54:05] Executando MAV [Infojobs] — Ciclo Instantâneo #3
[2026-08-31 17:54:05] Comando: C:\Users\Matheus\PycharmProjects\PythonProject\.venv\Scripts\python.exe C:\Users\Matheus\PycharmProjects\PythonProject\testes_oficiais\scripts e playbook - ansible\minerador_vagas\main.py --site Infojobs
[2026-08-31 17:54:08] MAV [Infojobs] concluido com sucesso em 2.8 segundos.
[2026-08-31 17:54:08] Executando MAV [Indeed] — Ciclo Instantâneo #3
[2026-08-31 17:54:08] Comando: C:\Users\Matheus\PycharmProjects\PythonProject\.venv\Scripts\python.exe C:\Users\Matheus\PycharmProjects\PythonProject\testes_oficiais\scripts e playbook - ansible\minerador_vagas\main.py --site Indeed
[2026-08-31 17:54:11] MAV [Indeed] concluido com sucesso em 2.3 segundos.
[2026-08-31 17:54:11] Executando MAV [Catho] — Ciclo Instantâneo #3
[2026-08-31 17:54:11] Comando: C:\Users\Matheus\PycharmProjects\PythonProject\.venv\Scripts\python.exe C:\Users\Matheus\PycharmProjects\PythonProject\testes_oficiais\scripts e playbook - ansible\minerador_vagas\main.py --site Catho
[2026-08-31 17:54:13] MAV [Catho] concluido com sucesso em 2.1 segundos.
[2026-08-31 17:54:13] Ciclo instantâneo #3 finalizado com sucesso em todas as fontes.
[2026-08-31 17:54:13] Executando MAV [ApInfo] — Ciclo Instantâneo #4
[2026-08-31 17:54:13] Comando: C:\Users\Matheus\PycharmProjects\PythonProject\.venv\Scripts\python.exe C:\Users\Matheus\PycharmProjects\PythonProject\testes_oficiais\scripts e playbook - ansible\minerador_vagas\main.py --site ApInfo
[2026-08-31 17:54:45] MAV [ApInfo] concluido com sucesso em 32.2 segundos.
[2026-08-31 17:54:45] Executando MAV [Infojobs] — Ciclo Instantâneo #4
[2026-08-31 17:54:45] Comando: C:\Users\Matheus\PycharmProjects\PythonProject\.venv\Scripts\python.exe C:\Users\Matheus\PycharmProjects\PythonProject\testes_oficiais\scripts e playbook - ansible\minerador_vagas\main.py --site Infojobs
[2026-08-31 17:54:51] Scheduler instantâneo encerrado manualmente pelo usuário.
[2026-08-31 17:54:57] MAV Scheduler Instantâneo iniciado.
[2026-08-31 17:54:57] Projeto: C:\Users\Matheus\PycharmProjects\PythonProject\testes_oficiais\scripts e playbook - ansible\minerador_vagas
[2026-08-31 17:54:57] Fontes ativas: ApInfo, Infojobs, Indeed, Catho
[2026-08-31 17:54:57] Log: C:\Users\Matheus\PycharmProjects\PythonProject\testes_oficiais\scripts e playbook - ansible\minerador_vagas\logs\scheduler.log
[2026-08-31 17:54:57] Executando MAV [ApInfo] — Ciclo Instantâneo #1
[2026-08-31 17:54:57] Comando: C:\Users\Matheus\PycharmProjects\PythonProject\.venv\Scripts\python.exe C:\Users\Matheus\PycharmProjects\PythonProject\testes_oficiais\scripts e playbook - ansible\minerador_vagas\main.py --site ApInfo
[2026-08-31 17:55:28] MAV [ApInfo] concluido com sucesso em 31.0 segundos.
[2026-08-31 17:55:28] Executando MAV [Infojobs] — Ciclo Instantâneo #1
[2026-08-31 17:55:28] Comando: C:\Users\Matheus\PycharmProjects\PythonProject\.venv\Scripts\python.exe C:\Users\Matheus\PycharmProjects\PythonProject\testes_oficiais\scripts e playbook - ansible\minerador_vagas\main.py --site Infojobs
[2026-08-31 17:55:54] MAV [Infojobs] concluido com sucesso em 25.6 segundos.
[2026-08-31 17:55:54] Executando MAV [Indeed] — Ciclo Instantâneo #1
[2026-08-31 17:55:54] Comando: C:\Users\Matheus\PycharmProjects\PythonProject\.venv\Scripts\python.exe C:\Users\Matheus\PycharmProjects\PythonProject\testes_oficiais\scripts e playbook - ansible\minerador_vagas\main.py --site Indeed
[2026-08-31 17:55:56] MAV [Indeed] concluido com sucesso em 2.3 segundos.
[2026-08-31 17:55:56] Executando MAV [Catho] — Ciclo Instantâneo #1
[2026-08-31 17:55:56] Comando: C:\Users\Matheus\PycharmProjects\PythonProject\.venv\Scripts\python.exe C:\Users\Matheus\PycharmProjects\PythonProject\testes_oficiais\scripts e playbook - ansible\minerador_vagas\main.py --site Catho
[2026-08-31 17:56:24] MAV [Catho] concluido com sucesso em 27.9 segundos.
[2026-08-31 17:56:24] Ciclo instantâneo #1 finalizado com sucesso em todas as fontes.
[2026-08-31 17:56:24] Executando MAV [ApInfo] — Ciclo Instantâneo #2
[2026-08-31 17:56:24] Comando: C:\Users\Matheus\PycharmProjects\PythonProject\.venv\Scripts\python.exe C:\Users\Matheus\PycharmProjects\PythonProject\testes_oficiais\scripts e playbook - ansible\minerador_vagas\main.py --site ApInfo
[2026-08-31 17:56:55] MAV [ApInfo] concluido com sucesso em 31.7 segundos.
[2026-08-31 17:56:55] Executando MAV [Infojobs] — Ciclo Instantâneo #2
[2026-08-31 17:56:55] Comando: C:\Users\Matheus\PycharmProjects\PythonProject\.venv\Scripts\python.exe C:\Users\Matheus\PycharmProjects\PythonProject\testes_oficiais\scripts e playbook - ansible\minerador_vagas\main.py --site Infojobs
[2026-08-31 17:57:20] MAV [Infojobs] concluido com sucesso em 25.0 segundos.
[2026-08-31 17:57:20] Executando MAV [Indeed] — Ciclo Instantâneo #2
[2026-08-31 17:57:20] Comando: C:\Users\Matheus\PycharmProjects\PythonProject\.venv\Scripts\python.exe C:\Users\Matheus\PycharmProjects\PythonProject\testes_oficiais\scripts e playbook - ansible\minerador_vagas\main.py --site Indeed
[2026-08-31 17:57:23] MAV [Indeed] concluido com sucesso em 2.2 segundos.
[2026-08-31 17:57:23] Executando MAV [Catho] — Ciclo Instantâneo #2
[2026-08-31 17:57:23] Comando: C:\Users\Matheus\PycharmProjects\PythonProject\.venv\Scripts\python.exe C:\Users\Matheus\PycharmProjects\PythonProject\testes_oficiais\scripts e playbook - ansible\minerador_vagas\main.py --site Catho
[2026-08-31 17:57:50] MAV [Catho] concluido com sucesso em 27.5 segundos.
[2026-08-31 17:57:50] Ciclo instantâneo #2 finalizado com sucesso em todas as fontes.
[2026-08-31 17:57:50] Executando MAV [ApInfo] — Ciclo Instantâneo #3
[2026-08-31 17:57:50] Comando: C:\Users\Matheus\PycharmProjects\PythonProject\.venv\Scripts\python.exe C:\Users\Matheus\PycharmProjects\PythonProject\testes_oficiais\scripts e playbook - ansible\minerador_vagas\main.py --site ApInfo
[2026-08-31 17:58:11] Scheduler instantâneo encerrado manualmente pelo usuário.
[2026-08-31 18:01:56] MAV Scheduler Instantâneo iniciado.
[2026-08-31 18:01:56] Projeto: C:\Users\Matheus\PycharmProjects\PythonProject\testes_oficiais\scripts e playbook - ansible\minerador_vagas
[2026-08-31 18:01:56] Fontes ativas: ApInfo, Infojobs, Indeed, Catho
[2026-08-31 18:01:56] Log: C:\Users\Matheus\PycharmProjects\PythonProject\testes_oficiais\scripts e playbook - ansible\minerador_vagas\logs\scheduler.log
[2026-08-31 18:01:56] Executando MAV [ApInfo] — Ciclo Instantâneo #1
[2026-08-31 18:01:56] Comando: C:\Users\Matheus\PycharmProjects\PythonProject\.venv\Scripts\python.exe C:\Users\Matheus\PycharmProjects\PythonProject\testes_oficiais\scripts e playbook - ansible\minerador_vagas\main.py --site ApInfo
[2026-08-31 18:02:28] MAV [ApInfo] concluido com sucesso em 32.4 segundos.
[2026-08-31 18:02:28] Executando MAV [Infojobs] — Ciclo Instantâneo #1
[2026-08-31 18:02:28] Comando: C:\Users\Matheus\PycharmProjects\PythonProject\.venv\Scripts\python.exe C:\Users\Matheus\PycharmProjects\PythonProject\testes_oficiais\scripts e playbook - ansible\minerador_vagas\main.py --site Infojobs
[2026-08-31 18:02:53] MAV [Infojobs] concluido com sucesso em 25.2 segundos.
[2026-08-31 18:02:53] Executando MAV [Indeed] — Ciclo Instantâneo #1
[2026-08-31 18:02:53] Comando: C:\Users\Matheus\PycharmProjects\PythonProject\.venv\Scripts\python.exe C:\Users\Matheus\PycharmProjects\PythonProject\testes_oficiais\scripts e playbook - ansible\minerador_vagas\main.py --site Indeed
[2026-08-31 18:03:22] MAV [Indeed] concluido com sucesso em 28.1 segundos.
[2026-08-31 18:03:22] Executando MAV [Catho] — Ciclo Instantâneo #1
[2026-08-31 18:03:22] Comando: C:\Users\Matheus\PycharmProjects\PythonProject\.venv\Scripts\python.exe C:\Users\Matheus\PycharmProjects\PythonProject\testes_oficiais\scripts e playbook - ansible\minerador_vagas\main.py --site Catho
[2026-08-31 18:03:49] MAV [Catho] concluido com sucesso em 27.4 segundos.
[2026-08-31 18:03:49] Ciclo instantâneo #1 finalizado com sucesso em todas as fontes.
[2026-08-31 18:03:49] Executando MAV [ApInfo] — Ciclo Instantâneo #2
[2026-08-31 18:03:49] Comando: C:\Users\Matheus\PycharmProjects\PythonProject\.venv\Scripts\python.exe C:\Users\Matheus\PycharmProjects\PythonProject\testes_oficiais\scripts e playbook - ansible\minerador_vagas\main.py --site ApInfo
[2026-08-31 18:03:54] Scheduler instantâneo encerrado manualmente pelo usuário.
[2026-08-31 18:21:54] Scheduler instantâneo encerrado manualmente pelo usuário.
[2026-08-31 18:34:28] MAV Scheduler Instantâneo iniciado.
[2026-08-31 18:34:28] Projeto: C:\Users\Matheus\PycharmProjects\PythonProject\testes_oficiais\scripts e playbook - ansible\minerador_vagas
[2026-08-31 18:34:28] Fontes ativas: ApInfo, Infojobs, Indeed, Catho
[2026-08-31 18:34:28] Log: C:\Users\Matheus\PycharmProjects\PythonProject\testes_oficiais\scripts e playbook - ansible\minerador_vagas\logs\scheduler.log
[2026-08-31 18:34:28] Executando MAV [ApInfo] — Ciclo Instantâneo #1
[2026-08-31 18:34:28] Comando: C:\Users\Matheus\AppData\Local\Programs\Python\Python312\python.exe C:\Users\Matheus\PycharmProjects\PythonProject\testes_oficiais\scripts e playbook - ansible\minerador_vagas\main.py --site ApInfo
[2026-08-31 18:34:28] MAV [ApInfo] terminou com codigo 1 apos 0.1 segundos.
[2026-08-31 18:34:28] Executando MAV [Infojobs] — Ciclo Instantâneo #1
[2026-08-31 18:34:28] Comando: C:\Users\Matheus\AppData\Local\Programs\Python\Python312\python.exe C:\Users\Matheus\PycharmProjects\PythonProject\testes_oficiais\scripts e playbook - ansible\minerador_vagas\main.py --site Infojobs
[2026-08-31 18:34:28] MAV [Infojobs] terminou com codigo 1 apos 0.1 segundos.
[2026-08-31 18:34:28] Executando MAV [Indeed] — Ciclo Instantâneo #1
[2026-08-31 18:34:28] Comando: C:\Users\Matheus\AppData\Local\Programs\Python\Python312\python.exe C:\Users\Matheus\PycharmProjects\PythonProject\testes_oficiais\scripts e playbook - ansible\minerador_vagas\main.py --site Indeed
[2026-08-31 18:34:28] MAV [Indeed] terminou com codigo 1 apos 0.1 segundos.
[2026-08-31 18:34:28] Executando MAV [Catho] — Ciclo Instantâneo #1
[2026-08-31 18:34:28] Comando: C:\Users\Matheus\AppData\Local\Programs\Python\Python312\python.exe C:\Users\Matheus\PycharmProjects\PythonProject\testes_oficiais\scripts e playbook - ansible\minerador_vagas\main.py --site Catho
[2026-08-31 18:34:29] MAV [Catho] terminou com codigo 1 apos 0.1 segundos.
[2026-08-31 18:34:29] Ciclo instantâneo #1 finalizado com algumas falhas nas fontes.
[2026-08-31 18:34:29] Executando MAV [ApInfo] — Ciclo Instantâneo #2
[2026-08-31 18:34:29] Comando: C:\Users\Matheus\AppData\Local\Programs\Python\Python312\python.exe C:\Users\Matheus\PycharmProjects\PythonProject\testes_oficiais\scripts e playbook - ansible\minerador_vagas\main.py --site ApInfo
[2026-08-31 18:34:29] MAV [ApInfo] terminou com codigo 1 apos 0.1 segundos.
[2026-08-31 18:34:29] Executando MAV [Infojobs] — Ciclo Instantâneo #2
[2026-08-31 18:34:29] Comando: C:\Users\Matheus\AppData\Local\Programs\Python\Python312\python.exe C:\Users\Matheus\PycharmProjects\PythonProject\testes_oficiais\scripts e playbook - ansible\minerador_vagas\main.py --site Infojobs
[2026-08-31 18:34:29] MAV [Infojobs] terminou com codigo 1 apos 0.1 segundos.
[2026-08-31 18:34:29] Executando MAV [Indeed] — Ciclo Instantâneo #2
[2026-08-31 18:34:29] Comando: C:\Users\Matheus\AppData\Local\Programs\Python\Python312\python.exe C:\Users\Matheus\PycharmProjects\PythonProject\testes_oficiais\scripts e playbook - ansible\minerador_vagas\main.py --site Indeed
[2026-08-31 18:34:29] MAV [Indeed] terminou com codigo 1 apos 0.1 segundos.
[2026-08-31 18:34:29] Executando MAV [Catho] — Ciclo Instantâneo #2
[2026-08-31 18:34:29] Comando: C:\Users\Matheus\AppData\Local\Programs\Python\Python312\python.exe C:\Users\Matheus\PycharmProjects\PythonProject\testes_oficiais\scripts e playbook - ansible\minerador_vagas\main.py --site Catho
[2026-08-31 18:34:29] MAV [Catho] terminou com codigo 1 apos 0.1 segundos.
[2026-08-31 18:34:29] Ciclo instantâneo #2 finalizado com algumas falhas nas fontes.
[2026-08-31 18:34:29] Executando MAV [ApInfo] — Ciclo Instantâneo #3
[2026-08-31 18:34:29] Comando: C:\Users\Matheus\AppData\Local\Programs\Python\Python312\python.exe C:\Users\Matheus\PycharmProjects\PythonProject\testes_oficiais\scripts e playbook - ansible\minerador_vagas\main.py --site ApInfo
[2026-08-31 18:34:29] MAV [ApInfo] terminou com codigo 1 apos 0.1 segundos.
[2026-08-31 18:34:29] Executando MAV [Infojobs] — Ciclo Instantâneo #3
[2026-08-31 18:34:29] Comando: C:\Users\Matheus\AppData\Local\Programs\Python\Python312\python.exe C:\Users\Matheus\PycharmProjects\PythonProject\testes_oficiais\scripts e playbook - ansible\minerador_vagas\main.py --site Infojobs
[2026-08-31 18:34:29] MAV [Infojobs] terminou com codigo 1 apos 0.1 segundos.
[2026-08-31 18:34:29] Executando MAV [Indeed] — Ciclo Instantâneo #3
[2026-08-31 18:34:29] Comando: C:\Users\Matheus\AppData\Local\Programs\Python\Python312\python.exe C:\Users\Matheus\PycharmProjects\PythonProject\testes_oficiais\scripts e playbook - ansible\minerador_vagas\main.py --site Indeed
[2026-08-31 18:34:29] MAV [Indeed] terminou com codigo 1 apos 0.1 segundos.
[2026-08-31 18:34:29] Executando MAV [Catho] — Ciclo Instantâneo #3
[2026-08-31 18:34:29] Comando: C:\Users\Matheus\AppData\Local\Programs\Python\Python312\python.exe C:\Users\Matheus\PycharmProjects\PythonProject\testes_oficiais\scripts e playbook - ansible\minerador_vagas\main.py --site Catho
[2026-08-31 18:34:29] MAV [Catho] terminou com codigo 1 apos 0.1 segundos.
[2026-08-31 18:34:29] Ciclo instantâneo #3 finalizado com algumas falhas nas fontes.
[2026-08-31 18:34:29] Executando MAV [ApInfo] — Ciclo Instantâneo #4
[2026-08-31 18:34:29] Comando: C:\Users\Matheus\AppData\Local\Programs\Python\Python312\python.exe C:\Users\Matheus\PycharmProjects\PythonProject\testes_oficiais\scripts e playbook - ansible\minerador_vagas\main.py --site ApInfo
[2026-08-31 18:34:29] MAV [ApInfo] terminou com codigo 1 apos 0.1 segundos.
[2026-08-31 18:34:29] Executando MAV [Infojobs] — Ciclo Instantâneo #4
[2026-08-31 18:34:29] Comando: C:\Users\Matheus\AppData\Local\Programs\Python\Python312\python.exe C:\Users\Matheus\PycharmProjects\PythonProject\testes_oficiais\scripts e playbook - ansible\minerador_vagas\main.py --site Infojobs
[2026-08-31 18:34:30] MAV [Infojobs] terminou com codigo 1 apos 0.1 segundos.
[2026-08-31 18:34:30] Executando MAV [Indeed] — Ciclo Instantâneo #4
[2026-08-31 18:34:30] Comando: C:\Users\Matheus\AppData\Local\Programs\Python\Python312\python.exe C:\Users\Matheus\PycharmProjects\PythonProject\testes_oficiais\scripts e playbook - ansible\minerador_vagas\main.py --site Indeed
[2026-08-31 18:34:30] MAV [Indeed] terminou com codigo 1 apos 0.1 segundos.
[2026-08-31 18:34:30] Executando MAV [Catho] — Ciclo Instantâneo #4
[2026-08-31 18:34:30] Comando: C:\Users\Matheus\AppData\Local\Programs\Python\Python312\python.exe C:\Users\Matheus\PycharmProjects\PythonProject\testes_oficiais\scripts e playbook - ansible\minerador_vagas\main.py --site Catho
[2026-08-31 18:34:30] MAV [Catho] terminou com codigo 1 apos 0.1 segundos.
[2026-08-31 18:34:30] Ciclo instantâneo #4 finalizado com algumas falhas nas fontes.
[2026-08-31 18:34:30] Executando MAV [ApInfo] — Ciclo Instantâneo #5
[2026-08-31 18:34:30] Comando: C:\Users\Matheus\AppData\Local\Programs\Python\Python312\python.exe C:\Users\Matheus\PycharmProjects\PythonProject\testes_oficiais\scripts e playbook - ansible\minerador_vagas\main.py --site ApInfo
[2026-08-31 18:34:30] MAV [ApInfo] terminou com codigo 1 apos 0.1 segundos.
[2026-08-31 18:34:30] Executando MAV [Infojobs] — Ciclo Instantâneo #5
[2026-08-31 18:34:30] Comando: C:\Users\Matheus\AppData\Local\Programs\Python\Python312\python.exe C:\Users\Matheus\PycharmProjects\PythonProject\testes_oficiais\scripts e playbook - ansible\minerador_vagas\main.py --site Infojobs
[2026-08-31 18:34:30] MAV [Infojobs] terminou com codigo 1 apos 0.1 segundos.
[2026-08-31 18:34:30] Executando MAV [Indeed] — Ciclo Instantâneo #5
[2026-08-31 18:34:30] Comando: C:\Users\Matheus\AppData\Local\Programs\Python\Python312\python.exe C:\Users\Matheus\PycharmProjects\PythonProject\testes_oficiais\scripts e playbook - ansible\minerador_vagas\main.py --site Indeed
[2026-08-31 18:34:30] MAV [Indeed] terminou com codigo 1 apos 0.1 segundos.
[2026-08-31 18:34:30] Executando MAV [Catho] — Ciclo Instantâneo #5
[2026-08-31 18:34:30] Comando: C:\Users\Matheus\AppData\Local\Programs\Python\Python312\python.exe C:\Users\Matheus\PycharmProjects\PythonProject\testes_oficiais\scripts e playbook - ansible\minerador_vagas\main.py --site Catho
[2026-08-31 18:34:30] MAV [Catho] terminou com codigo 1 apos 0.1 segundos.
[2026-08-31 18:34:30] Ciclo instantâneo #5 finalizado com algumas falhas nas fontes.
[2026-08-31 18:34:30] Executando MAV [ApInfo] — Ciclo Instantâneo #6
[2026-08-31 18:34:30] Comando: C:\Users\Matheus\AppData\Local\Programs\Python\Python312\python.exe C:\Users\Matheus\PycharmProjects\PythonProject\testes_oficiais\scripts e playbook - ansible\minerador_vagas\main.py --site ApInfo
[2026-08-31 18:34:30] MAV [ApInfo] terminou com codigo 1 apos 0.1 segundos.
[2026-08-31 18:34:30] Executando MAV [Infojobs] — Ciclo Instantâneo #6
[2026-08-31 18:34:30] Comando: C:\Users\Matheus\AppData\Local\Programs\Python\Python312\python.exe C:\Users\Matheus\PycharmProjects\PythonProject\testes_oficiais\scripts e playbook - ansible\minerador_vagas\main.py --site Infojobs
[2026-08-31 18:34:30] MAV [Infojobs] terminou com codigo 1 apos 0.1 segundos.
[2026-08-31 18:34:30] Executando MAV [Indeed] — Ciclo Instantâneo #6
[2026-08-31 18:34:30] Comando: C:\Users\Matheus\AppData\Local\Programs\Python\Python312\python.exe C:\Users\Matheus\PycharmProjects\PythonProject\testes_oficiais\scripts e playbook - ansible\minerador_vagas\main.py --site Indeed
[2026-08-31 18:34:31] MAV [Indeed] terminou com codigo 1 apos 0.1 segundos.
[2026-08-31 18:34:31] Executando MAV [Catho] — Ciclo Instantâneo #6
[2026-08-31 18:34:31] Comando: C:\Users\Matheus\AppData\Local\Programs\Python\Python312\python.exe C:\Users\Matheus\PycharmProjects\PythonProject\testes_oficiais\scripts e playbook - ansible\minerador_vagas\main.py --site Catho
[2026-08-31 18:34:31] MAV [Catho] terminou com codigo 1 apos 0.1 segundos.
[2026-08-31 18:34:31] Ciclo instantâneo #6 finalizado com algumas falhas nas fontes.
[2026-08-31 18:34:31] Executando MAV [ApInfo] — Ciclo Instantâneo #7
[2026-08-31 18:34:31] Comando: C:\Users\Matheus\AppData\Local\Programs\Python\Python312\python.exe C:\Users\Matheus\PycharmProjects\PythonProject\testes_oficiais\scripts e playbook - ansible\minerador_vagas\main.py --site ApInfo
[2026-08-31 18:34:31] MAV [ApInfo] terminou com codigo 1 apos 0.1 segundos.
[2026-08-31 18:34:31] Executando MAV [Infojobs] — Ciclo Instantâneo #7
[2026-08-31 18:34:31] Comando: C:\Users\Matheus\AppData\Local\Programs\Python\Python312\python.exe C:\Users\Matheus\PycharmProjects\PythonProject\testes_oficiais\scripts e playbook - ansible\minerador_vagas\main.py --site Infojobs
[2026-08-31 18:34:31] MAV [Infojobs] terminou com codigo 1 apos 0.1 segundos.
[2026-08-31 18:34:31] Executando MAV [Indeed] — Ciclo Instantâneo #7
[2026-08-31 18:34:31] Comando: C:\Users\Matheus\AppData\Local\Programs\Python\Python312\python.exe C:\Users\Matheus\PycharmProjects\PythonProject\testes_oficiais\scripts e playbook - ansible\minerador_vagas\main.py --site Indeed
[2026-08-31 18:34:31] MAV [Indeed] terminou com codigo 1 apos 0.1 segundos.
[2026-08-31 18:34:31] Executando MAV [Catho] — Ciclo Instantâneo #7
[2026-08-31 18:34:31] Comando: C:\Users\Matheus\AppData\Local\Programs\Python\Python312\python.exe C:\Users\Matheus\PycharmProjects\PythonProject\testes_oficiais\scripts e playbook - ansible\minerador_vagas\main.py --site Catho
[2026-08-31 18:34:31] MAV [Catho] terminou com codigo 1 apos 0.1 segundos.
[2026-08-31 18:34:31] Ciclo instantâneo #7 finalizado com algumas falhas nas fontes.
[2026-08-31 18:34:31] Executando MAV [ApInfo] — Ciclo Instantâneo #8
[2026-08-31 18:34:31] Comando: C:\Users\Matheus\AppData\Local\Programs\Python\Python312\python.exe C:\Users\Matheus\PycharmProjects\PythonProject\testes_oficiais\scripts e playbook - ansible\minerador_vagas\main.py --site ApInfo
[2026-08-31 18:34:31] MAV [ApInfo] terminou com codigo 1 apos 0.1 segundos.
[2026-08-31 18:34:31] Executando MAV [Infojobs] — Ciclo Instantâneo #8
[2026-08-31 18:34:31] Comando: C:\Users\Matheus\AppData\Local\Programs\Python\Python312\python.exe C:\Users\Matheus\PycharmProjects\PythonProject\testes_oficiais\scripts e playbook - ansible\minerador_vagas\main.py --site Infojobs
[2026-08-31 18:34:31] MAV [Infojobs] terminou com codigo 1 apos 0.1 segundos.
[2026-08-31 18:34:31] Executando MAV [Indeed] — Ciclo Instantâneo #8
[2026-08-31 18:34:31] Comando: C:\Users\Matheus\AppData\Local\Programs\Python\Python312\python.exe C:\Users\Matheus\PycharmProjects\PythonProject\testes_oficiais\scripts e playbook - ansible\minerador_vagas\main.py --site Indeed
[2026-08-31 18:34:31] MAV [Indeed] terminou com codigo 1 apos 0.1 segundos.
[2026-08-31 18:34:31] Executando MAV [Catho] — Ciclo Instantâneo #8
[2026-08-31 18:34:31] Comando: C:\Users\Matheus\AppData\Local\Programs\Python\Python312\python.exe C:\Users\Matheus\PycharmProjects\PythonProject\testes_oficiais\scripts e playbook - ansible\minerador_vagas\main.py --site Catho
[2026-08-31 18:34:31] MAV [Catho] terminou com codigo 1 apos 0.1 segundos.
[2026-08-31 18:34:31] Ciclo instantâneo #8 finalizado com algumas falhas nas fontes.
[2026-08-31 18:34:31] Executando MAV [ApInfo] — Ciclo Instantâneo #9
[2026-08-31 18:34:31] Comando: C:\Users\Matheus\AppData\Local\Programs\Python\Python312\python.exe C:\Users\Matheus\PycharmProjects\PythonProject\testes_oficiais\scripts e playbook - ansible\minerador_vagas\main.py --site ApInfo
[2026-08-31 18:34:32] MAV [ApInfo] terminou com codigo 1 apos 0.1 segundos.
[2026-08-31 18:34:32] Executando MAV [Infojobs] — Ciclo Instantâneo #9
[2026-08-31 18:34:32] Comando: C:\Users\Matheus\AppData\Local\Programs\Python\Python312\python.exe C:\Users\Matheus\PycharmProjects\PythonProject\testes_oficiais\scripts e playbook - ansible\minerador_vagas\main.py --site Infojobs
[2026-08-31 18:34:32] MAV [Infojobs] terminou com codigo 1 apos 0.1 segundos.
[2026-08-31 18:34:32] Executando MAV [Indeed] — Ciclo Instantâneo #9
[2026-08-31 18:34:32] Comando: C:\Users\Matheus\AppData\Local\Programs\Python\Python312\python.exe C:\Users\Matheus\PycharmProjects\PythonProject\testes_oficiais\scripts e playbook - ansible\minerador_vagas\main.py --site Indeed
[2026-08-31 18:34:32] MAV [Indeed] terminou com codigo 1 apos 0.1 segundos.
[2026-08-31 18:34:32] Executando MAV [Catho] — Ciclo Instantâneo #9
[2026-08-31 18:34:32] Comando: C:\Users\Matheus\AppData\Local\Programs\Python\Python312\python.exe C:\Users\Matheus\PycharmProjects\PythonProject\testes_oficiais\scripts e playbook - ansible\minerador_vagas\main.py --site Catho
[2026-08-31 18:34:32] MAV [Catho] terminou com codigo 1 apos 0.1 segundos.
[2026-08-31 18:34:32] Ciclo instantâneo #9 finalizado com algumas falhas nas fontes.
[2026-08-31 18:34:32] Executando MAV [ApInfo] — Ciclo Instantâneo #10
[2026-08-31 18:34:32] Comando: C:\Users\Matheus\AppData\Local\Programs\Python\Python312\python.exe C:\Users\Matheus\PycharmProjects\PythonProject\testes_oficiais\scripts e playbook - ansible\minerador_vagas\main.py --site ApInfo
[2026-08-31 18:34:32] MAV [ApInfo] terminou com codigo 1 apos 0.1 segundos.
[2026-08-31 18:34:32] Executando MAV [Infojobs] — Ciclo Instantâneo #10
[2026-08-31 18:34:32] Comando: C:\Users\Matheus\AppData\Local\Programs\Python\Python312\python.exe C:\Users\Matheus\PycharmProjects\PythonProject\testes_oficiais\scripts e playbook - ansible\minerador_vagas\main.py --site Infojobs
[2026-08-31 18:34:32] MAV [Infojobs] terminou com codigo 1 apos 0.1 segundos.
[2026-08-31 18:34:32] Executando MAV [Indeed] — Ciclo Instantâneo #10
[2026-08-31 18:34:32] Comando: C:\Users\Matheus\AppData\Local\Programs\Python\Python312\python.exe C:\Users\Matheus\PycharmProjects\PythonProject\testes_oficiais\scripts e playbook - ansible\minerador_vagas\main.py --site Indeed
[2026-08-31 18:34:32] MAV [Indeed] terminou com codigo 1 apos 0.1 segundos.
[2026-08-31 18:34:32] Executando MAV [Catho] — Ciclo Instantâneo #10
[2026-08-31 18:34:32] Comando: C:\Users\Matheus\AppData\Local\Programs\Python\Python312\python.exe C:\Users\Matheus\PycharmProjects\PythonProject\testes_oficiais\scripts e playbook - ansible\minerador_vagas\main.py --site Catho
[2026-08-31 18:34:32] MAV [Catho] terminou com codigo 1 apos 0.1 segundos.
[2026-08-31 18:34:32] Ciclo instantâneo #10 finalizado com algumas falhas nas fontes.
[2026-08-31 18:34:32] Executando MAV [ApInfo] — Ciclo Instantâneo #11
[2026-08-31 18:34:32] Comando: C:\Users\Matheus\AppData\Local\Programs\Python\Python312\python.exe C:\Users\Matheus\PycharmProjects\PythonProject\testes_oficiais\scripts e playbook - ansible\minerador_vagas\main.py --site ApInfo
[2026-08-31 18:34:32] MAV [ApInfo] terminou com codigo 1 apos 0.1 segundos.
[2026-08-31 18:34:32] Executando MAV [Infojobs] — Ciclo Instantâneo #11
[2026-08-31 18:34:32] Comando: C:\Users\Matheus\AppData\Local\Programs\Python\Python312\python.exe C:\Users\Matheus\PycharmProjects\PythonProject\testes_oficiais\scripts e playbook - ansible\minerador_vagas\main.py --site Infojobs
[2026-08-31 18:34:32] MAV [Infojobs] terminou com codigo 1 apos 0.1 segundos.
[2026-08-31 18:34:32] Executando MAV [Indeed] — Ciclo Instantâneo #11
[2026-08-31 18:34:32] Comando: C:\Users\Matheus\AppData\Local\Programs\Python\Python312\python.exe C:\Users\Matheus\PycharmProjects\PythonProject\testes_oficiais\scripts e playbook - ansible\minerador_vagas\main.py --site Indeed
[2026-08-31 18:34:33] MAV [Indeed] terminou com codigo 1 apos 0.1 segundos.
[2026-08-31 18:34:33] Executando MAV [Catho] — Ciclo Instantâneo #11
[2026-08-31 18:34:33] Comando: C:\Users\Matheus\AppData\Local\Programs\Python\Python312\python.exe C:\Users\Matheus\PycharmProjects\PythonProject\testes_oficiais\scripts e playbook - ansible\minerador_vagas\main.py --site Catho
[2026-08-31 18:34:33] MAV [Catho] terminou com codigo 1 apos 0.1 segundos.
[2026-08-31 18:34:33] Ciclo instantâneo #11 finalizado com algumas falhas nas fontes.
[2026-08-31 18:34:33] Executando MAV [ApInfo] — Ciclo Instantâneo #12
[2026-08-31 18:34:33] Comando: C:\Users\Matheus\AppData\Local\Programs\Python\Python312\python.exe C:\Users\Matheus\PycharmProjects\PythonProject\testes_oficiais\scripts e playbook - ansible\minerador_vagas\main.py --site ApInfo
[2026-08-31 18:34:33] MAV [ApInfo] terminou com codigo 1 apos 0.1 segundos.
[2026-08-31 18:34:33] Executando MAV [Infojobs] — Ciclo Instantâneo #12
[2026-08-31 18:34:33] Comando: C:\Users\Matheus\AppData\Local\Programs\Python\Python312\python.exe C:\Users\Matheus\PycharmProjects\PythonProject\testes_oficiais\scripts e playbook - ansible\minerador_vagas\main.py --site Infojobs
[2026-08-31 18:34:33] MAV [Infojobs] terminou com codigo 1 apos 0.1 segundos.
[2026-08-31 18:34:33] Executando MAV [Indeed] — Ciclo Instantâneo #12
[2026-08-31 18:34:33] Comando: C:\Users\Matheus\AppData\Local\Programs\Python\Python312\python.exe C:\Users\Matheus\PycharmProjects\PythonProject\testes_oficiais\scripts e playbook - ansible\minerador_vagas\main.py --site Indeed
[2026-08-31 18:34:33] Scheduler instantâneo encerrado manualmente pelo usuário.
[2026-08-31 18:35:59] MAV Scheduler Instantâneo iniciado.
[2026-08-31 18:35:59] Projeto: C:\Users\Matheus\PycharmProjects\PythonProject\testes_oficiais\scripts e playbook - ansible\minerador_vagas
[2026-08-31 18:35:59] Fontes ativas: ApInfo, Infojobs, Indeed, Catho
[2026-08-31 18:35:59] Log: C:\Users\Matheus\PycharmProjects\PythonProject\testes_oficiais\scripts e playbook - ansible\minerador_vagas\logs\scheduler.log
[2026-08-31 18:35:59] Executando MAV [ApInfo] — Ciclo Instantâneo #1
[2026-08-31 18:35:59] Comando: C:\Users\Matheus\PycharmProjects\PythonProject\.venv\Scripts\python.exe C:\Users\Matheus\PycharmProjects\PythonProject\testes_oficiais\scripts e playbook - ansible\minerador_vagas\main.py --site ApInfo
[2026-08-31 18:36:54] MAV [ApInfo] concluido com sucesso em 55.2 segundos.
[2026-08-31 18:36:54] Executando MAV [Infojobs] — Ciclo Instantâneo #1
[2026-08-31 18:36:54] Comando: C:\Users\Matheus\PycharmProjects\PythonProject\.venv\Scripts\python.exe C:\Users\Matheus\PycharmProjects\PythonProject\testes_oficiais\scripts e playbook - ansible\minerador_vagas\main.py --site Infojobs
[2026-08-31 18:36:55] MAV [Infojobs] terminou com codigo 1 apos 1.3 segundos.
[2026-08-31 18:36:55] Executando MAV [Indeed] — Ciclo Instantâneo #1
[2026-08-31 18:36:55] Comando: C:\Users\Matheus\PycharmProjects\PythonProject\.venv\Scripts\python.exe C:\Users\Matheus\PycharmProjects\PythonProject\testes_oficiais\scripts e playbook - ansible\minerador_vagas\main.py --site Indeed
[2026-08-31 18:36:56] MAV [Indeed] terminou com codigo 1 apos 1.2 segundos.
[2026-08-31 18:36:56] Executando MAV [Catho] — Ciclo Instantâneo #1
[2026-08-31 18:36:56] Comando: C:\Users\Matheus\PycharmProjects\PythonProject\.venv\Scripts\python.exe C:\Users\Matheus\PycharmProjects\PythonProject\testes_oficiais\scripts e playbook - ansible\minerador_vagas\main.py --site Catho
[2026-08-31 18:36:58] MAV [Catho] terminou com codigo 1 apos 1.2 segundos.
[2026-08-31 18:36:58] Ciclo instantâneo #1 finalizado com algumas falhas nas fontes.
[2026-08-31 18:36:58] Executando MAV [ApInfo] — Ciclo Instantâneo #2
[2026-08-31 18:36:58] Comando: C:\Users\Matheus\PycharmProjects\PythonProject\.venv\Scripts\python.exe C:\Users\Matheus\PycharmProjects\PythonProject\testes_oficiais\scripts e playbook - ansible\minerador_vagas\main.py --site ApInfo
[2026-08-31 18:37:45] MAV [ApInfo] concluido com sucesso em 48.0 segundos.
[2026-08-31 18:37:46] Executando MAV [Infojobs] — Ciclo Instantâneo #2
[2026-08-31 18:37:46] Comando: C:\Users\Matheus\PycharmProjects\PythonProject\.venv\Scripts\python.exe C:\Users\Matheus\PycharmProjects\PythonProject\testes_oficiais\scripts e playbook - ansible\minerador_vagas\main.py --site Infojobs
[2026-08-31 18:37:47] MAV [Infojobs] terminou com codigo 1 apos 1.3 segundos.
[2026-08-31 18:37:47] Executando MAV [Indeed] — Ciclo Instantâneo #2
[2026-08-31 18:37:47] Comando: C:\Users\Matheus\PycharmProjects\PythonProject\.venv\Scripts\python.exe C:\Users\Matheus\PycharmProjects\PythonProject\testes_oficiais\scripts e playbook - ansible\minerador_vagas\main.py --site Indeed
[2026-08-31 18:37:48] MAV [Indeed] terminou com codigo 1 apos 1.2 segundos.
[2026-08-31 18:37:48] Executando MAV [Catho] — Ciclo Instantâneo #2
[2026-08-31 18:37:48] Comando: C:\Users\Matheus\PycharmProjects\PythonProject\.venv\Scripts\python.exe C:\Users\Matheus\PycharmProjects\PythonProject\testes_oficiais\scripts e playbook - ansible\minerador_vagas\main.py --site Catho
[2026-08-31 18:37:49] MAV [Catho] terminou com codigo 1 apos 1.3 segundos.
[2026-08-31 18:37:49] Ciclo instantâneo #2 finalizado com algumas falhas nas fontes.
[2026-08-31 18:37:49] Executando MAV [ApInfo] — Ciclo Instantâneo #3
[2026-08-31 18:37:49] Comando: C:\Users\Matheus\PycharmProjects\PythonProject\.venv\Scripts\python.exe C:\Users\Matheus\PycharmProjects\PythonProject\testes_oficiais\scripts e playbook - ansible\minerador_vagas\main.py --site ApInfo
[2026-08-31 18:38:45] MAV [ApInfo] concluido com sucesso em 55.9 segundos.
[2026-08-31 18:38:45] Executando MAV [Infojobs] — Ciclo Instantâneo #3
[2026-08-31 18:38:45] Comando: C:\Users\Matheus\PycharmProjects\PythonProject\.venv\Scripts\python.exe C:\Users\Matheus\PycharmProjects\PythonProject\testes_oficiais\scripts e playbook - ansible\minerador_vagas\main.py --site Infojobs
[2026-08-31 18:38:46] MAV [Infojobs] terminou com codigo 1 apos 1.2 segundos.
[2026-08-31 18:38:46] Executando MAV [Indeed] — Ciclo Instantâneo #3
[2026-08-31 18:38:46] Comando: C:\Users\Matheus\PycharmProjects\PythonProject\.venv\Scripts\python.exe C:\Users\Matheus\PycharmProjects\PythonProject\testes_oficiais\scripts e playbook - ansible\minerador_vagas\main.py --site Indeed
[2026-08-31 18:38:48] MAV [Indeed] terminou com codigo 1 apos 1.2 segundos.
[2026-08-31 18:38:48] Executando MAV [Catho] — Ciclo Instantâneo #3
[2026-08-31 18:38:48] Comando: C:\Users\Matheus\PycharmProjects\PythonProject\.venv\Scripts\python.exe C:\Users\Matheus\PycharmProjects\PythonProject\testes_oficiais\scripts e playbook - ansible\minerador_vagas\main.py --site Catho
[2026-08-31 18:38:49] MAV [Catho] terminou com codigo 1 apos 1.2 segundos.
[2026-08-31 18:38:49] Ciclo instantâneo #3 finalizado com algumas falhas nas fontes.
[2026-08-31 18:38:49] Executando MAV [ApInfo] — Ciclo Instantâneo #4
[2026-08-31 18:38:49] Comando: C:\Users\Matheus\PycharmProjects\PythonProject\.venv\Scripts\python.exe C:\Users\Matheus\PycharmProjects\PythonProject\testes_oficiais\scripts e playbook - ansible\minerador_vagas\main.py --site ApInfo
[2026-08-31 18:39:36] MAV [ApInfo] concluido com sucesso em 47.6 segundos.
[2026-08-31 18:39:36] Executando MAV [Infojobs] — Ciclo Instantâneo #4
[2026-08-31 18:39:36] Comando: C:\Users\Matheus\PycharmProjects\PythonProject\.venv\Scripts\python.exe C:\Users\Matheus\PycharmProjects\PythonProject\testes_oficiais\scripts e playbook - ansible\minerador_vagas\main.py --site Infojobs
[2026-08-31 18:39:38] MAV [Infojobs] terminou com codigo 1 apos 1.3 segundos.
[2026-08-31 18:39:38] Executando MAV [Indeed] — Ciclo Instantâneo #4
[2026-08-31 18:39:38] Comando: C:\Users\Matheus\PycharmProjects\PythonProject\.venv\Scripts\python.exe C:\Users\Matheus\PycharmProjects\PythonProject\testes_oficiais\scripts e playbook - ansible\minerador_vagas\main.py --site Indeed
[2026-08-31 18:39:39] MAV [Indeed] terminou com codigo 1 apos 1.3 segundos.
[2026-08-31 18:39:39] Executando MAV [Catho] — Ciclo Instantâneo #4
[2026-08-31 18:39:39] Comando: C:\Users\Matheus\PycharmProjects\PythonProject\.venv\Scripts\python.exe C:\Users\Matheus\PycharmProjects\PythonProject\testes_oficiais\scripts e playbook - ansible\minerador_vagas\main.py --site Catho
[2026-08-31 18:39:40] MAV [Catho] terminou com codigo 1 apos 1.3 segundos.
[2026-08-31 18:39:40] Ciclo instantâneo #4 finalizado com algumas falhas nas fontes.
[2026-08-31 18:39:40] Executando MAV [ApInfo] — Ciclo Instantâneo #5
[2026-08-31 18:39:40] Comando: C:\Users\Matheus\PycharmProjects\PythonProject\.venv\Scripts\python.exe C:\Users\Matheus\PycharmProjects\PythonProject\testes_oficiais\scripts e playbook - ansible\minerador_vagas\main.py --site ApInfo
[2026-08-31 18:40:30] MAV [ApInfo] concluido com sucesso em 50.0 segundos.
[2026-08-31 18:40:30] Executando MAV [Infojobs] — Ciclo Instantâneo #5
[2026-08-31 18:40:30] Comando: C:\Users\Matheus\PycharmProjects\PythonProject\.venv\Scripts\python.exe C:\Users\Matheus\PycharmProjects\PythonProject\testes_oficiais\scripts e playbook - ansible\minerador_vagas\main.py --site Infojobs
[2026-08-31 18:40:31] MAV [Infojobs] terminou com codigo 1 apos 1.2 segundos.
[2026-08-31 18:40:31] Executando MAV [Indeed] — Ciclo Instantâneo #5
[2026-08-31 18:40:31] Comando: C:\Users\Matheus\PycharmProjects\PythonProject\.venv\Scripts\python.exe C:\Users\Matheus\PycharmProjects\PythonProject\testes_oficiais\scripts e playbook - ansible\minerador_vagas\main.py --site Indeed
[2026-08-31 18:40:33] MAV [Indeed] terminou com codigo 1 apos 1.2 segundos.
[2026-08-31 18:40:33] Executando MAV [Catho] — Ciclo Instantâneo #5
[2026-08-31 18:40:33] Comando: C:\Users\Matheus\PycharmProjects\PythonProject\.venv\Scripts\python.exe C:\Users\Matheus\PycharmProjects\PythonProject\testes_oficiais\scripts e playbook - ansible\minerador_vagas\main.py --site Catho
[2026-08-31 18:40:34] MAV [Catho] terminou com codigo 1 apos 1.2 segundos.
[2026-08-31 18:40:34] Ciclo instantâneo #5 finalizado com algumas falhas nas fontes.
[2026-08-31 18:40:34] Executando MAV [ApInfo] — Ciclo Instantâneo #6
[2026-08-31 18:40:34] Comando: C:\Users\Matheus\PycharmProjects\PythonProject\.venv\Scripts\python.exe C:\Users\Matheus\PycharmProjects\PythonProject\testes_oficiais\scripts e playbook - ansible\minerador_vagas\main.py --site ApInfo
[2026-08-31 18:41:07] Scheduler instantâneo encerrado manualmente pelo usuário.
[2026-08-31 18:55:46] MAV Scheduler Instantâneo iniciado.
[2026-08-31 18:55:46] Projeto: C:\Users\Matheus\PycharmProjects\PythonProject\testes_oficiais\scripts e playbook - ansible\minerador_vagas
[2026-08-31 18:55:46] Fontes ativas: ApInfo
[2026-08-31 18:55:46] Log: C:\Users\Matheus\PycharmProjects\PythonProject\testes_oficiais\scripts e playbook - ansible\minerador_vagas\logs\scheduler.log
[2026-08-31 18:55:46] Executando MAV [ApInfo] — Ciclo Instantâneo #1
[2026-08-31 18:55:46] Comando: C:\Users\Matheus\PycharmProjects\PythonProject\.venv\Scripts\python.exe C:\Users\Matheus\PycharmProjects\PythonProject\testes_oficiais\scripts e playbook - ansible\minerador_vagas\main.py --site ApInfo
[2026-08-31 18:56:49] MAV [ApInfo] concluido com sucesso em 63.1 segundos.
[2026-08-31 18:56:49] Ciclo instantâneo #1 finalizado com sucesso em todas as fontes.
[2026-08-31 18:56:49] Executando MAV [ApInfo] — Ciclo Instantâneo #2
[2026-08-31 18:56:49] Comando: C:\Users\Matheus\PycharmProjects\PythonProject\.venv\Scripts\python.exe C:\Users\Matheus\PycharmProjects\PythonProject\testes_oficiais\scripts e playbook - ansible\minerador_vagas\main.py --site ApInfo
[2026-08-31 18:57:37] MAV [ApInfo] concluido com sucesso em 48.2 segundos.
[2026-08-31 18:57:37] Ciclo instantâneo #2 finalizado com sucesso em todas as fontes.
[2026-08-31 18:57:37] Executando MAV [ApInfo] — Ciclo Instantâneo #3
[2026-08-31 18:57:37] Comando: C:\Users\Matheus\PycharmProjects\PythonProject\.venv\Scripts\python.exe C:\Users\Matheus\PycharmProjects\PythonProject\testes_oficiais\scripts e playbook - ansible\minerador_vagas\main.py --site ApInfo
[2026-08-31 18:58:27] MAV [ApInfo] concluido com sucesso em 49.3 segundos.
[2026-08-31 18:58:27] Ciclo instantâneo #3 finalizado com sucesso em todas as fontes.
[2026-08-31 18:58:27] Executando MAV [ApInfo] — Ciclo Instantâneo #4
[2026-08-31 18:58:27] Comando: C:\Users\Matheus\PycharmProjects\PythonProject\.venv\Scripts\python.exe C:\Users\Matheus\PycharmProjects\PythonProject\testes_oficiais\scripts e playbook - ansible\minerador_vagas\main.py --site ApInfo
[2026-08-31 18:59:17] MAV [ApInfo] concluido com sucesso em 50.1 segundos.
[2026-08-31 18:59:17] Ciclo instantâneo #4 finalizado com sucesso em todas as fontes.
[2026-08-31 18:59:17] Executando MAV [ApInfo] — Ciclo Instantâneo #5
[2026-08-31 18:59:17] Comando: C:\Users\Matheus\PycharmProjects\PythonProject\.venv\Scripts\python.exe C:\Users\Matheus\PycharmProjects\PythonProject\testes_oficiais\scripts e playbook - ansible\minerador_vagas\main.py --site ApInfo
[2026-08-31 19:00:03] MAV [ApInfo] concluido com sucesso em 45.9 segundos.
[2026-08-31 19:00:03] Ciclo instantâneo #5 finalizado com sucesso em todas as fontes.
[2026-08-31 19:00:03] Executando MAV [ApInfo] — Ciclo Instantâneo #6
[2026-08-31 19:00:03] Comando: C:\Users\Matheus\PycharmProjects\PythonProject\.venv\Scripts\python.exe C:\Users\Matheus\PycharmProjects\PythonProject\testes_oficiais\scripts e playbook - ansible\minerador_vagas\main.py --site ApInfo
[2026-08-31 19:00:51] MAV [ApInfo] concluido com sucesso em 48.1 segundos.
[2026-08-31 19:00:51] Ciclo instantâneo #6 finalizado com sucesso em todas as fontes.
[2026-08-31 19:00:51] Executando MAV [ApInfo] — Ciclo Instantâneo #7
[2026-08-31 19:00:51] Comando: C:\Users\Matheus\PycharmProjects\PythonProject\.venv\Scripts\python.exe C:\Users\Matheus\PycharmProjects\PythonProject\testes_oficiais\scripts e playbook - ansible\minerador_vagas\main.py --site ApInfo
[2026-08-31 19:01:38] MAV [ApInfo] concluido com sucesso em 46.7 segundos.
[2026-08-31 19:01:38] Ciclo instantâneo #7 finalizado com sucesso em todas as fontes.
[2026-08-31 19:01:38] Executando MAV [ApInfo] — Ciclo Instantâneo #8
[2026-08-31 19:01:38] Comando: C:\Users\Matheus\PycharmProjects\PythonProject\.venv\Scripts\python.exe C:\Users\Matheus\PycharmProjects\PythonProject\testes_oficiais\scripts e playbook - ansible\minerador_vagas\main.py --site ApInfo
[2026-08-31 19:02:28] MAV [ApInfo] concluido com sucesso em 50.2 segundos.
[2026-08-31 19:02:28] Ciclo instantâneo #8 finalizado com sucesso em todas as fontes.
[2026-08-31 19:02:28] Executando MAV [ApInfo] — Ciclo Instantâneo #9
[2026-08-31 19:02:28] Comando: C:\Users\Matheus\PycharmProjects\PythonProject\.venv\Scripts\python.exe C:\Users\Matheus\PycharmProjects\PythonProject\testes_oficiais\scripts e playbook - ansible\minerador_vagas\main.py --site ApInfo
[2026-08-31 19:03:15] MAV [ApInfo] concluido com sucesso em 47.2 segundos.
[2026-08-31 19:03:15] Ciclo instantâneo #9 finalizado com sucesso em todas as fontes.
[2026-08-31 19:03:15] Executando MAV [ApInfo] — Ciclo Instantâneo #10
[2026-08-31 19:03:15] Comando: C:\Users\Matheus\PycharmProjects\PythonProject\.venv\Scripts\python.exe C:\Users\Matheus\PycharmProjects\PythonProject\testes_oficiais\scripts e playbook - ansible\minerador_vagas\main.py --site ApInfo
[2026-08-31 19:04:02] MAV [ApInfo] concluido com sucesso em 47.3 segundos.
[2026-08-31 19:04:02] Ciclo instantâneo #10 finalizado com sucesso em todas as fontes.
[2026-08-31 19:04:02] Executando MAV [ApInfo] — Ciclo Instantâneo #11
[2026-08-31 19:04:02] Comando: C:\Users\Matheus\PycharmProjects\PythonProject\.venv\Scripts\python.exe C:\Users\Matheus\PycharmProjects\PythonProject\testes_oficiais\scripts e playbook - ansible\minerador_vagas\main.py --site ApInfo
[2026-08-31 19:05:01] MAV [ApInfo] concluido com sucesso em 59.1 segundos.
[2026-08-31 19:05:01] Ciclo instantâneo #11 finalizado com sucesso em todas as fontes.
[2026-08-31 19:05:01] Executando MAV [ApInfo] — Ciclo Instantâneo #12
[2026-08-31 19:05:01] Comando: C:\Users\Matheus\PycharmProjects\PythonProject\.venv\Scripts\python.exe C:\Users\Matheus\PycharmProjects\PythonProject\testes_oficiais\scripts e playbook - ansible\minerador_vagas\main.py --site ApInfo
[2026-08-31 19:05:52] MAV [ApInfo] concluido com sucesso em 50.3 segundos.
[2026-08-31 19:05:52] Ciclo instantâneo #12 finalizado com sucesso em todas as fontes.
[2026-08-31 19:05:52] Executando MAV [ApInfo] — Ciclo Instantâneo #13
[2026-08-31 19:05:52] Comando: C:\Users\Matheus\PycharmProjects\PythonProject\.venv\Scripts\python.exe C:\Users\Matheus\PycharmProjects\PythonProject\testes_oficiais\scripts e playbook - ansible\minerador_vagas\main.py --site ApInfo
[2026-08-31 19:06:41] MAV [ApInfo] concluido com sucesso em 49.4 segundos.
[2026-08-31 19:06:41] Ciclo instantâneo #13 finalizado com sucesso em todas as fontes.
[2026-08-31 19:06:41] Executando MAV [ApInfo] — Ciclo Instantâneo #14
[2026-08-31 19:06:41] Comando: C:\Users\Matheus\PycharmProjects\PythonProject\.venv\Scripts\python.exe C:\Users\Matheus\PycharmProjects\PythonProject\testes_oficiais\scripts e playbook - ansible\minerador_vagas\main.py --site ApInfo
[2026-08-31 19:07:27] MAV [ApInfo] concluido com sucesso em 46.1 segundos.
[2026-08-31 19:07:27] Ciclo instantâneo #14 finalizado com sucesso em todas as fontes.
[2026-08-31 19:07:27] Executando MAV [ApInfo] — Ciclo Instantâneo #15
[2026-08-31 19:07:27] Comando: C:\Users\Matheus\PycharmProjects\PythonProject\.venv\Scripts\python.exe C:\Users\Matheus\PycharmProjects\PythonProject\testes_oficiais\scripts e playbook - ansible\minerador_vagas\main.py --site ApInfo
[2026-08-31 19:08:17] MAV [ApInfo] concluido com sucesso em 49.5 segundos.
[2026-08-31 19:08:17] Ciclo instantâneo #15 finalizado com sucesso em todas as fontes.
[2026-08-31 19:08:17] Executando MAV [ApInfo] — Ciclo Instantâneo #16
[2026-08-31 19:08:17] Comando: C:\Users\Matheus\PycharmProjects\PythonProject\.venv\Scripts\python.exe C:\Users\Matheus\PycharmProjects\PythonProject\testes_oficiais\scripts e playbook - ansible\minerador_vagas\main.py --site ApInfo
[2026-08-31 19:09:06] MAV [ApInfo] concluido com sucesso em 48.9 segundos.
[2026-08-31 19:09:06] Ciclo instantâneo #16 finalizado com sucesso em todas as fontes.
[2026-08-31 19:09:06] Executando MAV [ApInfo] — Ciclo Instantâneo #17
[2026-08-31 19:09:06] Comando: C:\Users\Matheus\PycharmProjects\PythonProject\.venv\Scripts\python.exe C:\Users\Matheus\PycharmProjects\PythonProject\testes_oficiais\scripts e playbook - ansible\minerador_vagas\main.py --site ApInfo
[2026-08-31 19:09:58] MAV [ApInfo] concluido com sucesso em 52.7 segundos.
[2026-08-31 19:09:58] Ciclo instantâneo #17 finalizado com sucesso em todas as fontes.
[2026-08-31 19:09:58] Executando MAV [ApInfo] — Ciclo Instantâneo #18
[2026-08-31 19:09:58] Comando: C:\Users\Matheus\PycharmProjects\PythonProject\.venv\Scripts\python.exe C:\Users\Matheus\PycharmProjects\PythonProject\testes_oficiais\scripts e playbook - ansible\minerador_vagas\main.py --site ApInfo
[2026-08-31 19:10:48] MAV [ApInfo] concluido com sucesso em 49.7 segundos.
[2026-08-31 19:10:48] Ciclo instantâneo #18 finalizado com sucesso em todas as fontes.
[2026-08-31 19:10:48] Executando MAV [ApInfo] — Ciclo Instantâneo #19
[2026-08-31 19:10:48] Comando: C:\Users\Matheus\PycharmProjects\PythonProject\.venv\Scripts\python.exe C:\Users\Matheus\PycharmProjects\PythonProject\testes_oficiais\scripts e playbook - ansible\minerador_vagas\main.py --site ApInfo
[2026-08-31 19:11:38] MAV [ApInfo] concluido com sucesso em 50.4 segundos.
[2026-08-31 19:11:38] Ciclo instantâneo #19 finalizado com sucesso em todas as fontes.
[2026-08-31 19:11:38] Executando MAV [ApInfo] — Ciclo Instantâneo #20
[2026-08-31 19:11:38] Comando: C:\Users\Matheus\PycharmProjects\PythonProject\.venv\Scripts\python.exe C:\Users\Matheus\PycharmProjects\PythonProject\testes_oficiais\scripts e playbook - ansible\minerador_vagas\main.py --site ApInfo
[2026-08-31 19:12:25] MAV [ApInfo] concluido com sucesso em 46.4 segundos.
[2026-08-31 19:12:25] Ciclo instantâneo #20 finalizado com sucesso em todas as fontes.
[2026-08-31 19:12:25] Executando MAV [ApInfo] — Ciclo Instantâneo #21
[2026-08-31 19:12:25] Comando: C:\Users\Matheus\PycharmProjects\PythonProject\.venv\Scripts\python.exe C:\Users\Matheus\PycharmProjects\PythonProject\testes_oficiais\scripts e playbook - ansible\minerador_vagas\main.py --site ApInfo
[2026-08-31 19:13:08] MAV [ApInfo] concluido com sucesso em 43.0 segundos.
[2026-08-31 19:13:08] Ciclo instantâneo #21 finalizado com sucesso em todas as fontes.
[2026-08-31 19:13:08] Executando MAV [ApInfo] — Ciclo Instantâneo #22
[2026-08-31 19:13:08] Comando: C:\Users\Matheus\PycharmProjects\PythonProject\.venv\Scripts\python.exe C:\Users\Matheus\PycharmProjects\PythonProject\testes_oficiais\scripts e playbook - ansible\minerador_vagas\main.py --site ApInfo
[2026-08-31 19:13:56] MAV [ApInfo] concluido com sucesso em 47.7 segundos.
[2026-08-31 19:13:56] Ciclo instantâneo #22 finalizado com sucesso em todas as fontes.
[2026-08-31 19:13:56] Executando MAV [ApInfo] — Ciclo Instantâneo #23
[2026-08-31 19:13:56] Comando: C:\Users\Matheus\PycharmProjects\PythonProject\.venv\Scripts\python.exe C:\Users\Matheus\PycharmProjects\PythonProject\testes_oficiais\scripts e playbook - ansible\minerador_vagas\main.py --site ApInfo
[2026-08-31 19:14:46] MAV [ApInfo] concluido com sucesso em 50.8 segundos.
[2026-08-31 19:14:46] Ciclo instantâneo #23 finalizado com sucesso em todas as fontes.
[2026-08-31 19:14:46] Executando MAV [ApInfo] — Ciclo Instantâneo #24
[2026-08-31 19:14:46] Comando: C:\Users\Matheus\PycharmProjects\PythonProject\.venv\Scripts\python.exe C:\Users\Matheus\PycharmProjects\PythonProject\testes_oficiais\scripts e playbook - ansible\minerador_vagas\main.py --site ApInfo
[2026-08-31 19:15:31] MAV [ApInfo] concluido com sucesso em 44.7 segundos.
[2026-08-31 19:15:31] Ciclo instantâneo #24 finalizado com sucesso em todas as fontes.
[2026-08-31 19:15:31] Executando MAV [ApInfo] — Ciclo Instantâneo #25
[2026-08-31 19:15:31] Comando: C:\Users\Matheus\PycharmProjects\PythonProject\.venv\Scripts\python.exe C:\Users\Matheus\PycharmProjects\PythonProject\testes_oficiais\scripts e playbook - ansible\minerador_vagas\main.py --site ApInfo
[2026-08-31 19:16:19] MAV [ApInfo] concluido com sucesso em 47.8 segundos.
[2026-08-31 19:16:19] Ciclo instantâneo #25 finalizado com sucesso em todas as fontes.
[2026-08-31 19:16:19] Executando MAV [ApInfo] — Ciclo Instantâneo #26
[2026-08-31 19:16:19] Comando: C:\Users\Matheus\PycharmProjects\PythonProject\.venv\Scripts\python.exe C:\Users\Matheus\PycharmProjects\PythonProject\testes_oficiais\scripts e playbook - ansible\minerador_vagas\main.py --site ApInfo
[2026-08-31 19:17:13] MAV [ApInfo] concluido com sucesso em 53.9 segundos.
[2026-08-31 19:17:13] Ciclo instantâneo #26 finalizado com sucesso em todas as fontes.
[2026-08-31 19:17:13] Executando MAV [ApInfo] — Ciclo Instantâneo #27
[2026-08-31 19:17:13] Comando: C:\Users\Matheus\PycharmProjects\PythonProject\.venv\Scripts\python.exe C:\Users\Matheus\PycharmProjects\PythonProject\testes_oficiais\scripts e playbook - ansible\minerador_vagas\main.py --site ApInfo
[2026-08-31 19:18:01] MAV [ApInfo] concluido com sucesso em 48.3 segundos.
[2026-08-31 19:18:01] Ciclo instantâneo #27 finalizado com sucesso em todas as fontes.
[2026-08-31 19:18:01] Executando MAV [ApInfo] — Ciclo Instantâneo #28
[2026-08-31 19:18:01] Comando: C:\Users\Matheus\PycharmProjects\PythonProject\.venv\Scripts\python.exe C:\Users\Matheus\PycharmProjects\PythonProject\testes_oficiais\scripts e playbook - ansible\minerador_vagas\main.py --site ApInfo
[2026-08-31 19:18:48] MAV [ApInfo] concluido com sucesso em 47.0 segundos.
[2026-08-31 19:18:48] Ciclo instantâneo #28 finalizado com sucesso em todas as fontes.
[2026-08-31 19:18:48] Executando MAV [ApInfo] — Ciclo Instantâneo #29
[2026-08-31 19:18:48] Comando: C:\Users\Matheus\PycharmProjects\PythonProject\.venv\Scripts\python.exe C:\Users\Matheus\PycharmProjects\PythonProject\testes_oficiais\scripts e playbook - ansible\minerador_vagas\main.py --site ApInfo
[2026-08-31 19:19:35] MAV [ApInfo] concluido com sucesso em 47.1 segundos.
[2026-08-31 19:19:35] Ciclo instantâneo #29 finalizado com sucesso em todas as fontes.
[2026-08-31 19:19:35] Executando MAV [ApInfo] — Ciclo Instantâneo #30
[2026-08-31 19:19:35] Comando: C:\Users\Matheus\PycharmProjects\PythonProject\.venv\Scripts\python.exe C:\Users\Matheus\PycharmProjects\PythonProject\testes_oficiais\scripts e playbook - ansible\minerador_vagas\main.py --site ApInfo
[2026-08-31 19:20:22] MAV [ApInfo] concluido com sucesso em 47.1 segundos.
[2026-08-31 19:20:22] Ciclo instantâneo #30 finalizado com sucesso em todas as fontes.
[2026-08-31 19:20:22] Executando MAV [ApInfo] — Ciclo Instantâneo #31
[2026-08-31 19:20:22] Comando: C:\Users\Matheus\PycharmProjects\PythonProject\.venv\Scripts\python.exe C:\Users\Matheus\PycharmProjects\PythonProject\testes_oficiais\scripts e playbook - ansible\minerador_vagas\main.py --site ApInfo
[2026-08-31 19:21:12] MAV [ApInfo] concluido com sucesso em 49.3 segundos.
[2026-08-31 19:21:12] Ciclo instantâneo #31 finalizado com sucesso em todas as fontes.
[2026-08-31 19:21:12] Executando MAV [ApInfo] — Ciclo Instantâneo #32
[2026-08-31 19:21:12] Comando: C:\Users\Matheus\PycharmProjects\PythonProject\.venv\Scripts\python.exe C:\Users\Matheus\PycharmProjects\PythonProject\testes_oficiais\scripts e playbook - ansible\minerador_vagas\main.py --site ApInfo
[2026-08-31 19:21:59] MAV [ApInfo] concluido com sucesso em 47.4 segundos.
[2026-08-31 19:21:59] Ciclo instantâneo #32 finalizado com sucesso em todas as fontes.
[2026-08-31 19:21:59] Executando MAV [ApInfo] — Ciclo Instantâneo #33
[2026-08-31 19:21:59] Comando: C:\Users\Matheus\PycharmProjects\PythonProject\.venv\Scripts\python.exe C:\Users\Matheus\PycharmProjects\PythonProject\testes_oficiais\scripts e playbook - ansible\minerador_vagas\main.py --site ApInfo
[2026-08-31 19:22:49] MAV [ApInfo] concluido com sucesso em 50.2 segundos.
[2026-08-31 19:22:49] Ciclo instantâneo #33 finalizado com sucesso em todas as fontes.
[2026-08-31 19:22:49] Executando MAV [ApInfo] — Ciclo Instantâneo #34
[2026-08-31 19:22:49] Comando: C:\Users\Matheus\PycharmProjects\PythonProject\.venv\Scripts\python.exe C:\Users\Matheus\PycharmProjects\PythonProject\testes_oficiais\scripts e playbook - ansible\minerador_vagas\main.py --site ApInfo
[2026-08-31 19:23:41] MAV [ApInfo] concluido com sucesso em 51.8 segundos.
[2026-08-31 19:23:41] Ciclo instantâneo #34 finalizado com sucesso em todas as fontes.
[2026-08-31 19:23:41] Executando MAV [ApInfo] — Ciclo Instantâneo #35
[2026-08-31 19:23:41] Comando: C:\Users\Matheus\PycharmProjects\PythonProject\.venv\Scripts\python.exe C:\Users\Matheus\PycharmProjects\PythonProject\testes_oficiais\scripts e playbook - ansible\minerador_vagas\main.py --site ApInfo
[2026-08-31 19:24:31] MAV [ApInfo] concluido com sucesso em 50.0 segundos.
[2026-08-31 19:24:31] Ciclo instantâneo #35 finalizado com sucesso em todas as fontes.
[2026-08-31 19:24:31] Executando MAV [ApInfo] — Ciclo Instantâneo #36
[2026-08-31 19:24:31] Comando: C:\Users\Matheus\PycharmProjects\PythonProject\.venv\Scripts\python.exe C:\Users\Matheus\PycharmProjects\PythonProject\testes_oficiais\scripts e playbook - ansible\minerador_vagas\main.py --site ApInfo
[2026-08-31 19:25:22] MAV [ApInfo] concluido com sucesso em 51.6 segundos.
[2026-08-31 19:25:22] Ciclo instantâneo #36 finalizado com sucesso em todas as fontes.
[2026-08-31 19:25:22] Executando MAV [ApInfo] — Ciclo Instantâneo #37
[2026-08-31 19:25:22] Comando: C:\Users\Matheus\PycharmProjects\PythonProject\.venv\Scripts\python.exe C:\Users\Matheus\PycharmProjects\PythonProject\testes_oficiais\scripts e playbook - ansible\minerador_vagas\main.py --site ApInfo
[2026-08-31 19:26:06] MAV [ApInfo] concluido com sucesso em 43.8 segundos.
[2026-08-31 19:26:06] Ciclo instantâneo #37 finalizado com sucesso em todas as fontes.
[2026-08-31 19:26:06] Executando MAV [ApInfo] — Ciclo Instantâneo #38
[2026-08-31 19:26:06] Comando: C:\Users\Matheus\PycharmProjects\PythonProject\.venv\Scripts\python.exe C:\Users\Matheus\PycharmProjects\PythonProject\testes_oficiais\scripts e playbook - ansible\minerador_vagas\main.py --site ApInfo
[2026-08-31 19:26:56] MAV [ApInfo] concluido com sucesso em 49.3 segundos.
[2026-08-31 19:26:56] Ciclo instantâneo #38 finalizado com sucesso em todas as fontes.
[2026-08-31 19:26:56] Executando MAV [ApInfo] — Ciclo Instantâneo #39
[2026-08-31 19:26:56] Comando: C:\Users\Matheus\PycharmProjects\PythonProject\.venv\Scripts\python.exe C:\Users\Matheus\PycharmProjects\PythonProject\testes_oficiais\scripts e playbook - ansible\minerador_vagas\main.py --site ApInfo
[2026-08-31 19:27:47] MAV [ApInfo] concluido com sucesso em 51.4 segundos.
[2026-08-31 19:27:47] Ciclo instantâneo #39 finalizado com sucesso em todas as fontes.
[2026-08-31 19:27:47] Executando MAV [ApInfo] — Ciclo Instantâneo #40
[2026-08-31 19:27:47] Comando: C:\Users\Matheus\PycharmProjects\PythonProject\.venv\Scripts\python.exe C:\Users\Matheus\PycharmProjects\PythonProject\testes_oficiais\scripts e playbook - ansible\minerador_vagas\main.py --site ApInfo
[2026-08-31 19:28:37] MAV [ApInfo] concluido com sucesso em 49.8 segundos.
[2026-08-31 19:28:37] Ciclo instantâneo #40 finalizado com sucesso em todas as fontes.
[2026-08-31 19:28:37] Executando MAV [ApInfo] — Ciclo Instantâneo #41
[2026-08-31 19:28:37] Comando: C:\Users\Matheus\PycharmProjects\PythonProject\.venv\Scripts\python.exe C:\Users\Matheus\PycharmProjects\PythonProject\testes_oficiais\scripts e playbook - ansible\minerador_vagas\main.py --site ApInfo
[2026-08-31 19:29:27] MAV [ApInfo] concluido com sucesso em 50.0 segundos.
[2026-08-31 19:29:27] Ciclo instantâneo #41 finalizado com sucesso em todas as fontes.
[2026-08-31 19:29:27] Executando MAV [ApInfo] — Ciclo Instantâneo #42
[2026-08-31 19:29:27] Comando: C:\Users\Matheus\PycharmProjects\PythonProject\.venv\Scripts\python.exe C:\Users\Matheus\PycharmProjects\PythonProject\testes_oficiais\scripts e playbook - ansible\minerador_vagas\main.py --site ApInfo
[2026-08-31 19:30:17] MAV [ApInfo] concluido com sucesso em 50.2 segundos.
[2026-08-31 19:30:17] Ciclo instantâneo #42 finalizado com sucesso em todas as fontes.
[2026-08-31 19:30:17] Executando MAV [ApInfo] — Ciclo Instantâneo #43
[2026-08-31 19:30:17] Comando: C:\Users\Matheus\PycharmProjects\PythonProject\.venv\Scripts\python.exe C:\Users\Matheus\PycharmProjects\PythonProject\testes_oficiais\scripts e playbook - ansible\minerador_vagas\main.py --site ApInfo
[2026-08-31 19:31:01] MAV [ApInfo] concluido com sucesso em 44.5 segundos.
[2026-08-31 19:31:01] Ciclo instantâneo #43 finalizado com sucesso em todas as fontes.
[2026-08-31 19:31:01] Executando MAV [ApInfo] — Ciclo Instantâneo #44
[2026-08-31 19:31:01] Comando: C:\Users\Matheus\PycharmProjects\PythonProject\.venv\Scripts\python.exe C:\Users\Matheus\PycharmProjects\PythonProject\testes_oficiais\scripts e playbook - ansible\minerador_vagas\main.py --site ApInfo
[2026-08-31 19:31:52] MAV [ApInfo] concluido com sucesso em 50.1 segundos.
[2026-08-31 19:31:52] Ciclo instantâneo #44 finalizado com sucesso em todas as fontes.
[2026-08-31 19:31:52] Executando MAV [ApInfo] — Ciclo Instantâneo #45
[2026-08-31 19:31:52] Comando: C:\Users\Matheus\PycharmProjects\PythonProject\.venv\Scripts\python.exe C:\Users\Matheus\PycharmProjects\PythonProject\testes_oficiais\scripts e playbook - ansible\minerador_vagas\main.py --site ApInfo
[2026-08-31 19:32:46] MAV [ApInfo] concluido com sucesso em 54.5 segundos.
[2026-08-31 19:32:46] Ciclo instantâneo #45 finalizado com sucesso em todas as fontes.
[2026-08-31 19:32:46] Executando MAV [ApInfo] — Ciclo Instantâneo #46
[2026-08-31 19:32:46] Comando: C:\Users\Matheus\PycharmProjects\PythonProject\.venv\Scripts\python.exe C:\Users\Matheus\PycharmProjects\PythonProject\testes_oficiais\scripts e playbook - ansible\minerador_vagas\main.py --site ApInfo
[2026-08-31 19:33:36] MAV [ApInfo] concluido com sucesso em 50.2 segundos.
[2026-08-31 19:33:36] Ciclo instantâneo #46 finalizado com sucesso em todas as fontes.
[2026-08-31 19:33:36] Executando MAV [ApInfo] — Ciclo Instantâneo #47
[2026-08-31 19:33:36] Comando: C:\Users\Matheus\PycharmProjects\PythonProject\.venv\Scripts\python.exe C:\Users\Matheus\PycharmProjects\PythonProject\testes_oficiais\scripts e playbook - ansible\minerador_vagas\main.py --site ApInfo
[2026-08-31 19:34:31] MAV [ApInfo] concluido com sucesso em 55.3 segundos.
[2026-08-31 19:34:31] Ciclo instantâneo #47 finalizado com sucesso em todas as fontes.
[2026-08-31 19:34:31] Executando MAV [ApInfo] — Ciclo Instantâneo #48
[2026-08-31 19:34:31] Comando: C:\Users\Matheus\PycharmProjects\PythonProject\.venv\Scripts\python.exe C:\Users\Matheus\PycharmProjects\PythonProject\testes_oficiais\scripts e playbook - ansible\minerador_vagas\main.py --site ApInfo
[2026-08-31 19:35:22] MAV [ApInfo] concluido com sucesso em 50.8 segundos.
[2026-08-31 19:35:22] Ciclo instantâneo #48 finalizado com sucesso em todas as fontes.
[2026-08-31 19:35:22] Executando MAV [ApInfo] — Ciclo Instantâneo #49
[2026-08-31 19:35:22] Comando: C:\Users\Matheus\PycharmProjects\PythonProject\.venv\Scripts\python.exe C:\Users\Matheus\PycharmProjects\PythonProject\testes_oficiais\scripts e playbook - ansible\minerador_vagas\main.py --site ApInfo
[2026-08-31 19:36:15] MAV [ApInfo] concluido com sucesso em 52.4 segundos.
[2026-08-31 19:36:15] Ciclo instantâneo #49 finalizado com sucesso em todas as fontes.
[2026-08-31 19:36:15] Executando MAV [ApInfo] — Ciclo Instantâneo #50
[2026-08-31 19:36:15] Comando: C:\Users\Matheus\PycharmProjects\PythonProject\.venv\Scripts\python.exe C:\Users\Matheus\PycharmProjects\PythonProject\testes_oficiais\scripts e playbook - ansible\minerador_vagas\main.py --site ApInfo
[2026-08-31 19:37:04] MAV [ApInfo] concluido com sucesso em 49.8 segundos.
[2026-08-31 19:37:04] Ciclo instantâneo #50 finalizado com sucesso em todas as fontes.
[2026-08-31 19:37:04] Executando MAV [ApInfo] — Ciclo Instantâneo #51
[2026-08-31 19:37:04] Comando: C:\Users\Matheus\PycharmProjects\PythonProject\.venv\Scripts\python.exe C:\Users\Matheus\PycharmProjects\PythonProject\testes_oficiais\scripts e playbook - ansible\minerador_vagas\main.py --site ApInfo
[2026-08-31 19:37:50] MAV [ApInfo] concluido com sucesso em 45.5 segundos.
[2026-08-31 19:37:50] Ciclo instantâneo #51 finalizado com sucesso em todas as fontes.
[2026-08-31 19:37:50] Executando MAV [ApInfo] — Ciclo Instantâneo #52
[2026-08-31 19:37:50] Comando: C:\Users\Matheus\PycharmProjects\PythonProject\.venv\Scripts\python.exe C:\Users\Matheus\PycharmProjects\PythonProject\testes_oficiais\scripts e playbook - ansible\minerador_vagas\main.py --site ApInfo
[2026-08-31 19:38:41] MAV [ApInfo] concluido com sucesso em 51.2 segundos.
[2026-08-31 19:38:41] Ciclo instantâneo #52 finalizado com sucesso em todas as fontes.
[2026-08-31 19:38:41] Executando MAV [ApInfo] — Ciclo Instantâneo #53
[2026-08-31 19:38:41] Comando: C:\Users\Matheus\PycharmProjects\PythonProject\.venv\Scripts\python.exe C:\Users\Matheus\PycharmProjects\PythonProject\testes_oficiais\scripts e playbook - ansible\minerador_vagas\main.py --site ApInfo
[2026-08-31 19:39:31] MAV [ApInfo] concluido com sucesso em 49.9 segundos.
[2026-08-31 19:39:31] Ciclo instantâneo #53 finalizado com sucesso em todas as fontes.
[2026-08-31 19:39:31] Executando MAV [ApInfo] — Ciclo Instantâneo #54
[2026-08-31 19:39:31] Comando: C:\Users\Matheus\PycharmProjects\PythonProject\.venv\Scripts\python.exe C:\Users\Matheus\PycharmProjects\PythonProject\testes_oficiais\scripts e playbook - ansible\minerador_vagas\main.py --site ApInfo
[2026-08-31 19:40:19] MAV [ApInfo] concluido com sucesso em 48.0 segundos.
[2026-08-31 19:40:19] Ciclo instantâneo #54 finalizado com sucesso em todas as fontes.
[2026-08-31 19:40:19] Executando MAV [ApInfo] — Ciclo Instantâneo #55
[2026-08-31 19:40:19] Comando: C:\Users\Matheus\PycharmProjects\PythonProject\.venv\Scripts\python.exe C:\Users\Matheus\PycharmProjects\PythonProject\testes_oficiais\scripts e playbook - ansible\minerador_vagas\main.py --site ApInfo
[2026-08-31 19:41:01] MAV [ApInfo] concluido com sucesso em 42.3 segundos.
[2026-08-31 19:41:01] Ciclo instantâneo #55 finalizado com sucesso em todas as fontes.
[2026-08-31 19:41:01] Executando MAV [ApInfo] — Ciclo Instantâneo #56
[2026-08-31 19:41:01] Comando: C:\Users\Matheus\PycharmProjects\PythonProject\.venv\Scripts\python.exe C:\Users\Matheus\PycharmProjects\PythonProject\testes_oficiais\scripts e playbook - ansible\minerador_vagas\main.py --site ApInfo
[2026-08-31 19:41:46] MAV [ApInfo] concluido com sucesso em 45.1 segundos.
[2026-08-31 19:41:46] Ciclo instantâneo #56 finalizado com sucesso em todas as fontes.
[2026-08-31 19:41:46] Executando MAV [ApInfo] — Ciclo Instantâneo #57
[2026-08-31 19:41:46] Comando: C:\Users\Matheus\PycharmProjects\PythonProject\.venv\Scripts\python.exe C:\Users\Matheus\PycharmProjects\PythonProject\testes_oficiais\scripts e playbook - ansible\minerador_vagas\main.py --site ApInfo
[2026-08-31 19:42:35] MAV [ApInfo] concluido com sucesso em 49.0 segundos.
[2026-08-31 19:42:35] Ciclo instantâneo #57 finalizado com sucesso em todas as fontes.
[2026-08-31 19:42:35] Executando MAV [ApInfo] — Ciclo Instantâneo #58
[2026-08-31 19:42:35] Comando: C:\Users\Matheus\PycharmProjects\PythonProject\.venv\Scripts\python.exe C:\Users\Matheus\PycharmProjects\PythonProject\testes_oficiais\scripts e playbook - ansible\minerador_vagas\main.py --site ApInfo
[2026-08-31 19:43:24] MAV [ApInfo] concluido com sucesso em 48.5 segundos.
[2026-08-31 19:43:24] Ciclo instantâneo #58 finalizado com sucesso em todas as fontes.
[2026-08-31 19:43:24] Executando MAV [ApInfo] — Ciclo Instantâneo #59
[2026-08-31 19:43:24] Comando: C:\Users\Matheus\PycharmProjects\PythonProject\.venv\Scripts\python.exe C:\Users\Matheus\PycharmProjects\PythonProject\testes_oficiais\scripts e playbook - ansible\minerador_vagas\main.py --site ApInfo
[2026-08-31 19:44:14] MAV [ApInfo] concluido com sucesso em 50.6 segundos.
[2026-08-31 19:44:14] Ciclo instantâneo #59 finalizado com sucesso em todas as fontes.
[2026-08-31 19:44:14] Executando MAV [ApInfo] — Ciclo Instantâneo #60
[2026-08-31 19:44:14] Comando: C:\Users\Matheus\PycharmProjects\PythonProject\.venv\Scripts\python.exe C:\Users\Matheus\PycharmProjects\PythonProject\testes_oficiais\scripts e playbook - ansible\minerador_vagas\main.py --site ApInfo
[2026-08-31 19:45:03] MAV [ApInfo] concluido com sucesso em 48.3 segundos.
[2026-08-31 19:45:03] Ciclo instantâneo #60 finalizado com sucesso em todas as fontes.
[2026-08-31 19:45:03] Executando MAV [ApInfo] — Ciclo Instantâneo #61
[2026-08-31 19:45:03] Comando: C:\Users\Matheus\PycharmProjects\PythonProject\.venv\Scripts\python.exe C:\Users\Matheus\PycharmProjects\PythonProject\testes_oficiais\scripts e playbook - ansible\minerador_vagas\main.py --site ApInfo
[2026-08-31 19:45:48] MAV [ApInfo] concluido com sucesso em 45.0 segundos.
[2026-08-31 19:45:48] Ciclo instantâneo #61 finalizado com sucesso em todas as fontes.
[2026-08-31 19:45:48] Executando MAV [ApInfo] — Ciclo Instantâneo #62
[2026-08-31 19:45:48] Comando: C:\Users\Matheus\PycharmProjects\PythonProject\.venv\Scripts\python.exe C:\Users\Matheus\PycharmProjects\PythonProject\testes_oficiais\scripts e playbook - ansible\minerador_vagas\main.py --site ApInfo
[2026-08-31 19:46:34] MAV [ApInfo] concluido com sucesso em 46.4 segundos.
[2026-08-31 19:46:34] Ciclo instantâneo #62 finalizado com sucesso em todas as fontes.
[2026-08-31 19:46:34] Executando MAV [ApInfo] — Ciclo Instantâneo #63
[2026-08-31 19:46:34] Comando: C:\Users\Matheus\PycharmProjects\PythonProject\.venv\Scripts\python.exe C:\Users\Matheus\PycharmProjects\PythonProject\testes_oficiais\scripts e playbook - ansible\minerador_vagas\main.py --site ApInfo
[2026-08-31 19:47:27] MAV [ApInfo] concluido com sucesso em 52.7 segundos.
[2026-08-31 19:47:27] Ciclo instantâneo #63 finalizado com sucesso em todas as fontes.
[2026-08-31 19:47:27] Executando MAV [ApInfo] — Ciclo Instantâneo #64
[2026-08-31 19:47:27] Comando: C:\Users\Matheus\PycharmProjects\PythonProject\.venv\Scripts\python.exe C:\Users\Matheus\PycharmProjects\PythonProject\testes_oficiais\scripts e playbook - ansible\minerador_vagas\main.py --site ApInfo
[2026-08-31 19:48:12] MAV [ApInfo] concluido com sucesso em 45.0 segundos.
[2026-08-31 19:48:12] Ciclo instantâneo #64 finalizado com sucesso em todas as fontes.
[2026-08-31 19:48:12] Executando MAV [ApInfo] — Ciclo Instantâneo #65
[2026-08-31 19:48:12] Comando: C:\Users\Matheus\PycharmProjects\PythonProject\.venv\Scripts\python.exe C:\Users\Matheus\PycharmProjects\PythonProject\testes_oficiais\scripts e playbook - ansible\minerador_vagas\main.py --site ApInfo
[2026-08-31 19:49:03] MAV [ApInfo] concluido com sucesso em 51.0 segundos.
[2026-08-31 19:49:03] Ciclo instantâneo #65 finalizado com sucesso em todas as fontes.
[2026-08-31 19:49:03] Executando MAV [ApInfo] — Ciclo Instantâneo #66
[2026-08-31 19:49:03] Comando: C:\Users\Matheus\PycharmProjects\PythonProject\.venv\Scripts\python.exe C:\Users\Matheus\PycharmProjects\PythonProject\testes_oficiais\scripts e playbook - ansible\minerador_vagas\main.py --site ApInfo
[2026-08-31 19:49:50] MAV [ApInfo] concluido com sucesso em 47.1 segundos.
[2026-08-31 19:49:50] Ciclo instantâneo #66 finalizado com sucesso em todas as fontes.
[2026-08-31 19:49:50] Executando MAV [ApInfo] — Ciclo Instantâneo #67
[2026-08-31 19:49:50] Comando: C:\Users\Matheus\PycharmProjects\PythonProject\.venv\Scripts\python.exe C:\Users\Matheus\PycharmProjects\PythonProject\testes_oficiais\scripts e playbook - ansible\minerador_vagas\main.py --site ApInfo
[2026-08-31 19:50:38] MAV [ApInfo] concluido com sucesso em 47.6 segundos.
[2026-08-31 19:50:38] Ciclo instantâneo #67 finalizado com sucesso em todas as fontes.
[2026-08-31 19:50:38] Executando MAV [ApInfo] — Ciclo Instantâneo #68
[2026-08-31 19:50:38] Comando: C:\Users\Matheus\PycharmProjects\PythonProject\.venv\Scripts\python.exe C:\Users\Matheus\PycharmProjects\PythonProject\testes_oficiais\scripts e playbook - ansible\minerador_vagas\main.py --site ApInfo
[2026-08-31 19:51:24] MAV [ApInfo] concluido com sucesso em 46.5 segundos.
[2026-08-31 19:51:24] Ciclo instantâneo #68 finalizado com sucesso em todas as fontes.
[2026-08-31 19:51:24] Executando MAV [ApInfo] — Ciclo Instantâneo #69
[2026-08-31 19:51:24] Comando: C:\Users\Matheus\PycharmProjects\PythonProject\.venv\Scripts\python.exe C:\Users\Matheus\PycharmProjects\PythonProject\testes_oficiais\scripts e playbook - ansible\minerador_vagas\main.py --site ApInfo
[2026-08-31 19:52:11] MAV [ApInfo] concluido com sucesso em 46.7 segundos.
[2026-08-31 19:52:11] Ciclo instantâneo #69 finalizado com sucesso em todas as fontes.
[2026-08-31 19:52:11] Executando MAV [ApInfo] — Ciclo Instantâneo #70
[2026-08-31 19:52:11] Comando: C:\Users\Matheus\PycharmProjects\PythonProject\.venv\Scripts\python.exe C:\Users\Matheus\PycharmProjects\PythonProject\testes_oficiais\scripts e playbook - ansible\minerador_vagas\main.py --site ApInfo
[2026-08-31 19:52:56] MAV [ApInfo] concluido com sucesso em 45.3 segundos.
[2026-08-31 19:52:56] Ciclo instantâneo #70 finalizado com sucesso em todas as fontes.
[2026-08-31 19:52:56] Executando MAV [ApInfo] — Ciclo Instantâneo #71
[2026-08-31 19:52:56] Comando: C:\Users\Matheus\PycharmProjects\PythonProject\.venv\Scripts\python.exe C:\Users\Matheus\PycharmProjects\PythonProject\testes_oficiais\scripts e playbook - ansible\minerador_vagas\main.py --site ApInfo
[2026-08-31 19:53:41] MAV [ApInfo] concluido com sucesso em 44.7 segundos.
[2026-08-31 19:53:41] Ciclo instantâneo #71 finalizado com sucesso em todas as fontes.
[2026-08-31 19:53:41] Executando MAV [ApInfo] — Ciclo Instantâneo #72
[2026-08-31 19:53:41] Comando: C:\Users\Matheus\PycharmProjects\PythonProject\.venv\Scripts\python.exe C:\Users\Matheus\PycharmProjects\PythonProject\testes_oficiais\scripts e playbook - ansible\minerador_vagas\main.py --site ApInfo
[2026-08-31 19:54:28] MAV [ApInfo] concluido com sucesso em 47.7 segundos.
[2026-08-31 19:54:28] Ciclo instantâneo #72 finalizado com sucesso em todas as fontes.
[2026-08-31 19:54:28] Executando MAV [ApInfo] — Ciclo Instantâneo #73
[2026-08-31 19:54:28] Comando: C:\Users\Matheus\PycharmProjects\PythonProject\.venv\Scripts\python.exe C:\Users\Matheus\PycharmProjects\PythonProject\testes_oficiais\scripts e playbook - ansible\minerador_vagas\main.py --site ApInfo
[2026-08-31 19:55:18] MAV [ApInfo] concluido com sucesso em 50.0 segundos.
[2026-08-31 19:55:18] Ciclo instantâneo #73 finalizado com sucesso em todas as fontes.
[2026-08-31 19:55:18] Executando MAV [ApInfo] — Ciclo Instantâneo #74
[2026-08-31 19:55:18] Comando: C:\Users\Matheus\PycharmProjects\PythonProject\.venv\Scripts\python.exe C:\Users\Matheus\PycharmProjects\PythonProject\testes_oficiais\scripts e playbook - ansible\minerador_vagas\main.py --site ApInfo
[2026-08-31 19:56:05] MAV [ApInfo] concluido com sucesso em 46.8 segundos.
[2026-08-31 19:56:05] Ciclo instantâneo #74 finalizado com sucesso em todas as fontes.
[2026-08-31 19:56:05] Executando MAV [ApInfo] — Ciclo Instantâneo #75
[2026-08-31 19:56:05] Comando: C:\Users\Matheus\PycharmProjects\PythonProject\.venv\Scripts\python.exe C:\Users\Matheus\PycharmProjects\PythonProject\testes_oficiais\scripts e playbook - ansible\minerador_vagas\main.py --site ApInfo
[2026-08-31 19:56:56] MAV [ApInfo] concluido com sucesso em 50.8 segundos.
[2026-08-31 19:56:56] Ciclo instantâneo #75 finalizado com sucesso em todas as fontes.
[2026-08-31 19:56:56] Executando MAV [ApInfo] — Ciclo Instantâneo #76
[2026-08-31 19:56:56] Comando: C:\Users\Matheus\PycharmProjects\PythonProject\.venv\Scripts\python.exe C:\Users\Matheus\PycharmProjects\PythonProject\testes_oficiais\scripts e playbook - ansible\minerador_vagas\main.py --site ApInfo
[2026-08-31 19:57:41] MAV [ApInfo] concluido com sucesso em 44.9 segundos.
[2026-08-31 19:57:41] Ciclo instantâneo #76 finalizado com sucesso em todas as fontes.
[2026-08-31 19:57:41] Executando MAV [ApInfo] — Ciclo Instantâneo #77
[2026-08-31 19:57:41] Comando: C:\Users\Matheus\PycharmProjects\PythonProject\.venv\Scripts\python.exe C:\Users\Matheus\PycharmProjects\PythonProject\testes_oficiais\scripts e playbook - ansible\minerador_vagas\main.py --site ApInfo
[2026-08-31 19:58:28] MAV [ApInfo] concluido com sucesso em 46.8 segundos.
[2026-08-31 19:58:28] Ciclo instantâneo #77 finalizado com sucesso em todas as fontes.
[2026-08-31 19:58:28] Executando MAV [ApInfo] — Ciclo Instantâneo #78
[2026-08-31 19:58:28] Comando: C:\Users\Matheus\PycharmProjects\PythonProject\.venv\Scripts\python.exe C:\Users\Matheus\PycharmProjects\PythonProject\testes_oficiais\scripts e playbook - ansible\minerador_vagas\main.py --site ApInfo
[2026-08-31 19:59:12] MAV [ApInfo] concluido com sucesso em 44.5 segundos.
[2026-08-31 19:59:12] Ciclo instantâneo #78 finalizado com sucesso em todas as fontes.
[2026-08-31 19:59:12] Executando MAV [ApInfo] — Ciclo Instantâneo #79
[2026-08-31 19:59:12] Comando: C:\Users\Matheus\PycharmProjects\PythonProject\.venv\Scripts\python.exe C:\Users\Matheus\PycharmProjects\PythonProject\testes_oficiais\scripts e playbook - ansible\minerador_vagas\main.py --site ApInfo
[2026-08-31 19:59:54] MAV [ApInfo] concluido com sucesso em 41.7 segundos.
[2026-08-31 19:59:54] Ciclo instantâneo #79 finalizado com sucesso em todas as fontes.
[2026-08-31 19:59:54] Executando MAV [ApInfo] — Ciclo Instantâneo #80
[2026-08-31 19:59:54] Comando: C:\Users\Matheus\PycharmProjects\PythonProject\.venv\Scripts\python.exe C:\Users\Matheus\PycharmProjects\PythonProject\testes_oficiais\scripts e playbook - ansible\minerador_vagas\main.py --site ApInfo
[2026-08-31 20:00:41] MAV [ApInfo] concluido com sucesso em 46.6 segundos.
[2026-08-31 20:00:41] Ciclo instantâneo #80 finalizado com sucesso em todas as fontes.
[2026-08-31 20:00:41] Executando MAV [ApInfo] — Ciclo Instantâneo #81
[2026-08-31 20:00:41] Comando: C:\Users\Matheus\PycharmProjects\PythonProject\.venv\Scripts\python.exe C:\Users\Matheus\PycharmProjects\PythonProject\testes_oficiais\scripts e playbook - ansible\minerador_vagas\main.py --site ApInfo
[2026-08-31 20:01:30] MAV [ApInfo] concluido com sucesso em 49.5 segundos.
[2026-08-31 20:01:30] Ciclo instantâneo #81 finalizado com sucesso em todas as fontes.
[2026-08-31 20:01:30] Executando MAV [ApInfo] — Ciclo Instantâneo #82
[2026-08-31 20:01:30] Comando: C:\Users\Matheus\PycharmProjects\PythonProject\.venv\Scripts\python.exe C:\Users\Matheus\PycharmProjects\PythonProject\testes_oficiais\scripts e playbook - ansible\minerador_vagas\main.py --site ApInfo
[2026-08-31 20:02:15] MAV [ApInfo] concluido com sucesso em 45.1 segundos.
[2026-08-31 20:02:15] Ciclo instantâneo #82 finalizado com sucesso em todas as fontes.
[2026-08-31 20:02:15] Executando MAV [ApInfo] — Ciclo Instantâneo #83
[2026-08-31 20:02:15] Comando: C:\Users\Matheus\PycharmProjects\PythonProject\.venv\Scripts\python.exe C:\Users\Matheus\PycharmProjects\PythonProject\testes_oficiais\scripts e playbook - ansible\minerador_vagas\main.py --site ApInfo
[2026-08-31 20:03:01] MAV [ApInfo] concluido com sucesso em 46.2 segundos.
[2026-08-31 20:03:01] Ciclo instantâneo #83 finalizado com sucesso em todas as fontes.
[2026-08-31 20:03:01] Executando MAV [ApInfo] — Ciclo Instantâneo #84
[2026-08-31 20:03:01] Comando: C:\Users\Matheus\PycharmProjects\PythonProject\.venv\Scripts\python.exe C:\Users\Matheus\PycharmProjects\PythonProject\testes_oficiais\scripts e playbook - ansible\minerador_vagas\main.py --site ApInfo
[2026-08-31 20:03:48] MAV [ApInfo] concluido com sucesso em 46.2 segundos.
[2026-08-31 20:03:48] Ciclo instantâneo #84 finalizado com sucesso em todas as fontes.
[2026-08-31 20:03:48] Executando MAV [ApInfo] — Ciclo Instantâneo #85
[2026-08-31 20:03:48] Comando: C:\Users\Matheus\PycharmProjects\PythonProject\.venv\Scripts\python.exe C:\Users\Matheus\PycharmProjects\PythonProject\testes_oficiais\scripts e playbook - ansible\minerador_vagas\main.py --site ApInfo
[2026-08-31 20:04:32] MAV [ApInfo] concluido com sucesso em 43.9 segundos.
[2026-08-31 20:04:32] Ciclo instantâneo #85 finalizado com sucesso em todas as fontes.
[2026-08-31 20:04:32] Executando MAV [ApInfo] — Ciclo Instantâneo #86
[2026-08-31 20:04:32] Comando: C:\Users\Matheus\PycharmProjects\PythonProject\.venv\Scripts\python.exe C:\Users\Matheus\PycharmProjects\PythonProject\testes_oficiais\scripts e playbook - ansible\minerador_vagas\main.py --site ApInfo
[2026-08-31 20:05:19] MAV [ApInfo] concluido com sucesso em 47.9 segundos.
[2026-08-31 20:05:19] Ciclo instantâneo #86 finalizado com sucesso em todas as fontes.
[2026-08-31 20:05:19] Executando MAV [ApInfo] — Ciclo Instantâneo #87
[2026-08-31 20:05:19] Comando: C:\Users\Matheus\PycharmProjects\PythonProject\.venv\Scripts\python.exe C:\Users\Matheus\PycharmProjects\PythonProject\testes_oficiais\scripts e playbook - ansible\minerador_vagas\main.py --site ApInfo
[2026-08-31 20:06:06] MAV [ApInfo] concluido com sucesso em 46.6 segundos.
[2026-08-31 20:06:06] Ciclo instantâneo #87 finalizado com sucesso em todas as fontes.
[2026-08-31 20:06:06] Executando MAV [ApInfo] — Ciclo Instantâneo #88
[2026-08-31 20:06:06] Comando: C:\Users\Matheus\PycharmProjects\PythonProject\.venv\Scripts\python.exe C:\Users\Matheus\PycharmProjects\PythonProject\testes_oficiais\scripts e playbook - ansible\minerador_vagas\main.py --site ApInfo
[2026-08-31 20:06:51] MAV [ApInfo] concluido com sucesso em 45.4 segundos.
[2026-08-31 20:06:51] Ciclo instantâneo #88 finalizado com sucesso em todas as fontes.
[2026-08-31 20:06:51] Executando MAV [ApInfo] — Ciclo Instantâneo #89
[2026-08-31 20:06:51] Comando: C:\Users\Matheus\PycharmProjects\PythonProject\.venv\Scripts\python.exe C:\Users\Matheus\PycharmProjects\PythonProject\testes_oficiais\scripts e playbook - ansible\minerador_vagas\main.py --site ApInfo
[2026-08-31 20:07:37] MAV [ApInfo] concluido com sucesso em 45.5 segundos.
[2026-08-31 20:07:37] Ciclo instantâneo #89 finalizado com sucesso em todas as fontes.
[2026-08-31 20:07:37] Executando MAV [ApInfo] — Ciclo Instantâneo #90
[2026-08-31 20:07:37] Comando: C:\Users\Matheus\PycharmProjects\PythonProject\.venv\Scripts\python.exe C:\Users\Matheus\PycharmProjects\PythonProject\testes_oficiais\scripts e playbook - ansible\minerador_vagas\main.py --site ApInfo
[2026-08-31 20:08:24] MAV [ApInfo] concluido com sucesso em 47.0 segundos.
[2026-08-31 20:08:24] Ciclo instantâneo #90 finalizado com sucesso em todas as fontes.
[2026-08-31 20:08:24] Executando MAV [ApInfo] — Ciclo Instantâneo #91
[2026-08-31 20:08:24] Comando: C:\Users\Matheus\PycharmProjects\PythonProject\.venv\Scripts\python.exe C:\Users\Matheus\PycharmProjects\PythonProject\testes_oficiais\scripts e playbook - ansible\minerador_vagas\main.py --site ApInfo
[2026-08-31 20:09:12] MAV [ApInfo] concluido com sucesso em 48.1 segundos.
[2026-08-31 20:09:12] Ciclo instantâneo #91 finalizado com sucesso em todas as fontes.
[2026-08-31 20:09:12] Executando MAV [ApInfo] — Ciclo Instantâneo #92
[2026-08-31 20:09:12] Comando: C:\Users\Matheus\PycharmProjects\PythonProject\.venv\Scripts\python.exe C:\Users\Matheus\PycharmProjects\PythonProject\testes_oficiais\scripts e playbook - ansible\minerador_vagas\main.py --site ApInfo
[2026-08-31 20:10:00] MAV [ApInfo] concluido com sucesso em 47.7 segundos.
[2026-08-31 20:10:00] Ciclo instantâneo #92 finalizado com sucesso em todas as fontes.
[2026-08-31 20:10:00] Executando MAV [ApInfo] — Ciclo Instantâneo #93
[2026-08-31 20:10:00] Comando: C:\Users\Matheus\PycharmProjects\PythonProject\.venv\Scripts\python.exe C:\Users\Matheus\PycharmProjects\PythonProject\testes_oficiais\scripts e playbook - ansible\minerador_vagas\main.py --site ApInfo
[2026-08-31 20:10:45] MAV [ApInfo] concluido com sucesso em 45.1 segundos.
[2026-08-31 20:10:45] Ciclo instantâneo #93 finalizado com sucesso em todas as fontes.
[2026-08-31 20:10:45] Executando MAV [ApInfo] — Ciclo Instantâneo #94
[2026-08-31 20:10:45] Comando: C:\Users\Matheus\PycharmProjects\PythonProject\.venv\Scripts\python.exe C:\Users\Matheus\PycharmProjects\PythonProject\testes_oficiais\scripts e playbook - ansible\minerador_vagas\main.py --site ApInfo
[2026-08-31 20:11:30] MAV [ApInfo] concluido com sucesso em 44.7 segundos.
[2026-08-31 20:11:30] Ciclo instantâneo #94 finalizado com sucesso em todas as fontes.
[2026-08-31 20:11:30] Executando MAV [ApInfo] — Ciclo Instantâneo #95
[2026-08-31 20:11:30] Comando: C:\Users\Matheus\PycharmProjects\PythonProject\.venv\Scripts\python.exe C:\Users\Matheus\PycharmProjects\PythonProject\testes_oficiais\scripts e playbook - ansible\minerador_vagas\main.py --site ApInfo
[2026-08-31 20:12:17] MAV [ApInfo] concluido com sucesso em 47.8 segundos.
[2026-08-31 20:12:17] Ciclo instantâneo #95 finalizado com sucesso em todas as fontes.
[2026-08-31 20:12:17] Executando MAV [ApInfo] — Ciclo Instantâneo #96
[2026-08-31 20:12:17] Comando: C:\Users\Matheus\PycharmProjects\PythonProject\.venv\Scripts\python.exe C:\Users\Matheus\PycharmProjects\PythonProject\testes_oficiais\scripts e playbook - ansible\minerador_vagas\main.py --site ApInfo
[2026-08-31 20:13:04] MAV [ApInfo] concluido com sucesso em 46.8 segundos.
[2026-08-31 20:13:04] Ciclo instantâneo #96 finalizado com sucesso em todas as fontes.
[2026-08-31 20:13:04] Executando MAV [ApInfo] — Ciclo Instantâneo #97
[2026-08-31 20:13:04] Comando: C:\Users\Matheus\PycharmProjects\PythonProject\.venv\Scripts\python.exe C:\Users\Matheus\PycharmProjects\PythonProject\testes_oficiais\scripts e playbook - ansible\minerador_vagas\main.py --site ApInfo
[2026-08-31 20:13:53] MAV [ApInfo] concluido com sucesso em 48.4 segundos.
[2026-08-31 20:13:53] Ciclo instantâneo #97 finalizado com sucesso em todas as fontes.
[2026-08-31 20:13:53] Executando MAV [ApInfo] — Ciclo Instantâneo #98
[2026-08-31 20:13:53] Comando: C:\Users\Matheus\PycharmProjects\PythonProject\.venv\Scripts\python.exe C:\Users\Matheus\PycharmProjects\PythonProject\testes_oficiais\scripts e playbook - ansible\minerador_vagas\main.py --site ApInfo
[2026-08-31 20:14:35] MAV [ApInfo] concluido com sucesso em 42.2 segundos.
[2026-08-31 20:14:35] Ciclo instantâneo #98 finalizado com sucesso em todas as fontes.
[2026-08-31 20:14:35] Executando MAV [ApInfo] — Ciclo Instantâneo #99
[2026-08-31 20:14:35] Comando: C:\Users\Matheus\PycharmProjects\PythonProject\.venv\Scripts\python.exe C:\Users\Matheus\PycharmProjects\PythonProject\testes_oficiais\scripts e playbook - ansible\minerador_vagas\main.py --site ApInfo
[2026-08-31 20:15:16] MAV [ApInfo] concluido com sucesso em 41.6 segundos.
[2026-08-31 20:15:16] Ciclo instantâneo #99 finalizado com sucesso em todas as fontes.
[2026-08-31 20:15:16] Executando MAV [ApInfo] — Ciclo Instantâneo #100
[2026-08-31 20:15:16] Comando: C:\Users\Matheus\PycharmProjects\PythonProject\.venv\Scripts\python.exe C:\Users\Matheus\PycharmProjects\PythonProject\testes_oficiais\scripts e playbook - ansible\minerador_vagas\main.py --site ApInfo
[2026-08-31 20:16:05] MAV [ApInfo] concluido com sucesso em 48.7 segundos.
[2026-08-31 20:16:05] Ciclo instantâneo #100 finalizado com sucesso em todas as fontes.
[2026-08-31 20:16:05] Executando MAV [ApInfo] — Ciclo Instantâneo #101
[2026-08-31 20:16:05] Comando: C:\Users\Matheus\PycharmProjects\PythonProject\.venv\Scripts\python.exe C:\Users\Matheus\PycharmProjects\PythonProject\testes_oficiais\scripts e playbook - ansible\minerador_vagas\main.py --site ApInfo
[2026-08-31 20:16:54] MAV [ApInfo] concluido com sucesso em 48.7 segundos.
[2026-08-31 20:16:54] Ciclo instantâneo #101 finalizado com sucesso em todas as fontes.
[2026-08-31 20:16:54] Executando MAV [ApInfo] — Ciclo Instantâneo #102
[2026-08-31 20:16:54] Comando: C:\Users\Matheus\PycharmProjects\PythonProject\.venv\Scripts\python.exe C:\Users\Matheus\PycharmProjects\PythonProject\testes_oficiais\scripts e playbook - ansible\minerador_vagas\main.py --site ApInfo
[2026-08-31 20:17:39] MAV [ApInfo] concluido com sucesso em 44.8 segundos.
[2026-08-31 20:17:39] Ciclo instantâneo #102 finalizado com sucesso em todas as fontes.
[2026-08-31 20:17:39] Executando MAV [ApInfo] — Ciclo Instantâneo #103
[2026-08-31 20:17:39] Comando: C:\Users\Matheus\PycharmProjects\PythonProject\.venv\Scripts\python.exe C:\Users\Matheus\PycharmProjects\PythonProject\testes_oficiais\scripts e playbook - ansible\minerador_vagas\main.py --site ApInfo
[2026-08-31 20:18:25] MAV [ApInfo] concluido com sucesso em 46.4 segundos.
[2026-08-31 20:18:25] Ciclo instantâneo #103 finalizado com sucesso em todas as fontes.
[2026-08-31 20:18:25] Executando MAV [ApInfo] — Ciclo Instantâneo #104
[2026-08-31 20:18:25] Comando: C:\Users\Matheus\PycharmProjects\PythonProject\.venv\Scripts\python.exe C:\Users\Matheus\PycharmProjects\PythonProject\testes_oficiais\scripts e playbook - ansible\minerador_vagas\main.py --site ApInfo
[2026-08-31 20:19:14] MAV [ApInfo] concluido com sucesso em 49.1 segundos.
[2026-08-31 20:19:14] Ciclo instantâneo #104 finalizado com sucesso em todas as fontes.
[2026-08-31 20:19:14] Executando MAV [ApInfo] — Ciclo Instantâneo #105
[2026-08-31 20:19:14] Comando: C:\Users\Matheus\PycharmProjects\PythonProject\.venv\Scripts\python.exe C:\Users\Matheus\PycharmProjects\PythonProject\testes_oficiais\scripts e playbook - ansible\minerador_vagas\main.py --site ApInfo
[2026-08-31 20:19:59] MAV [ApInfo] concluido com sucesso em 45.1 segundos.
[2026-08-31 20:19:59] Ciclo instantâneo #105 finalizado com sucesso em todas as fontes.
[2026-08-31 20:19:59] Executando MAV [ApInfo] — Ciclo Instantâneo #106
[2026-08-31 20:19:59] Comando: C:\Users\Matheus\PycharmProjects\PythonProject\.venv\Scripts\python.exe C:\Users\Matheus\PycharmProjects\PythonProject\testes_oficiais\scripts e playbook - ansible\minerador_vagas\main.py --site ApInfo
[2026-08-31 20:20:47] MAV [ApInfo] concluido com sucesso em 47.7 segundos.
[2026-08-31 20:20:47] Ciclo instantâneo #106 finalizado com sucesso em todas as fontes.
[2026-08-31 20:20:47] Executando MAV [ApInfo] — Ciclo Instantâneo #107
[2026-08-31 20:20:47] Comando: C:\Users\Matheus\PycharmProjects\PythonProject\.venv\Scripts\python.exe C:\Users\Matheus\PycharmProjects\PythonProject\testes_oficiais\scripts e playbook - ansible\minerador_vagas\main.py --site ApInfo
[2026-08-31 20:21:36] MAV [ApInfo] concluido com sucesso em 48.7 segundos.
[2026-08-31 20:21:36] Ciclo instantâneo #107 finalizado com sucesso em todas as fontes.
[2026-08-31 20:21:36] Executando MAV [ApInfo] — Ciclo Instantâneo #108
[2026-08-31 20:21:36] Comando: C:\Users\Matheus\PycharmProjects\PythonProject\.venv\Scripts\python.exe C:\Users\Matheus\PycharmProjects\PythonProject\testes_oficiais\scripts e playbook - ansible\minerador_vagas\main.py --site ApInfo
[2026-08-31 20:22:20] MAV [ApInfo] concluido com sucesso em 44.8 segundos.
[2026-08-31 20:22:20] Ciclo instantâneo #108 finalizado com sucesso em todas as fontes.
[2026-08-31 20:22:20] Executando MAV [ApInfo] — Ciclo Instantâneo #109
[2026-08-31 20:22:20] Comando: C:\Users\Matheus\PycharmProjects\PythonProject\.venv\Scripts\python.exe C:\Users\Matheus\PycharmProjects\PythonProject\testes_oficiais\scripts e playbook - ansible\minerador_vagas\main.py --site ApInfo
[2026-08-31 20:23:08] MAV [ApInfo] concluido com sucesso em 47.5 segundos.
[2026-08-31 20:23:08] Ciclo instantâneo #109 finalizado com sucesso em todas as fontes.
[2026-08-31 20:23:08] Executando MAV [ApInfo] — Ciclo Instantâneo #110
[2026-08-31 20:23:08] Comando: C:\Users\Matheus\PycharmProjects\PythonProject\.venv\Scripts\python.exe C:\Users\Matheus\PycharmProjects\PythonProject\testes_oficiais\scripts e playbook - ansible\minerador_vagas\main.py --site ApInfo
[2026-08-31 20:23:58] MAV [ApInfo] concluido com sucesso em 50.2 segundos.
[2026-08-31 20:23:58] Ciclo instantâneo #110 finalizado com sucesso em todas as fontes.
[2026-08-31 20:23:58] Executando MAV [ApInfo] — Ciclo Instantâneo #111
[2026-08-31 20:23:58] Comando: C:\Users\Matheus\PycharmProjects\PythonProject\.venv\Scripts\python.exe C:\Users\Matheus\PycharmProjects\PythonProject\testes_oficiais\scripts e playbook - ansible\minerador_vagas\main.py --site ApInfo
[2026-08-31 20:24:43] MAV [ApInfo] concluido com sucesso em 45.3 segundos.
[2026-08-31 20:24:43] Ciclo instantâneo #111 finalizado com sucesso em todas as fontes.
[2026-08-31 20:24:43] Executando MAV [ApInfo] — Ciclo Instantâneo #112
[2026-08-31 20:24:43] Comando: C:\Users\Matheus\PycharmProjects\PythonProject\.venv\Scripts\python.exe C:\Users\Matheus\PycharmProjects\PythonProject\testes_oficiais\scripts e playbook - ansible\minerador_vagas\main.py --site ApInfo
[2026-08-31 20:25:32] MAV [ApInfo] concluido com sucesso em 49.1 segundos.
[2026-08-31 20:25:32] Ciclo instantâneo #112 finalizado com sucesso em todas as fontes.
[2026-08-31 20:25:32] Executando MAV [ApInfo] — Ciclo Instantâneo #113
[2026-08-31 20:25:32] Comando: C:\Users\Matheus\PycharmProjects\PythonProject\.venv\Scripts\python.exe C:\Users\Matheus\PycharmProjects\PythonProject\testes_oficiais\scripts e playbook - ansible\minerador_vagas\main.py --site ApInfo
[2026-08-31 20:26:24] MAV [ApInfo] concluido com sucesso em 51.2 segundos.
[2026-08-31 20:26:24] Ciclo instantâneo #113 finalizado com sucesso em todas as fontes.
[2026-08-31 20:26:24] Executando MAV [ApInfo] — Ciclo Instantâneo #114
[2026-08-31 20:26:24] Comando: C:\Users\Matheus\PycharmProjects\PythonProject\.venv\Scripts\python.exe C:\Users\Matheus\PycharmProjects\PythonProject\testes_oficiais\scripts e playbook - ansible\minerador_vagas\main.py --site ApInfo
[2026-08-31 20:27:10] MAV [ApInfo] concluido com sucesso em 46.3 segundos.
[2026-08-31 20:27:10] Ciclo instantâneo #114 finalizado com sucesso em todas as fontes.
[2026-08-31 20:27:10] Executando MAV [ApInfo] — Ciclo Instantâneo #115
[2026-08-31 20:27:10] Comando: C:\Users\Matheus\PycharmProjects\PythonProject\.venv\Scripts\python.exe C:\Users\Matheus\PycharmProjects\PythonProject\testes_oficiais\scripts e playbook - ansible\minerador_vagas\main.py --site ApInfo
[2026-08-31 20:27:57] MAV [ApInfo] concluido com sucesso em 47.1 segundos.
[2026-08-31 20:27:57] Ciclo instantâneo #115 finalizado com sucesso em todas as fontes.
[2026-08-31 20:27:57] Executando MAV [ApInfo] — Ciclo Instantâneo #116
[2026-08-31 20:27:57] Comando: C:\Users\Matheus\PycharmProjects\PythonProject\.venv\Scripts\python.exe C:\Users\Matheus\PycharmProjects\PythonProject\testes_oficiais\scripts e playbook - ansible\minerador_vagas\main.py --site ApInfo
[2026-08-31 20:28:42] MAV [ApInfo] concluido com sucesso em 44.5 segundos.
[2026-08-31 20:28:42] Ciclo instantâneo #116 finalizado com sucesso em todas as fontes.
[2026-08-31 20:28:42] Executando MAV [ApInfo] — Ciclo Instantâneo #117
[2026-08-31 20:28:42] Comando: C:\Users\Matheus\PycharmProjects\PythonProject\.venv\Scripts\python.exe C:\Users\Matheus\PycharmProjects\PythonProject\testes_oficiais\scripts e playbook - ansible\minerador_vagas\main.py --site ApInfo
[2026-08-31 20:29:27] MAV [ApInfo] concluido com sucesso em 45.3 segundos.
[2026-08-31 20:29:27] Ciclo instantâneo #117 finalizado com sucesso em todas as fontes.
[2026-08-31 20:29:27] Executando MAV [ApInfo] — Ciclo Instantâneo #118
[2026-08-31 20:29:27] Comando: C:\Users\Matheus\PycharmProjects\PythonProject\.venv\Scripts\python.exe C:\Users\Matheus\PycharmProjects\PythonProject\testes_oficiais\scripts e playbook - ansible\minerador_vagas\main.py --site ApInfo
[2026-08-31 20:30:13] MAV [ApInfo] concluido com sucesso em 46.4 segundos.
[2026-08-31 20:30:13] Ciclo instantâneo #118 finalizado com sucesso em todas as fontes.
[2026-08-31 20:30:13] Executando MAV [ApInfo] — Ciclo Instantâneo #119
[2026-08-31 20:30:13] Comando: C:\Users\Matheus\PycharmProjects\PythonProject\.venv\Scripts\python.exe C:\Users\Matheus\PycharmProjects\PythonProject\testes_oficiais\scripts e playbook - ansible\minerador_vagas\main.py --site ApInfo
[2026-08-31 20:31:00] MAV [ApInfo] concluido com sucesso em 46.8 segundos.
[2026-08-31 20:31:00] Ciclo instantâneo #119 finalizado com sucesso em todas as fontes.
[2026-08-31 20:31:00] Executando MAV [ApInfo] — Ciclo Instantâneo #120
[2026-08-31 20:31:00] Comando: C:\Users\Matheus\PycharmProjects\PythonProject\.venv\Scripts\python.exe C:\Users\Matheus\PycharmProjects\PythonProject\testes_oficiais\scripts e playbook - ansible\minerador_vagas\main.py --site ApInfo
[2026-08-31 20:31:50] MAV [ApInfo] concluido com sucesso em 49.8 segundos.
[2026-08-31 20:31:50] Ciclo instantâneo #120 finalizado com sucesso em todas as fontes.
[2026-08-31 20:31:50] Executando MAV [ApInfo] — Ciclo Instantâneo #121
[2026-08-31 20:31:50] Comando: C:\Users\Matheus\PycharmProjects\PythonProject\.venv\Scripts\python.exe C:\Users\Matheus\PycharmProjects\PythonProject\testes_oficiais\scripts e playbook - ansible\minerador_vagas\main.py --site ApInfo
[2026-08-31 20:32:35] MAV [ApInfo] concluido com sucesso em 44.7 segundos.
[2026-08-31 20:32:35] Ciclo instantâneo #121 finalizado com sucesso em todas as fontes.
[2026-08-31 20:32:35] Executando MAV [ApInfo] — Ciclo Instantâneo #122
[2026-08-31 20:32:35] Comando: C:\Users\Matheus\PycharmProjects\PythonProject\.venv\Scripts\python.exe C:\Users\Matheus\PycharmProjects\PythonProject\testes_oficiais\scripts e playbook - ansible\minerador_vagas\main.py --site ApInfo
[2026-08-31 20:33:19] MAV [ApInfo] concluido com sucesso em 44.2 segundos.
[2026-08-31 20:33:19] Ciclo instantâneo #122 finalizado com sucesso em todas as fontes.
[2026-08-31 20:33:19] Executando MAV [ApInfo] — Ciclo Instantâneo #123
[2026-08-31 20:33:19] Comando: C:\Users\Matheus\PycharmProjects\PythonProject\.venv\Scripts\python.exe C:\Users\Matheus\PycharmProjects\PythonProject\testes_oficiais\scripts e playbook - ansible\minerador_vagas\main.py --site ApInfo
[2026-08-31 20:34:12] MAV [ApInfo] concluido com sucesso em 52.9 segundos.
[2026-08-31 20:34:12] Ciclo instantâneo #123 finalizado com sucesso em todas as fontes.
[2026-08-31 20:34:12] Executando MAV [ApInfo] — Ciclo Instantâneo #124
[2026-08-31 20:34:12] Comando: C:\Users\Matheus\PycharmProjects\PythonProject\.venv\Scripts\python.exe C:\Users\Matheus\PycharmProjects\PythonProject\testes_oficiais\scripts e playbook - ansible\minerador_vagas\main.py --site ApInfo
[2026-08-31 20:35:01] MAV [ApInfo] concluido com sucesso em 49.1 segundos.
[2026-08-31 20:35:01] Ciclo instantâneo #124 finalizado com sucesso em todas as fontes.
[2026-08-31 20:35:01] Executando MAV [ApInfo] — Ciclo Instantâneo #125
[2026-08-31 20:35:01] Comando: C:\Users\Matheus\PycharmProjects\PythonProject\.venv\Scripts\python.exe C:\Users\Matheus\PycharmProjects\PythonProject\testes_oficiais\scripts e playbook - ansible\minerador_vagas\main.py --site ApInfo
[2026-08-31 20:35:48] MAV [ApInfo] concluido com sucesso em 47.8 segundos.
[2026-08-31 20:35:48] Ciclo instantâneo #125 finalizado com sucesso em todas as fontes.
[2026-08-31 20:35:48] Executando MAV [ApInfo] — Ciclo Instantâneo #126
[2026-08-31 20:35:48] Comando: C:\Users\Matheus\PycharmProjects\PythonProject\.venv\Scripts\python.exe C:\Users\Matheus\PycharmProjects\PythonProject\testes_oficiais\scripts e playbook - ansible\minerador_vagas\main.py --site ApInfo
[2026-08-31 20:36:33] MAV [ApInfo] concluido com sucesso em 44.5 segundos.
[2026-08-31 20:36:33] Ciclo instantâneo #126 finalizado com sucesso em todas as fontes.
[2026-08-31 20:36:33] Executando MAV [ApInfo] — Ciclo Instantâneo #127
[2026-08-31 20:36:33] Comando: C:\Users\Matheus\PycharmProjects\PythonProject\.venv\Scripts\python.exe C:\Users\Matheus\PycharmProjects\PythonProject\testes_oficiais\scripts e playbook - ansible\minerador_vagas\main.py --site ApInfo
[2026-08-31 20:37:18] MAV [ApInfo] concluido com sucesso em 45.5 segundos.
[2026-08-31 20:37:18] Ciclo instantâneo #127 finalizado com sucesso em todas as fontes.
[2026-08-31 20:37:18] Executando MAV [ApInfo] — Ciclo Instantâneo #128
[2026-08-31 20:37:18] Comando: C:\Users\Matheus\PycharmProjects\PythonProject\.venv\Scripts\python.exe C:\Users\Matheus\PycharmProjects\PythonProject\testes_oficiais\scripts e playbook - ansible\minerador_vagas\main.py --site ApInfo
[2026-08-31 20:38:05] MAV [ApInfo] concluido com sucesso em 46.1 segundos.
[2026-08-31 20:38:05] Ciclo instantâneo #128 finalizado com sucesso em todas as fontes.
[2026-08-31 20:38:05] Executando MAV [ApInfo] — Ciclo Instantâneo #129
[2026-08-31 20:38:05] Comando: C:\Users\Matheus\PycharmProjects\PythonProject\.venv\Scripts\python.exe C:\Users\Matheus\PycharmProjects\PythonProject\testes_oficiais\scripts e playbook - ansible\minerador_vagas\main.py --site ApInfo
[2026-08-31 20:38:54] MAV [ApInfo] concluido com sucesso em 49.6 segundos.
[2026-08-31 20:38:54] Ciclo instantâneo #129 finalizado com sucesso em todas as fontes.
[2026-08-31 20:38:54] Executando MAV [ApInfo] — Ciclo Instantâneo #130
[2026-08-31 20:38:54] Comando: C:\Users\Matheus\PycharmProjects\PythonProject\.venv\Scripts\python.exe C:\Users\Matheus\PycharmProjects\PythonProject\testes_oficiais\scripts e playbook - ansible\minerador_vagas\main.py --site ApInfo
[2026-08-31 20:39:39] MAV [ApInfo] concluido com sucesso em 45.2 segundos.
[2026-08-31 20:39:39] Ciclo instantâneo #130 finalizado com sucesso em todas as fontes.
[2026-08-31 20:39:39] Executando MAV [ApInfo] — Ciclo Instantâneo #131
[2026-08-31 20:39:39] Comando: C:\Users\Matheus\PycharmProjects\PythonProject\.venv\Scripts\python.exe C:\Users\Matheus\PycharmProjects\PythonProject\testes_oficiais\scripts e playbook - ansible\minerador_vagas\main.py --site ApInfo
[2026-08-31 20:40:25] MAV [ApInfo] concluido com sucesso em 46.0 segundos.
[2026-08-31 20:40:25] Ciclo instantâneo #131 finalizado com sucesso em todas as fontes.
[2026-08-31 20:40:25] Executando MAV [ApInfo] — Ciclo Instantâneo #132
[2026-08-31 20:40:25] Comando: C:\Users\Matheus\PycharmProjects\PythonProject\.venv\Scripts\python.exe C:\Users\Matheus\PycharmProjects\PythonProject\testes_oficiais\scripts e playbook - ansible\minerador_vagas\main.py --site ApInfo
[2026-08-31 20:41:07] MAV [ApInfo] concluido com sucesso em 42.0 segundos.
[2026-08-31 20:41:07] Ciclo instantâneo #132 finalizado com sucesso em todas as fontes.
[2026-08-31 20:41:07] Executando MAV [ApInfo] — Ciclo Instantâneo #133
[2026-08-31 20:41:07] Comando: C:\Users\Matheus\PycharmProjects\PythonProject\.venv\Scripts\python.exe C:\Users\Matheus\PycharmProjects\PythonProject\testes_oficiais\scripts e playbook - ansible\minerador_vagas\main.py --site ApInfo
[2026-08-31 20:41:56] MAV [ApInfo] concluido com sucesso em 49.0 segundos.
[2026-08-31 20:41:56] Ciclo instantâneo #133 finalizado com sucesso em todas as fontes.
[2026-08-31 20:41:56] Executando MAV [ApInfo] — Ciclo Instantâneo #134
[2026-08-31 20:41:56] Comando: C:\Users\Matheus\PycharmProjects\PythonProject\.venv\Scripts\python.exe C:\Users\Matheus\PycharmProjects\PythonProject\testes_oficiais\scripts e playbook - ansible\minerador_vagas\main.py --site ApInfo
[2026-08-31 20:42:47] MAV [ApInfo] concluido com sucesso em 50.3 segundos.
[2026-08-31 20:42:47] Ciclo instantâneo #134 finalizado com sucesso em todas as fontes.
[2026-08-31 20:42:47] Executando MAV [ApInfo] — Ciclo Instantâneo #135
[2026-08-31 20:42:47] Comando: C:\Users\Matheus\PycharmProjects\PythonProject\.venv\Scripts\python.exe C:\Users\Matheus\PycharmProjects\PythonProject\testes_oficiais\scripts e playbook - ansible\minerador_vagas\main.py --site ApInfo
[2026-08-31 20:43:34] MAV [ApInfo] concluido com sucesso em 47.7 segundos.
[2026-08-31 20:43:34] Ciclo instantâneo #135 finalizado com sucesso em todas as fontes.
[2026-08-31 20:43:34] Executando MAV [ApInfo] — Ciclo Instantâneo #136
[2026-08-31 20:43:34] Comando: C:\Users\Matheus\PycharmProjects\PythonProject\.venv\Scripts\python.exe C:\Users\Matheus\PycharmProjects\PythonProject\testes_oficiais\scripts e playbook - ansible\minerador_vagas\main.py --site ApInfo
[2026-08-31 20:44:20] MAV [ApInfo] concluido com sucesso em 45.8 segundos.
[2026-08-31 20:44:20] Ciclo instantâneo #136 finalizado com sucesso em todas as fontes.
[2026-08-31 20:44:20] Executando MAV [ApInfo] — Ciclo Instantâneo #137
[2026-08-31 20:44:20] Comando: C:\Users\Matheus\PycharmProjects\PythonProject\.venv\Scripts\python.exe C:\Users\Matheus\PycharmProjects\PythonProject\testes_oficiais\scripts e playbook - ansible\minerador_vagas\main.py --site ApInfo
[2026-08-31 20:45:07] MAV [ApInfo] concluido com sucesso em 47.1 segundos.
[2026-08-31 20:45:07] Ciclo instantâneo #137 finalizado com sucesso em todas as fontes.
[2026-08-31 20:45:07] Executando MAV [ApInfo] — Ciclo Instantâneo #138
[2026-08-31 20:45:07] Comando: C:\Users\Matheus\PycharmProjects\PythonProject\.venv\Scripts\python.exe C:\Users\Matheus\PycharmProjects\PythonProject\testes_oficiais\scripts e playbook - ansible\minerador_vagas\main.py --site ApInfo
[2026-08-31 20:45:55] MAV [ApInfo] concluido com sucesso em 47.9 segundos.
[2026-08-31 20:45:55] Ciclo instantâneo #138 finalizado com sucesso em todas as fontes.
[2026-08-31 20:45:55] Executando MAV [ApInfo] — Ciclo Instantâneo #139
[2026-08-31 20:45:55] Comando: C:\Users\Matheus\PycharmProjects\PythonProject\.venv\Scripts\python.exe C:\Users\Matheus\PycharmProjects\PythonProject\testes_oficiais\scripts e playbook - ansible\minerador_vagas\main.py --site ApInfo
[2026-08-31 20:46:43] MAV [ApInfo] concluido com sucesso em 47.6 segundos.
[2026-08-31 20:46:43] Ciclo instantâneo #139 finalizado com sucesso em todas as fontes.
[2026-08-31 20:46:43] Executando MAV [ApInfo] — Ciclo Instantâneo #140
[2026-08-31 20:46:43] Comando: C:\Users\Matheus\PycharmProjects\PythonProject\.venv\Scripts\python.exe C:\Users\Matheus\PycharmProjects\PythonProject\testes_oficiais\scripts e playbook - ansible\minerador_vagas\main.py --site ApInfo
[2026-08-31 20:47:32] MAV [ApInfo] concluido com sucesso em 49.4 segundos.
[2026-08-31 20:47:32] Ciclo instantâneo #140 finalizado com sucesso em todas as fontes.
[2026-08-31 20:47:32] Executando MAV [ApInfo] — Ciclo Instantâneo #141
[2026-08-31 20:47:32] Comando: C:\Users\Matheus\PycharmProjects\PythonProject\.venv\Scripts\python.exe C:\Users\Matheus\PycharmProjects\PythonProject\testes_oficiais\scripts e playbook - ansible\minerador_vagas\main.py --site ApInfo
[2026-08-31 20:48:20] MAV [ApInfo] concluido com sucesso em 47.9 segundos.
[2026-08-31 20:48:20] Ciclo instantâneo #141 finalizado com sucesso em todas as fontes.
[2026-08-31 20:48:20] Executando MAV [ApInfo] — Ciclo Instantâneo #142
[2026-08-31 20:48:20] Comando: C:\Users\Matheus\PycharmProjects\PythonProject\.venv\Scripts\python.exe C:\Users\Matheus\PycharmProjects\PythonProject\testes_oficiais\scripts e playbook - ansible\minerador_vagas\main.py --site ApInfo
[2026-08-31 20:49:10] MAV [ApInfo] concluido com sucesso em 50.3 segundos.
[2026-08-31 20:49:10] Ciclo instantâneo #142 finalizado com sucesso em todas as fontes.
[2026-08-31 20:49:10] Executando MAV [ApInfo] — Ciclo Instantâneo #143
[2026-08-31 20:49:10] Comando: C:\Users\Matheus\PycharmProjects\PythonProject\.venv\Scripts\python.exe C:\Users\Matheus\PycharmProjects\PythonProject\testes_oficiais\scripts e playbook - ansible\minerador_vagas\main.py --site ApInfo
[2026-08-31 20:49:54] MAV [ApInfo] concluido com sucesso em 43.5 segundos.
[2026-08-31 20:49:54] Ciclo instantâneo #143 finalizado com sucesso em todas as fontes.
[2026-08-31 20:49:54] Executando MAV [ApInfo] — Ciclo Instantâneo #144
[2026-08-31 20:49:54] Comando: C:\Users\Matheus\PycharmProjects\PythonProject\.venv\Scripts\python.exe C:\Users\Matheus\PycharmProjects\PythonProject\testes_oficiais\scripts e playbook - ansible\minerador_vagas\main.py --site ApInfo
[2026-08-31 20:50:40] MAV [ApInfo] concluido com sucesso em 46.5 segundos.
[2026-08-31 20:50:40] Ciclo instantâneo #144 finalizado com sucesso em todas as fontes.
[2026-08-31 20:50:40] Executando MAV [ApInfo] — Ciclo Instantâneo #145
[2026-08-31 20:50:40] Comando: C:\Users\Matheus\PycharmProjects\PythonProject\.venv\Scripts\python.exe C:\Users\Matheus\PycharmProjects\PythonProject\testes_oficiais\scripts e playbook - ansible\minerador_vagas\main.py --site ApInfo
[2026-08-31 20:51:27] MAV [ApInfo] concluido com sucesso em 46.2 segundos.
[2026-08-31 20:51:27] Ciclo instantâneo #145 finalizado com sucesso em todas as fontes.
[2026-08-31 20:51:27] Executando MAV [ApInfo] — Ciclo Instantâneo #146
[2026-08-31 20:51:27] Comando: C:\Users\Matheus\PycharmProjects\PythonProject\.venv\Scripts\python.exe C:\Users\Matheus\PycharmProjects\PythonProject\testes_oficiais\scripts e playbook - ansible\minerador_vagas\main.py --site ApInfo
[2026-08-31 20:52:15] MAV [ApInfo] concluido com sucesso em 48.9 segundos.
[2026-08-31 20:52:15] Ciclo instantâneo #146 finalizado com sucesso em todas as fontes.
[2026-08-31 20:52:15] Executando MAV [ApInfo] — Ciclo Instantâneo #147
[2026-08-31 20:52:15] Comando: C:\Users\Matheus\PycharmProjects\PythonProject\.venv\Scripts\python.exe C:\Users\Matheus\PycharmProjects\PythonProject\testes_oficiais\scripts e playbook - ansible\minerador_vagas\main.py --site ApInfo
[2026-08-31 20:53:03] MAV [ApInfo] concluido com sucesso em 47.8 segundos.
[2026-08-31 20:53:03] Ciclo instantâneo #147 finalizado com sucesso em todas as fontes.
[2026-08-31 20:53:03] Executando MAV [ApInfo] — Ciclo Instantâneo #148
[2026-08-31 20:53:03] Comando: C:\Users\Matheus\PycharmProjects\PythonProject\.venv\Scripts\python.exe C:\Users\Matheus\PycharmProjects\PythonProject\testes_oficiais\scripts e playbook - ansible\minerador_vagas\main.py --site ApInfo
[2026-08-31 20:53:54] MAV [ApInfo] concluido com sucesso em 51.1 segundos.
[2026-08-31 20:53:54] Ciclo instantâneo #148 finalizado com sucesso em todas as fontes.
[2026-08-31 20:53:54] Executando MAV [ApInfo] — Ciclo Instantâneo #149
[2026-08-31 20:53:54] Comando: C:\Users\Matheus\PycharmProjects\PythonProject\.venv\Scripts\python.exe C:\Users\Matheus\PycharmProjects\PythonProject\testes_oficiais\scripts e playbook - ansible\minerador_vagas\main.py --site ApInfo
[2026-08-31 20:54:44] MAV [ApInfo] concluido com sucesso em 49.4 segundos.
[2026-08-31 20:54:44] Ciclo instantâneo #149 finalizado com sucesso em todas as fontes.
[2026-08-31 20:54:44] Executando MAV [ApInfo] — Ciclo Instantâneo #150
[2026-08-31 20:54:44] Comando: C:\Users\Matheus\PycharmProjects\PythonProject\.venv\Scripts\python.exe C:\Users\Matheus\PycharmProjects\PythonProject\testes_oficiais\scripts e playbook - ansible\minerador_vagas\main.py --site ApInfo
[2026-08-31 20:55:32] MAV [ApInfo] concluido com sucesso em 47.9 segundos.
[2026-08-31 20:55:32] Ciclo instantâneo #150 finalizado com sucesso em todas as fontes.
[2026-08-31 20:55:32] Executando MAV [ApInfo] — Ciclo Instantâneo #151
[2026-08-31 20:55:32] Comando: C:\Users\Matheus\PycharmProjects\PythonProject\.venv\Scripts\python.exe C:\Users\Matheus\PycharmProjects\PythonProject\testes_oficiais\scripts e playbook - ansible\minerador_vagas\main.py --site ApInfo
[2026-08-31 20:56:21] MAV [ApInfo] concluido com sucesso em 49.5 segundos.
[2026-08-31 20:56:21] Ciclo instantâneo #151 finalizado com sucesso em todas as fontes.
[2026-08-31 20:56:21] Executando MAV [ApInfo] — Ciclo Instantâneo #152
[2026-08-31 20:56:21] Comando: C:\Users\Matheus\PycharmProjects\PythonProject\.venv\Scripts\python.exe C:\Users\Matheus\PycharmProjects\PythonProject\testes_oficiais\scripts e playbook - ansible\minerador_vagas\main.py --site ApInfo
[2026-08-31 20:57:14] MAV [ApInfo] concluido com sucesso em 52.8 segundos.
[2026-08-31 20:57:14] Ciclo instantâneo #152 finalizado com sucesso em todas as fontes.
[2026-08-31 20:57:14] Executando MAV [ApInfo] — Ciclo Instantâneo #153
[2026-08-31 20:57:14] Comando: C:\Users\Matheus\PycharmProjects\PythonProject\.venv\Scripts\python.exe C:\Users\Matheus\PycharmProjects\PythonProject\testes_oficiais\scripts e playbook - ansible\minerador_vagas\main.py --site ApInfo
[2026-08-31 20:58:06] MAV [ApInfo] concluido com sucesso em 52.2 segundos.
[2026-08-31 20:58:06] Ciclo instantâneo #153 finalizado com sucesso em todas as fontes.
[2026-08-31 20:58:06] Executando MAV [ApInfo] — Ciclo Instantâneo #154
[2026-08-31 20:58:06] Comando: C:\Users\Matheus\PycharmProjects\PythonProject\.venv\Scripts\python.exe C:\Users\Matheus\PycharmProjects\PythonProject\testes_oficiais\scripts e playbook - ansible\minerador_vagas\main.py --site ApInfo
[2026-08-31 20:58:58] MAV [ApInfo] concluido com sucesso em 52.3 segundos.
[2026-08-31 20:58:58] Ciclo instantâneo #154 finalizado com sucesso em todas as fontes.
[2026-08-31 20:58:58] Executando MAV [ApInfo] — Ciclo Instantâneo #155
[2026-08-31 20:58:58] Comando: C:\Users\Matheus\PycharmProjects\PythonProject\.venv\Scripts\python.exe C:\Users\Matheus\PycharmProjects\PythonProject\testes_oficiais\scripts e playbook - ansible\minerador_vagas\main.py --site ApInfo
[2026-08-31 20:59:48] MAV [ApInfo] concluido com sucesso em 49.1 segundos.
[2026-08-31 20:59:48] Ciclo instantâneo #155 finalizado com sucesso em todas as fontes.
[2026-08-31 20:59:48] Executando MAV [ApInfo] — Ciclo Instantâneo #156
[2026-08-31 20:59:48] Comando: C:\Users\Matheus\PycharmProjects\PythonProject\.venv\Scripts\python.exe C:\Users\Matheus\PycharmProjects\PythonProject\testes_oficiais\scripts e playbook - ansible\minerador_vagas\main.py --site ApInfo
[2026-08-31 21:00:38] MAV [ApInfo] concluido com sucesso em 50.0 segundos.
[2026-08-31 21:00:38] Ciclo instantâneo #156 finalizado com sucesso em todas as fontes.
[2026-08-31 21:00:38] Executando MAV [ApInfo] — Ciclo Instantâneo #157
[2026-08-31 21:00:38] Comando: C:\Users\Matheus\PycharmProjects\PythonProject\.venv\Scripts\python.exe C:\Users\Matheus\PycharmProjects\PythonProject\testes_oficiais\scripts e playbook - ansible\minerador_vagas\main.py --site ApInfo
[2026-08-31 21:01:28] MAV [ApInfo] concluido com sucesso em 49.9 segundos.
[2026-08-31 21:01:28] Ciclo instantâneo #157 finalizado com sucesso em todas as fontes.
[2026-08-31 21:01:28] Executando MAV [ApInfo] — Ciclo Instantâneo #158
[2026-08-31 21:01:28] Comando: C:\Users\Matheus\PycharmProjects\PythonProject\.venv\Scripts\python.exe C:\Users\Matheus\PycharmProjects\PythonProject\testes_oficiais\scripts e playbook - ansible\minerador_vagas\main.py --site ApInfo
[2026-08-31 21:02:17] MAV [ApInfo] concluido com sucesso em 49.0 segundos.
[2026-08-31 21:02:17] Ciclo instantâneo #158 finalizado com sucesso em todas as fontes.
[2026-08-31 21:02:17] Executando MAV [ApInfo] — Ciclo Instantâneo #159
[2026-08-31 21:02:17] Comando: C:\Users\Matheus\PycharmProjects\PythonProject\.venv\Scripts\python.exe C:\Users\Matheus\PycharmProjects\PythonProject\testes_oficiais\scripts e playbook - ansible\minerador_vagas\main.py --site ApInfo
[2026-08-31 21:03:01] MAV [ApInfo] concluido com sucesso em 44.8 segundos.
[2026-08-31 21:03:01] Ciclo instantâneo #159 finalizado com sucesso em todas as fontes.
[2026-08-31 21:03:01] Executando MAV [ApInfo] — Ciclo Instantâneo #160
[2026-08-31 21:03:01] Comando: C:\Users\Matheus\PycharmProjects\PythonProject\.venv\Scripts\python.exe C:\Users\Matheus\PycharmProjects\PythonProject\testes_oficiais\scripts e playbook - ansible\minerador_vagas\main.py --site ApInfo
[2026-08-31 21:03:48] MAV [ApInfo] concluido com sucesso em 46.2 segundos.
[2026-08-31 21:03:48] Ciclo instantâneo #160 finalizado com sucesso em todas as fontes.
[2026-08-31 21:03:48] Executando MAV [ApInfo] — Ciclo Instantâneo #161
[2026-08-31 21:03:48] Comando: C:\Users\Matheus\PycharmProjects\PythonProject\.venv\Scripts\python.exe C:\Users\Matheus\PycharmProjects\PythonProject\testes_oficiais\scripts e playbook - ansible\minerador_vagas\main.py --site ApInfo
[2026-08-31 21:04:32] MAV [ApInfo] concluido com sucesso em 44.9 segundos.
[2026-08-31 21:04:32] Ciclo instantâneo #161 finalizado com sucesso em todas as fontes.
[2026-08-31 21:04:32] Executando MAV [ApInfo] — Ciclo Instantâneo #162
[2026-08-31 21:04:32] Comando: C:\Users\Matheus\PycharmProjects\PythonProject\.venv\Scripts\python.exe C:\Users\Matheus\PycharmProjects\PythonProject\testes_oficiais\scripts e playbook - ansible\minerador_vagas\main.py --site ApInfo
[2026-08-31 21:05:22] MAV [ApInfo] concluido com sucesso em 49.6 segundos.
[2026-08-31 21:05:22] Ciclo instantâneo #162 finalizado com sucesso em todas as fontes.
[2026-08-31 21:05:22] Executando MAV [ApInfo] — Ciclo Instantâneo #163
[2026-08-31 21:05:22] Comando: C:\Users\Matheus\PycharmProjects\PythonProject\.venv\Scripts\python.exe C:\Users\Matheus\PycharmProjects\PythonProject\testes_oficiais\scripts e playbook - ansible\minerador_vagas\main.py --site ApInfo
[2026-08-31 21:06:10] MAV [ApInfo] concluido com sucesso em 47.5 segundos.
[2026-08-31 21:06:10] Ciclo instantâneo #163 finalizado com sucesso em todas as fontes.
[2026-08-31 21:06:10] Executando MAV [ApInfo] — Ciclo Instantâneo #164
[2026-08-31 21:06:10] Comando: C:\Users\Matheus\PycharmProjects\PythonProject\.venv\Scripts\python.exe C:\Users\Matheus\PycharmProjects\PythonProject\testes_oficiais\scripts e playbook - ansible\minerador_vagas\main.py --site ApInfo
[2026-08-31 21:06:57] MAV [ApInfo] concluido com sucesso em 47.5 segundos.
[2026-08-31 21:06:57] Ciclo instantâneo #164 finalizado com sucesso em todas as fontes.
[2026-08-31 21:06:57] Executando MAV [ApInfo] — Ciclo Instantâneo #165
[2026-08-31 21:06:57] Comando: C:\Users\Matheus\PycharmProjects\PythonProject\.venv\Scripts\python.exe C:\Users\Matheus\PycharmProjects\PythonProject\testes_oficiais\scripts e playbook - ansible\minerador_vagas\main.py --site ApInfo
[2026-08-31 21:07:44] MAV [ApInfo] concluido com sucesso em 47.1 segundos.
[2026-08-31 21:07:44] Ciclo instantâneo #165 finalizado com sucesso em todas as fontes.
[2026-08-31 21:07:44] Executando MAV [ApInfo] — Ciclo Instantâneo #166
[2026-08-31 21:07:44] Comando: C:\Users\Matheus\PycharmProjects\PythonProject\.venv\Scripts\python.exe C:\Users\Matheus\PycharmProjects\PythonProject\testes_oficiais\scripts e playbook - ansible\minerador_vagas\main.py --site ApInfo
[2026-08-31 21:08:32] MAV [ApInfo] concluido com sucesso em 47.7 segundos.
[2026-08-31 21:08:32] Ciclo instantâneo #166 finalizado com sucesso em todas as fontes.
[2026-08-31 21:08:32] Executando MAV [ApInfo] — Ciclo Instantâneo #167
[2026-08-31 21:08:32] Comando: C:\Users\Matheus\PycharmProjects\PythonProject\.venv\Scripts\python.exe C:\Users\Matheus\PycharmProjects\PythonProject\testes_oficiais\scripts e playbook - ansible\minerador_vagas\main.py --site ApInfo
[2026-08-31 21:09:19] MAV [ApInfo] concluido com sucesso em 47.3 segundos.
[2026-08-31 21:09:19] Ciclo instantâneo #167 finalizado com sucesso em todas as fontes.
[2026-08-31 21:09:19] Executando MAV [ApInfo] — Ciclo Instantâneo #168
[2026-08-31 21:09:19] Comando: C:\Users\Matheus\PycharmProjects\PythonProject\.venv\Scripts\python.exe C:\Users\Matheus\PycharmProjects\PythonProject\testes_oficiais\scripts e playbook - ansible\minerador_vagas\main.py --site ApInfo
[2026-08-31 21:10:12] MAV [ApInfo] concluido com sucesso em 52.8 segundos.
[2026-08-31 21:10:12] Ciclo instantâneo #168 finalizado com sucesso em todas as fontes.
[2026-08-31 21:10:12] Executando MAV [ApInfo] — Ciclo Instantâneo #169
[2026-08-31 21:10:12] Comando: C:\Users\Matheus\PycharmProjects\PythonProject\.venv\Scripts\python.exe C:\Users\Matheus\PycharmProjects\PythonProject\testes_oficiais\scripts e playbook - ansible\minerador_vagas\main.py --site ApInfo
[2026-08-31 21:11:02] MAV [ApInfo] concluido com sucesso em 50.1 segundos.
[2026-08-31 21:11:02] Ciclo instantâneo #169 finalizado com sucesso em todas as fontes.
[2026-08-31 21:11:02] Executando MAV [ApInfo] — Ciclo Instantâneo #170
[2026-08-31 21:11:02] Comando: C:\Users\Matheus\PycharmProjects\PythonProject\.venv\Scripts\python.exe C:\Users\Matheus\PycharmProjects\PythonProject\testes_oficiais\scripts e playbook - ansible\minerador_vagas\main.py --site ApInfo
[2026-08-31 21:11:52] MAV [ApInfo] concluido com sucesso em 50.4 segundos.
[2026-08-31 21:11:52] Ciclo instantâneo #170 finalizado com sucesso em todas as fontes.
[2026-08-31 21:11:52] Executando MAV [ApInfo] — Ciclo Instantâneo #171
[2026-08-31 21:11:52] Comando: C:\Users\Matheus\PycharmProjects\PythonProject\.venv\Scripts\python.exe C:\Users\Matheus\PycharmProjects\PythonProject\testes_oficiais\scripts e playbook - ansible\minerador_vagas\main.py --site ApInfo
[2026-08-31 21:12:48] MAV [ApInfo] concluido com sucesso em 55.2 segundos.
[2026-08-31 21:12:48] Ciclo instantâneo #171 finalizado com sucesso em todas as fontes.
[2026-08-31 21:12:48] Executando MAV [ApInfo] — Ciclo Instantâneo #172
[2026-08-31 21:12:48] Comando: C:\Users\Matheus\PycharmProjects\PythonProject\.venv\Scripts\python.exe C:\Users\Matheus\PycharmProjects\PythonProject\testes_oficiais\scripts e playbook - ansible\minerador_vagas\main.py --site ApInfo
[2026-08-31 21:13:33] MAV [ApInfo] concluido com sucesso em 45.7 segundos.
[2026-08-31 21:13:33] Ciclo instantâneo #172 finalizado com sucesso em todas as fontes.
[2026-08-31 21:13:33] Executando MAV [ApInfo] — Ciclo Instantâneo #173
[2026-08-31 21:13:33] Comando: C:\Users\Matheus\PycharmProjects\PythonProject\.venv\Scripts\python.exe C:\Users\Matheus\PycharmProjects\PythonProject\testes_oficiais\scripts e playbook - ansible\minerador_vagas\main.py --site ApInfo
[2026-08-31 21:14:22] MAV [ApInfo] concluido com sucesso em 48.2 segundos.
[2026-08-31 21:14:22] Ciclo instantâneo #173 finalizado com sucesso em todas as fontes.
[2026-08-31 21:14:22] Executando MAV [ApInfo] — Ciclo Instantâneo #174
[2026-08-31 21:14:22] Comando: C:\Users\Matheus\PycharmProjects\PythonProject\.venv\Scripts\python.exe C:\Users\Matheus\PycharmProjects\PythonProject\testes_oficiais\scripts e playbook - ansible\minerador_vagas\main.py --site ApInfo
[2026-08-31 21:15:09] MAV [ApInfo] concluido com sucesso em 47.2 segundos.
[2026-08-31 21:15:09] Ciclo instantâneo #174 finalizado com sucesso em todas as fontes.
[2026-08-31 21:15:09] Executando MAV [ApInfo] — Ciclo Instantâneo #175
[2026-08-31 21:15:09] Comando: C:\Users\Matheus\PycharmProjects\PythonProject\.venv\Scripts\python.exe C:\Users\Matheus\PycharmProjects\PythonProject\testes_oficiais\scripts e playbook - ansible\minerador_vagas\main.py --site ApInfo
[2026-08-31 21:15:56] MAV [ApInfo] concluido com sucesso em 46.8 segundos.
[2026-08-31 21:15:56] Ciclo instantâneo #175 finalizado com sucesso em todas as fontes.
[2026-08-31 21:15:56] Executando MAV [ApInfo] — Ciclo Instantâneo #176
[2026-08-31 21:15:56] Comando: C:\Users\Matheus\PycharmProjects\PythonProject\.venv\Scripts\python.exe C:\Users\Matheus\PycharmProjects\PythonProject\testes_oficiais\scripts e playbook - ansible\minerador_vagas\main.py --site ApInfo
[2026-08-31 21:16:44] MAV [ApInfo] concluido com sucesso em 47.9 segundos.
[2026-08-31 21:16:44] Ciclo instantâneo #176 finalizado com sucesso em todas as fontes.
[2026-08-31 21:16:44] Executando MAV [ApInfo] — Ciclo Instantâneo #177
[2026-08-31 21:16:44] Comando: C:\Users\Matheus\PycharmProjects\PythonProject\.venv\Scripts\python.exe C:\Users\Matheus\PycharmProjects\PythonProject\testes_oficiais\scripts e playbook - ansible\minerador_vagas\main.py --site ApInfo
[2026-08-31 21:17:32] MAV [ApInfo] concluido com sucesso em 48.1 segundos.
[2026-08-31 21:17:32] Ciclo instantâneo #177 finalizado com sucesso em todas as fontes.
[2026-08-31 21:17:32] Executando MAV [ApInfo] — Ciclo Instantâneo #178
[2026-08-31 21:17:32] Comando: C:\Users\Matheus\PycharmProjects\PythonProject\.venv\Scripts\python.exe C:\Users\Matheus\PycharmProjects\PythonProject\testes_oficiais\scripts e playbook - ansible\minerador_vagas\main.py --site ApInfo
[2026-08-31 21:18:20] MAV [ApInfo] concluido com sucesso em 47.9 segundos.
[2026-08-31 21:18:20] Ciclo instantâneo #178 finalizado com sucesso em todas as fontes.
[2026-08-31 21:18:20] Executando MAV [ApInfo] — Ciclo Instantâneo #179
[2026-08-31 21:18:20] Comando: C:\Users\Matheus\PycharmProjects\PythonProject\.venv\Scripts\python.exe C:\Users\Matheus\PycharmProjects\PythonProject\testes_oficiais\scripts e playbook - ansible\minerador_vagas\main.py --site ApInfo
[2026-08-31 21:19:09] MAV [ApInfo] concluido com sucesso em 49.7 segundos.
[2026-08-31 21:19:09] Ciclo instantâneo #179 finalizado com sucesso em todas as fontes.
[2026-08-31 21:19:09] Executando MAV [ApInfo] — Ciclo Instantâneo #180
[2026-08-31 21:19:09] Comando: C:\Users\Matheus\PycharmProjects\PythonProject\.venv\Scripts\python.exe C:\Users\Matheus\PycharmProjects\PythonProject\testes_oficiais\scripts e playbook - ansible\minerador_vagas\main.py --site ApInfo
[2026-08-31 21:20:02] MAV [ApInfo] concluido com sucesso em 52.7 segundos.
[2026-08-31 21:20:02] Ciclo instantâneo #180 finalizado com sucesso em todas as fontes.
[2026-08-31 21:20:02] Executando MAV [ApInfo] — Ciclo Instantâneo #181
[2026-08-31 21:20:02] Comando: C:\Users\Matheus\PycharmProjects\PythonProject\.venv\Scripts\python.exe C:\Users\Matheus\PycharmProjects\PythonProject\testes_oficiais\scripts e playbook - ansible\minerador_vagas\main.py --site ApInfo
[2026-08-31 21:20:51] MAV [ApInfo] concluido com sucesso em 49.3 segundos.
[2026-08-31 21:20:51] Ciclo instantâneo #181 finalizado com sucesso em todas as fontes.
[2026-08-31 21:20:51] Executando MAV [ApInfo] — Ciclo Instantâneo #182
[2026-08-31 21:20:51] Comando: C:\Users\Matheus\PycharmProjects\PythonProject\.venv\Scripts\python.exe C:\Users\Matheus\PycharmProjects\PythonProject\testes_oficiais\scripts e playbook - ansible\minerador_vagas\main.py --site ApInfo
[2026-08-31 21:21:39] MAV [ApInfo] concluido com sucesso em 48.0 segundos.
[2026-08-31 21:21:39] Ciclo instantâneo #182 finalizado com sucesso em todas as fontes.
[2026-08-31 21:21:39] Executando MAV [ApInfo] — Ciclo Instantâneo #183
[2026-08-31 21:21:39] Comando: C:\Users\Matheus\PycharmProjects\PythonProject\.venv\Scripts\python.exe C:\Users\Matheus\PycharmProjects\PythonProject\testes_oficiais\scripts e playbook - ansible\minerador_vagas\main.py --site ApInfo
[2026-08-31 21:21:47] Scheduler instantâneo encerrado manualmente pelo usuário.
[2026-08-31 21:21:51] MAV Scheduler Instantâneo iniciado com suporte a Telegram remoto.
[2026-08-31 21:21:51] Projeto: C:\Users\Matheus\PycharmProjects\PythonProject\testes_oficiais\scripts e playbook - ansible\minerador_vagas
[2026-08-31 21:21:51] Fontes ativas: ApInfo
[2026-08-31 21:21:51] Log: C:\Users\Matheus\PycharmProjects\PythonProject\testes_oficiais\scripts e playbook - ansible\minerador_vagas\logs\scheduler.log
[2026-08-31 21:21:51] Executando MAV [ApInfo] — Ciclo Instantâneo #1
[2026-08-31 21:21:51] Comando: C:\Users\Matheus\PycharmProjects\PythonProject\.venv\Scripts\python.exe C:\Users\Matheus\PycharmProjects\PythonProject\testes_oficiais\scripts e playbook - ansible\minerador_vagas\main.py --site ApInfo
[2026-08-31 21:22:38] MAV [ApInfo] concluido com sucesso em 46.7 segundos.
[2026-08-31 21:22:38] Ciclo instantâneo #1 finalizado com sucesso em todas as fontes.
[2026-08-31 21:22:38] Executando MAV [ApInfo] — Ciclo Instantâneo #2
[2026-08-31 21:22:38] Comando: C:\Users\Matheus\PycharmProjects\PythonProject\.venv\Scripts\python.exe C:\Users\Matheus\PycharmProjects\PythonProject\testes_oficiais\scripts e playbook - ansible\minerador_vagas\main.py --site ApInfo
[2026-08-31 21:23:26] MAV [ApInfo] concluido com sucesso em 47.8 segundos.
[2026-08-31 21:23:26] Ciclo instantâneo #2 finalizado com sucesso em todas as fontes.
[2026-08-31 21:23:26] Executando MAV [ApInfo] — Ciclo Instantâneo #3
[2026-08-31 21:23:26] Comando: C:\Users\Matheus\PycharmProjects\PythonProject\.venv\Scripts\python.exe C:\Users\Matheus\PycharmProjects\PythonProject\testes_oficiais\scripts e playbook - ansible\minerador_vagas\main.py --site ApInfo
[2026-08-31 21:24:13] MAV [ApInfo] concluido com sucesso em 47.7 segundos.
[2026-08-31 21:24:13] Ciclo instantâneo #3 finalizado com sucesso em todas as fontes.
[2026-08-31 21:24:13] Executando MAV [ApInfo] — Ciclo Instantâneo #4
[2026-08-31 21:24:13] Comando: C:\Users\Matheus\PycharmProjects\PythonProject\.venv\Scripts\python.exe C:\Users\Matheus\PycharmProjects\PythonProject\testes_oficiais\scripts e playbook - ansible\minerador_vagas\main.py --site ApInfo
[2026-08-31 21:25:03] MAV [ApInfo] concluido com sucesso em 49.4 segundos.
[2026-08-31 21:25:03] Ciclo instantâneo #4 finalizado com sucesso em todas as fontes.
[2026-08-31 21:25:03] Executando MAV [ApInfo] — Ciclo Instantâneo #5
[2026-08-31 21:25:03] Comando: C:\Users\Matheus\PycharmProjects\PythonProject\.venv\Scripts\python.exe C:\Users\Matheus\PycharmProjects\PythonProject\testes_oficiais\scripts e playbook - ansible\minerador_vagas\main.py --site ApInfo
[2026-08-31 21:25:50] MAV [ApInfo] concluido com sucesso em 47.0 segundos.
[2026-08-31 21:25:50] Ciclo instantâneo #5 finalizado com sucesso em todas as fontes.
[2026-08-31 21:25:50] Executando MAV [ApInfo] — Ciclo Instantâneo #6
[2026-08-31 21:25:50] Comando: C:\Users\Matheus\PycharmProjects\PythonProject\.venv\Scripts\python.exe C:\Users\Matheus\PycharmProjects\PythonProject\testes_oficiais\scripts e playbook - ansible\minerador_vagas\main.py --site ApInfo
[2026-08-31 21:26:39] MAV [ApInfo] concluido com sucesso em 48.8 segundos.
[2026-08-31 21:26:39] Ciclo instantâneo #6 finalizado com sucesso em todas as fontes.
[2026-08-31 21:26:39] Executando MAV [ApInfo] — Ciclo Instantâneo #7
[2026-08-31 21:26:39] Comando: C:\Users\Matheus\PycharmProjects\PythonProject\.venv\Scripts\python.exe C:\Users\Matheus\PycharmProjects\PythonProject\testes_oficiais\scripts e playbook - ansible\minerador_vagas\main.py --site ApInfo
[2026-08-31 21:27:29] MAV [ApInfo] concluido com sucesso em 49.8 segundos.
[2026-08-31 21:27:29] Ciclo instantâneo #7 finalizado com sucesso em todas as fontes.
[2026-08-31 21:27:29] Executando MAV [ApInfo] — Ciclo Instantâneo #8
[2026-08-31 21:27:29] Comando: C:\Users\Matheus\PycharmProjects\PythonProject\.venv\Scripts\python.exe C:\Users\Matheus\PycharmProjects\PythonProject\testes_oficiais\scripts e playbook - ansible\minerador_vagas\main.py --site ApInfo
[2026-08-31 21:28:14] MAV [ApInfo] concluido com sucesso em 45.1 segundos.
[2026-08-31 21:28:14] Ciclo instantâneo #8 finalizado com sucesso em todas as fontes.
[2026-08-31 21:28:14] Executando MAV [ApInfo] — Ciclo Instantâneo #9
[2026-08-31 21:28:14] Comando: C:\Users\Matheus\PycharmProjects\PythonProject\.venv\Scripts\python.exe C:\Users\Matheus\PycharmProjects\PythonProject\testes_oficiais\scripts e playbook - ansible\minerador_vagas\main.py --site ApInfo
[2026-08-31 21:29:01] MAV [ApInfo] concluido com sucesso em 46.9 segundos.
[2026-08-31 21:29:01] Ciclo instantâneo #9 finalizado com sucesso em todas as fontes.
[2026-08-31 21:29:01] Executando MAV [ApInfo] — Ciclo Instantâneo #10
[2026-08-31 21:29:01] Comando: C:\Users\Matheus\PycharmProjects\PythonProject\.venv\Scripts\python.exe C:\Users\Matheus\PycharmProjects\PythonProject\testes_oficiais\scripts e playbook - ansible\minerador_vagas\main.py --site ApInfo
[2026-08-31 21:29:48] MAV [ApInfo] concluido com sucesso em 47.3 segundos.
[2026-08-31 21:29:48] Ciclo instantâneo #10 finalizado com sucesso em todas as fontes.
[2026-08-31 21:29:48] Executando MAV [ApInfo] — Ciclo Instantâneo #11
[2026-08-31 21:29:48] Comando: C:\Users\Matheus\PycharmProjects\PythonProject\.venv\Scripts\python.exe C:\Users\Matheus\PycharmProjects\PythonProject\testes_oficiais\scripts e playbook - ansible\minerador_vagas\main.py --site ApInfo
[2026-08-31 21:30:34] MAV [ApInfo] concluido com sucesso em 46.6 segundos.
[2026-08-31 21:30:34] Ciclo instantâneo #11 finalizado com sucesso em todas as fontes.
[2026-08-31 21:30:34] Executando MAV [ApInfo] — Ciclo Instantâneo #12
[2026-08-31 21:30:34] Comando: C:\Users\Matheus\PycharmProjects\PythonProject\.venv\Scripts\python.exe C:\Users\Matheus\PycharmProjects\PythonProject\testes_oficiais\scripts e playbook - ansible\minerador_vagas\main.py --site ApInfo
[2026-08-31 21:31:22] MAV [ApInfo] concluido com sucesso em 48.0 segundos.
[2026-08-31 21:31:22] Ciclo instantâneo #12 finalizado com sucesso em todas as fontes.
[2026-08-31 21:31:22] Executando MAV [ApInfo] — Ciclo Instantâneo #13
[2026-08-31 21:31:22] Comando: C:\Users\Matheus\PycharmProjects\PythonProject\.venv\Scripts\python.exe C:\Users\Matheus\PycharmProjects\PythonProject\testes_oficiais\scripts e playbook - ansible\minerador_vagas\main.py --site ApInfo
[2026-08-31 21:32:10] MAV [ApInfo] concluido com sucesso em 47.8 segundos.
[2026-08-31 21:32:10] Ciclo instantâneo #13 finalizado com sucesso em todas as fontes.
[2026-08-31 21:32:10] Executando MAV [ApInfo] — Ciclo Instantâneo #14
[2026-08-31 21:32:10] Comando: C:\Users\Matheus\PycharmProjects\PythonProject\.venv\Scripts\python.exe C:\Users\Matheus\PycharmProjects\PythonProject\testes_oficiais\scripts e playbook - ansible\minerador_vagas\main.py --site ApInfo
[2026-08-31 21:32:56] MAV [ApInfo] concluido com sucesso em 45.5 segundos.
[2026-08-31 21:32:56] Ciclo instantâneo #14 finalizado com sucesso em todas as fontes.
[2026-08-31 21:32:56] Executando MAV [ApInfo] — Ciclo Instantâneo #15
[2026-08-31 21:32:56] Comando: C:\Users\Matheus\PycharmProjects\PythonProject\.venv\Scripts\python.exe C:\Users\Matheus\PycharmProjects\PythonProject\testes_oficiais\scripts e playbook - ansible\minerador_vagas\main.py --site ApInfo
[2026-08-31 21:33:44] MAV [ApInfo] concluido com sucesso em 48.3 segundos.
[2026-08-31 21:33:44] Ciclo instantâneo #15 finalizado com sucesso em todas as fontes.
[2026-08-31 21:33:44] Executando MAV [ApInfo] — Ciclo Instantâneo #16
[2026-08-31 21:33:44] Comando: C:\Users\Matheus\PycharmProjects\PythonProject\.venv\Scripts\python.exe C:\Users\Matheus\PycharmProjects\PythonProject\testes_oficiais\scripts e playbook - ansible\minerador_vagas\main.py --site ApInfo
[2026-08-31 21:34:34] MAV [ApInfo] concluido com sucesso em 50.2 segundos.
[2026-08-31 21:34:34] Ciclo instantâneo #16 finalizado com sucesso em todas as fontes.
[2026-08-31 21:34:34] Executando MAV [ApInfo] — Ciclo Instantâneo #17
[2026-08-31 21:34:34] Comando: C:\Users\Matheus\PycharmProjects\PythonProject\.venv\Scripts\python.exe C:\Users\Matheus\PycharmProjects\PythonProject\testes_oficiais\scripts e playbook - ansible\minerador_vagas\main.py --site ApInfo
[2026-08-31 21:35:24] MAV [ApInfo] concluido com sucesso em 50.0 segundos.
[2026-08-31 21:35:24] Ciclo instantâneo #17 finalizado com sucesso em todas as fontes.
[2026-08-31 21:35:24] Executando MAV [ApInfo] — Ciclo Instantâneo #18
[2026-08-31 21:35:24] Comando: C:\Users\Matheus\PycharmProjects\PythonProject\.venv\Scripts\python.exe C:\Users\Matheus\PycharmProjects\PythonProject\testes_oficiais\scripts e playbook - ansible\minerador_vagas\main.py --site ApInfo
[2026-08-31 21:36:14] MAV [ApInfo] concluido com sucesso em 50.2 segundos.
[2026-08-31 21:36:14] Ciclo instantâneo #18 finalizado com sucesso em todas as fontes.
[2026-08-31 21:36:14] Executando MAV [ApInfo] — Ciclo Instantâneo #19
[2026-08-31 21:36:14] Comando: C:\Users\Matheus\PycharmProjects\PythonProject\.venv\Scripts\python.exe C:\Users\Matheus\PycharmProjects\PythonProject\testes_oficiais\scripts e playbook - ansible\minerador_vagas\main.py --site ApInfo
[2026-08-31 21:37:05] MAV [ApInfo] concluido com sucesso em 51.0 segundos.
[2026-08-31 21:37:05] Ciclo instantâneo #19 finalizado com sucesso em todas as fontes.
[2026-08-31 21:37:05] Executando MAV [ApInfo] — Ciclo Instantâneo #20
[2026-08-31 21:37:05] Comando: C:\Users\Matheus\PycharmProjects\PythonProject\.venv\Scripts\python.exe C:\Users\Matheus\PycharmProjects\PythonProject\testes_oficiais\scripts e playbook - ansible\minerador_vagas\main.py --site ApInfo
[2026-08-31 21:37:50] MAV [ApInfo] concluido com sucesso em 44.2 segundos.
[2026-08-31 21:37:50] Ciclo instantâneo #20 finalizado com sucesso em todas as fontes.
[2026-08-31 21:37:50] Executando MAV [ApInfo] — Ciclo Instantâneo #21
[2026-08-31 21:37:50] Comando: C:\Users\Matheus\PycharmProjects\PythonProject\.venv\Scripts\python.exe C:\Users\Matheus\PycharmProjects\PythonProject\testes_oficiais\scripts e playbook - ansible\minerador_vagas\main.py --site ApInfo
[2026-08-31 21:38:47] MAV [ApInfo] concluido com sucesso em 57.4 segundos.
[2026-08-31 21:38:47] Ciclo instantâneo #21 finalizado com sucesso em todas as fontes.
[2026-08-31 21:38:47] Executando MAV [ApInfo] — Ciclo Instantâneo #22
[2026-08-31 21:38:47] Comando: C:\Users\Matheus\PycharmProjects\PythonProject\.venv\Scripts\python.exe C:\Users\Matheus\PycharmProjects\PythonProject\testes_oficiais\scripts e playbook - ansible\minerador_vagas\main.py --site ApInfo
[2026-08-31 21:39:36] MAV [ApInfo] concluido com sucesso em 49.3 segundos.
[2026-08-31 21:39:36] Ciclo instantâneo #22 finalizado com sucesso em todas as fontes.
[2026-08-31 21:39:36] Executando MAV [ApInfo] — Ciclo Instantâneo #23
[2026-08-31 21:39:36] Comando: C:\Users\Matheus\PycharmProjects\PythonProject\.venv\Scripts\python.exe C:\Users\Matheus\PycharmProjects\PythonProject\testes_oficiais\scripts e playbook - ansible\minerador_vagas\main.py --site ApInfo
[2026-08-31 21:40:28] MAV [ApInfo] concluido com sucesso em 51.8 segundos.
[2026-08-31 21:40:28] Ciclo instantâneo #23 finalizado com sucesso em todas as fontes.
[2026-08-31 21:40:28] Executando MAV [ApInfo] — Ciclo Instantâneo #24
[2026-08-31 21:40:28] Comando: C:\Users\Matheus\PycharmProjects\PythonProject\.venv\Scripts\python.exe C:\Users\Matheus\PycharmProjects\PythonProject\testes_oficiais\scripts e playbook - ansible\minerador_vagas\main.py --site ApInfo
[2026-08-31 21:41:22] MAV [ApInfo] concluido com sucesso em 53.6 segundos.
[2026-08-31 21:41:22] Ciclo instantâneo #24 finalizado com sucesso em todas as fontes.
[2026-08-31 21:41:22] Executando MAV [ApInfo] — Ciclo Instantâneo #25
[2026-08-31 21:41:22] Comando: C:\Users\Matheus\PycharmProjects\PythonProject\.venv\Scripts\python.exe C:\Users\Matheus\PycharmProjects\PythonProject\testes_oficiais\scripts e playbook - ansible\minerador_vagas\main.py --site ApInfo
[2026-08-31 21:42:27] MAV Scheduler Instantâneo iniciado com suporte a Telegram remoto.
[2026-08-31 21:42:27] Projeto: C:\Users\Matheus\PycharmProjects\PythonProject\testes_oficiais\scripts e playbook - ansible\minerador_vagas
[2026-08-31 21:42:27] Fontes ativas: ApInfo
[2026-08-31 21:42:27] Log: C:\Users\Matheus\PycharmProjects\PythonProject\testes_oficiais\scripts e playbook - ansible\minerador_vagas\logs\scheduler.log
[2026-08-31 21:42:27] Executando MAV [ApInfo] — Ciclo Instantâneo #1
[2026-08-31 21:42:27] Comando: C:\Users\Matheus\PycharmProjects\PythonProject\.venv\Scripts\python.exe C:\Users\Matheus\PycharmProjects\PythonProject\testes_oficiais\scripts e playbook - ansible\minerador_vagas\main.py --site ApInfo
[2026-08-31 21:43:14] MAV [ApInfo] concluido com sucesso em 47.2 segundos.
[2026-08-31 21:43:14] Ciclo instantâneo #1 finalizado com sucesso em todas as fontes.
[2026-08-31 21:43:14] Executando MAV [ApInfo] — Ciclo Instantâneo #2
[2026-08-31 21:43:14] Comando: C:\Users\Matheus\PycharmProjects\PythonProject\.venv\Scripts\python.exe C:\Users\Matheus\PycharmProjects\PythonProject\testes_oficiais\scripts e playbook - ansible\minerador_vagas\main.py --site ApInfo
[2026-08-31 21:44:06] MAV [ApInfo] concluido com sucesso em 51.9 segundos.
[2026-08-31 21:44:06] Ciclo instantâneo #2 finalizado com sucesso em todas as fontes.
[2026-08-31 21:44:06] Executando MAV [ApInfo] — Ciclo Instantâneo #3
[2026-08-31 21:44:06] Comando: C:\Users\Matheus\PycharmProjects\PythonProject\.venv\Scripts\python.exe C:\Users\Matheus\PycharmProjects\PythonProject\testes_oficiais\scripts e playbook - ansible\minerador_vagas\main.py --site ApInfo
[2026-08-31 21:44:56] MAV [ApInfo] concluido com sucesso em 49.5 segundos.
[2026-08-31 21:44:56] Ciclo instantâneo #3 finalizado com sucesso em todas as fontes.
[2026-08-31 21:44:56] Executando MAV [ApInfo] — Ciclo Instantâneo #4
[2026-08-31 21:44:56] Comando: C:\Users\Matheus\PycharmProjects\PythonProject\.venv\Scripts\python.exe C:\Users\Matheus\PycharmProjects\PythonProject\testes_oficiais\scripts e playbook - ansible\minerador_vagas\main.py --site ApInfo
[2026-08-31 21:45:44] MAV [ApInfo] concluido com sucesso em 48.4 segundos.
[2026-08-31 21:45:44] Ciclo instantâneo #4 finalizado com sucesso em todas as fontes.
[2026-08-31 21:45:44] Executando MAV [ApInfo] — Ciclo Instantâneo #5
[2026-08-31 21:45:44] Comando: C:\Users\Matheus\PycharmProjects\PythonProject\.venv\Scripts\python.exe C:\Users\Matheus\PycharmProjects\PythonProject\testes_oficiais\scripts e playbook - ansible\minerador_vagas\main.py --site ApInfo
[2026-08-31 21:46:29] MAV [ApInfo] concluido com sucesso em 44.5 segundos.
[2026-08-31 21:46:29] Ciclo instantâneo #5 finalizado com sucesso em todas as fontes.
[2026-08-31 21:46:29] Executando MAV [ApInfo] — Ciclo Instantâneo #6
[2026-08-31 21:46:29] Comando: C:\Users\Matheus\PycharmProjects\PythonProject\.venv\Scripts\python.exe C:\Users\Matheus\PycharmProjects\PythonProject\testes_oficiais\scripts e playbook - ansible\minerador_vagas\main.py --site ApInfo
[2026-08-31 21:47:19] MAV [ApInfo] concluido com sucesso em 49.8 segundos.
[2026-08-31 21:47:19] Ciclo instantâneo #6 finalizado com sucesso em todas as fontes.
[2026-08-31 21:47:19] Executando MAV [ApInfo] — Ciclo Instantâneo #7
[2026-08-31 21:47:19] Comando: C:\Users\Matheus\PycharmProjects\PythonProject\.venv\Scripts\python.exe C:\Users\Matheus\PycharmProjects\PythonProject\testes_oficiais\scripts e playbook - ansible\minerador_vagas\main.py --site ApInfo
[2026-08-31 21:48:07] MAV [ApInfo] concluido com sucesso em 48.6 segundos.
[2026-08-31 21:48:07] Ciclo instantâneo #7 finalizado com sucesso em todas as fontes.
[2026-08-31 21:48:07] Executando MAV [ApInfo] — Ciclo Instantâneo #8
[2026-08-31 21:48:07] Comando: C:\Users\Matheus\PycharmProjects\PythonProject\.venv\Scripts\python.exe C:\Users\Matheus\PycharmProjects\PythonProject\testes_oficiais\scripts e playbook - ansible\minerador_vagas\main.py --site ApInfo
[2026-08-31 21:48:51] MAV [ApInfo] concluido com sucesso em 43.6 segundos.
[2026-08-31 21:48:51] Ciclo instantâneo #8 finalizado com sucesso em todas as fontes.
[2026-08-31 21:48:51] Executando MAV [ApInfo] — Ciclo Instantâneo #9
[2026-08-31 21:48:51] Comando: C:\Users\Matheus\PycharmProjects\PythonProject\.venv\Scripts\python.exe C:\Users\Matheus\PycharmProjects\PythonProject\testes_oficiais\scripts e playbook - ansible\minerador_vagas\main.py --site ApInfo
[2026-08-31 21:49:38] MAV [ApInfo] concluido com sucesso em 47.4 segundos.
[2026-08-31 21:49:38] Ciclo instantâneo #9 finalizado com sucesso em todas as fontes.
[2026-08-31 21:49:38] Executando MAV [ApInfo] — Ciclo Instantâneo #10
[2026-08-31 21:49:38] Comando: C:\Users\Matheus\PycharmProjects\PythonProject\.venv\Scripts\python.exe C:\Users\Matheus\PycharmProjects\PythonProject\testes_oficiais\scripts e playbook - ansible\minerador_vagas\main.py --site ApInfo
[2026-08-31 21:50:26] MAV [ApInfo] concluido com sucesso em 47.3 segundos.
[2026-08-31 21:50:26] Ciclo instantâneo #10 finalizado com sucesso em todas as fontes.
[2026-08-31 21:50:26] Executando MAV [ApInfo] — Ciclo Instantâneo #11
[2026-08-31 21:50:26] Comando: C:\Users\Matheus\PycharmProjects\PythonProject\.venv\Scripts\python.exe C:\Users\Matheus\PycharmProjects\PythonProject\testes_oficiais\scripts e playbook - ansible\minerador_vagas\main.py --site ApInfo
[2026-08-31 21:51:09] MAV [ApInfo] concluido com sucesso em 43.5 segundos.
[2026-08-31 21:51:09] Ciclo instantâneo #11 finalizado com sucesso em todas as fontes.
[2026-08-31 21:51:09] Executando MAV [ApInfo] — Ciclo Instantâneo #12
[2026-08-31 21:51:09] Comando: C:\Users\Matheus\PycharmProjects\PythonProject\.venv\Scripts\python.exe C:\Users\Matheus\PycharmProjects\PythonProject\testes_oficiais\scripts e playbook - ansible\minerador_vagas\main.py --site ApInfo
[2026-08-31 21:51:59] MAV [ApInfo] concluido com sucesso em 49.5 segundos.
[2026-08-31 21:51:59] Ciclo instantâneo #12 finalizado com sucesso em todas as fontes.
[2026-08-31 21:51:59] Executando MAV [ApInfo] — Ciclo Instantâneo #13
[2026-08-31 21:51:59] Comando: C:\Users\Matheus\PycharmProjects\PythonProject\.venv\Scripts\python.exe C:\Users\Matheus\PycharmProjects\PythonProject\testes_oficiais\scripts e playbook - ansible\minerador_vagas\main.py --site ApInfo
[2026-08-31 21:52:45] MAV [ApInfo] concluido com sucesso em 46.9 segundos.
[2026-08-31 21:52:45] Ciclo instantâneo #13 finalizado com sucesso em todas as fontes.
[2026-08-31 21:52:45] Executando MAV [ApInfo] — Ciclo Instantâneo #14
[2026-08-31 21:52:45] Comando: C:\Users\Matheus\PycharmProjects\PythonProject\.venv\Scripts\python.exe C:\Users\Matheus\PycharmProjects\PythonProject\testes_oficiais\scripts e playbook - ansible\minerador_vagas\main.py --site ApInfo
[2026-08-31 21:52:57] Scheduler instantâneo encerrado manualmente pelo usuário.
[2026-08-31 21:54:55] MAV Scheduler com Central Tática Avançada iniciado.
[2026-08-31 21:54:55] [TELEGRAM] Escutando comandos avançados do iPhone...
[2026-08-31 21:54:55] Executando MAV [ApInfo] — Ciclo #1
[2026-08-31 21:55:43] MAV [ApInfo] terminou com codigo 1 apos 47.7 segundos.
[2026-08-31 21:55:43] Ciclo concluído. Aguardando 60 segundos para o próximo...
[2026-08-31 21:56:43] Executando MAV [ApInfo] — Ciclo #2
[2026-08-31 21:57:30] MAV [ApInfo] terminou com codigo 1 apos 47.4 segundos.
[2026-08-31 21:57:30] Ciclo concluído. Aguardando 60 segundos para o próximo...
[2026-08-31 21:58:30] Executando MAV [ApInfo] — Ciclo #3
[2026-08-31 21:59:20] MAV [ApInfo] terminou com codigo 1 apos 50.2 segundos.
[2026-08-31 21:59:20] Ciclo concluído. Aguardando 60 segundos para o próximo...
[2026-08-31 21:59:32] Scheduler encerrado manualmente.
[2026-08-31 22:00:03] MAV Scheduler com Central Tática Avançada iniciado.
[2026-08-31 22:00:03] [TELEGRAM] Escutando comandos avançados do iPhone...
[2026-08-31 22:00:03] Executando MAV [ApInfo] — Ciclo #1
[2026-08-31 22:01:00] MAV [ApInfo] concluido com sucesso em 57.2 segundos.
[2026-08-31 22:01:00] Ciclo concluído. Aguardando 60 segundos para o próximo...
[2026-08-31 22:02:00] Executando MAV [ApInfo] — Ciclo #2
[2026-08-31 22:02:57] MAV [ApInfo] concluido com sucesso em 57.2 segundos.
[2026-08-31 22:02:57] Ciclo concluído. Aguardando 60 segundos para o próximo...
[2026-08-31 22:03:57] Executando MAV [ApInfo] — Ciclo #3
[2026-08-31 22:04:54] MAV [ApInfo] concluido com sucesso em 56.7 segundos.
[2026-08-31 22:04:54] Ciclo concluído. Aguardando 60 segundos para o próximo...
[2026-08-31 22:05:54] Executando MAV [ApInfo] — Ciclo #4
[2026-08-31 22:06:51] MAV [ApInfo] concluido com sucesso em 57.0 segundos.
[2026-08-31 22:06:51] Ciclo concluído. Aguardando 60 segundos para o próximo...
[2026-08-31 22:07:51] Executando MAV [ApInfo] — Ciclo #5
[2026-08-31 22:07:56] Scheduler encerrado manualmente.
[2026-08-31 22:08:21] MAV Scheduler com Central Tática Avançada iniciado.
[2026-08-31 22:08:21] [TELEGRAM] Escutando comandos avançados do iPhone...
[2026-08-31 22:08:21] Executando MAV [ApInfo] — Ciclo #1
[2026-08-31 22:09:18] MAV [ApInfo] concluido com sucesso em 57.0 segundos.
[2026-08-31 22:09:18] Ciclo concluído. Aguardando 60 segundos para o próximo...
[2026-08-31 22:10:18] Executando MAV [ApInfo] — Ciclo #2
[2026-08-31 22:11:15] MAV [ApInfo] concluido com sucesso em 56.6 segundos.
[2026-08-31 22:11:15] Ciclo concluído. Aguardando 60 segundos para o próximo...
[2026-08-31 22:12:15] Executando MAV [ApInfo] — Ciclo #3
[2026-08-31 22:13:12] MAV [ApInfo] concluido com sucesso em 56.7 segundos.
[2026-08-31 22:13:12] Ciclo concluído. Aguardando 60 segundos para o próximo...
[2026-09-01 08:15:14] MAV Scheduler com Central Tática Avançada iniciado.
[2026-09-01 08:15:14] [TELEGRAM] Escutando comandos avançados do iPhone...
[2026-09-01 08:15:14] Executando MAV [ApInfo] — Ciclo #1
[2026-09-01 08:16:25] MAV [ApInfo] concluido com sucesso em 70.9 segundos.
[2026-09-01 08:16:25] Ciclo concluído. Aguardando 60 segundos para o próximo...
[2026-09-01 08:16:48] Scheduler encerrado manualmente.
[2026-09-01 08:17:57] MAV Scheduler com Central Tática Avançada iniciado.
[2026-09-01 08:17:57] [TELEGRAM] Escutando comandos avançados do iPhone...
[2026-09-01 08:17:57] Executando MAV [ApInfo] — Ciclo #1
[2026-09-01 08:18:54] MAV [ApInfo] concluido com sucesso em 56.8 segundos.
[2026-09-01 08:18:54] Ciclo concluído. Aguardando 60 segundos para o próximo...
[2026-09-01 08:19:48] Scheduler encerrado manualmente.
[2026-09-01 08:20:06] MAV Scheduler com Central Tática Avançada iniciado.
[2026-09-01 08:20:06] [TELEGRAM] Escutando comandos avançados do iPhone...
[2026-09-01 08:20:06] Executando MAV [ApInfo] — Ciclo #1
[2026-09-01 08:20:38] [TELEGRAM] Mensagem recebida de 1348774750: /resumo_executivo
[2026-09-01 08:20:39] [TELEGRAM] Mensagem recebida de 1348774750: /rodar
[2026-09-01 08:20:40] Executando MAV [ApInfo] — Ciclo #999
[2026-09-01 08:21:15] MAV [ApInfo] concluido com sucesso em 69.0 segundos.
[2026-09-01 08:21:15] Ciclo concluído. Aguardando 60 segundos para o próximo...
[2026-09-01 08:21:49] MAV [ApInfo] concluido com sucesso em 68.7 segundos.
[2026-09-01 08:21:49] [TELEGRAM] Mensagem recebida de 1348774750: /status
[2026-09-01 08:21:51] [TELEGRAM] Mensagem recebida de 1348774750: /ajuda
[2026-09-01 08:22:15] Executando MAV [ApInfo] — Ciclo #2
[2026-09-01 08:22:39] [TELEGRAM] Mensagem recebida de 1348774750: /modoturbo
[2026-09-01 08:23:12] MAV [ApInfo] concluido com sucesso em 57.3 segundos.
[2026-09-01 08:23:12] Ciclo concluído. Aguardando 60 segundos para o próximo...
[2026-09-01 08:24:12] Executando MAV [ApInfo] — Ciclo #3
[2026-09-01 08:24:17] [TELEGRAM] Mensagem recebida de 1348774750: /ultimociclo
[2026-09-01 08:25:08] MAV [ApInfo] concluido com sucesso em 56.4 segundos.
[2026-09-01 08:25:08] Ciclo concluído. Aguardando 60 segundos para o próximo...
[2026-09-01 08:26:03] [TELEGRAM] Mensagem recebida de 1348774750: /ajuda
[2026-09-01 08:26:08] Executando MAV [ApInfo] — Ciclo #4
[2026-09-01 08:26:13] [TELEGRAM] Mensagem recebida de 1348774750: /vagashoje
[2026-09-01 08:27:05] MAV [ApInfo] concluido com sucesso em 56.8 segundos.
[2026-09-01 08:27:05] Ciclo concluído. Aguardando 60 segundos para o próximo...
[2026-09-01 08:28:05] Executando MAV [ApInfo] — Ciclo #5
[2026-09-01 08:29:02] MAV [ApInfo] concluido com sucesso em 56.7 segundos.
[2026-09-01 08:29:02] Ciclo concluído. Aguardando 60 segundos para o próximo...
[2026-09-01 08:30:02] Executando MAV [ApInfo] — Ciclo #6
[2026-09-01 08:30:59] MAV [ApInfo] concluido com sucesso em 57.3 segundos.
[2026-09-01 08:30:59] Ciclo concluído. Aguardando 60 segundos para o próximo...
[2026-09-01 08:31:59] Executando MAV [ApInfo] — Ciclo #7
[2026-09-01 08:32:20] Scheduler encerrado manualmente.
[2026-09-01 08:33:49] MAV Scheduler com Envio Automático e CSV iniciado.
[2026-09-01 08:33:49] [TELEGRAM] Escutando comandos avançados do iPhone...
[2026-09-01 08:33:49] Executando MAV [ApInfo] — Ciclo #1
[2026-09-01 08:34:46] MAV [ApInfo] concluido com sucesso em 56.6 segundos.
[2026-09-01 08:34:46] Ciclo concluído. Aguardando 60 segundos...
[2026-09-01 08:35:46] Executando MAV [ApInfo] — Ciclo #2
[2026-09-01 08:36:43] MAV [ApInfo] concluido com sucesso em 56.6 segundos.
[2026-09-01 08:36:43] Ciclo concluído. Aguardando 60 segundos...
[2026-09-01 08:37:43] Executando MAV [ApInfo] — Ciclo #3
[2026-09-01 08:38:32] Scheduler encerrado.
[2026-09-01 08:38:37] MAV Scheduler com Envio Automático e CSV iniciado.
[2026-09-01 08:38:37] [TELEGRAM] Escutando comandos avançados do iPhone...
[2026-09-01 08:38:37] Executando MAV [ApInfo] — Ciclo #1
[2026-09-01 08:39:34] MAV [ApInfo] concluido com sucesso em 56.9 segundos.
[2026-09-01 08:39:35] Ciclo concluído. Aguardando 60 segundos...
[2026-09-01 08:40:35] Executando MAV [ApInfo] — Ciclo #2
[2026-09-01 08:41:32] MAV [ApInfo] concluido com sucesso em 56.9 segundos.
[2026-09-01 08:41:33] Ciclo concluído. Aguardando 60 segundos...
[2026-09-01 08:42:33] Executando MAV [ApInfo] — Ciclo #3
[2026-09-01 08:43:30] MAV [ApInfo] concluido com sucesso em 57.5 segundos.
[2026-09-01 08:43:31] Ciclo concluído. Aguardando 60 segundos...
[2026-09-01 08:44:31] Executando MAV [ApInfo] — Ciclo #4
[2026-09-01 08:45:23] Scheduler encerrado.
[2026-09-01 08:50:30] MAV Scheduler com Envio Automático e CSV iniciado.
[2026-09-01 08:50:30] [TELEGRAM] Escutando comandos avançados do iPhone...
[2026-09-01 08:50:30] Executando MAV [ApInfo] — Ciclo #1
[2026-09-01 08:51:28] MAV [ApInfo] concluido com sucesso em 57.2 segundos.
[2026-09-01 08:51:28] Ciclo concluído. Aguardando 60 segundos...
[2026-09-01 08:52:28] Executando MAV [ApInfo] — Ciclo #2
[2026-09-01 08:53:25] MAV [ApInfo] concluido com sucesso em 57.2 segundos.
[2026-09-01 08:53:26] Ciclo concluído. Aguardando 60 segundos...
[2026-09-01 08:54:26] Executando MAV [ApInfo] — Ciclo #3
[2026-09-01 08:55:23] MAV [ApInfo] concluido com sucesso em 56.8 segundos.
[2026-09-01 08:55:23] Ciclo concluído. Aguardando 60 segundos...
[2026-09-01 08:55:25] Scheduler encerrado.
[2026-09-01 08:55:33] MAV Scheduler com Envio Automático e CSV iniciado.
[2026-09-01 08:55:33] [TELEGRAM] Escutando comandos avançados do iPhone...
[2026-09-01 08:55:33] Executando MAV [ApInfo] — Ciclo #1
[2026-09-01 08:56:30] MAV [ApInfo] concluido com sucesso em 56.8 segundos.
[2026-09-01 08:56:41] Ciclo concluído. Aguardando 60 segundos...
[2026-09-01 08:57:41] Executando MAV [ApInfo] — Ciclo #2
[2026-09-01 08:58:02] Scheduler encerrado.
[2026-09-01 08:59:27] MAV Scheduler operando em Modo Sob Demanda (Totalmente Manual via Telegram).
[2026-09-01 08:59:28] [TELEGRAM] Escutando comandos avançados do iPhone...
[2026-09-01 09:05:15] Scheduler encerrado.
[2026-09-01 09:05:25] Scheduler encerrado.
[2026-09-01 09:06:18] MAV Scheduler operando em Modo Sob Demanda (Totalmente Manual via Telegram).
[2026-09-01 09:06:19] [TELEGRAM] Escutando comandos avançados do iPhone...
[2026-09-01 09:07:03] [TELEGRAM] Comando recebido com sucesso: ajuda
[2026-09-01 09:07:31] [TELEGRAM] Comando recebido com sucesso: resumoexecutivo
[2026-09-01 09:08:50] [TELEGRAM] Comando recebido com sucesso: rodar
[2026-09-01 09:09:00] Executando MAV [ApInfo] — Ciclo #999
[2026-09-01 09:10:04] MAV [ApInfo] concluido com sucesso em 64.0 segundos.
[2026-09-01 09:10:17] [TELEGRAM] Comando recebido com sucesso: parar
[2026-09-01 09:10:40] [TELEGRAM] Comando recebido com sucesso: topvagas
[2026-09-01 09:20:29] Scheduler encerrado.
[2026-09-01 09:20:29] Scheduler encerrado.
[2026-09-01 09:20:39] MAV Scheduler operando em Modo Sob Demanda (Totalmente Manual via Telegram).
[2026-09-01 09:20:40] [TELEGRAM] Escutando comandos avançados do iPhone...
[2026-09-01 09:21:00] [TELEGRAM] Comando recebido com sucesso: gerar_carta
[2026-09-01 09:24:20] Scheduler encerrado.
[2026-09-01 09:24:34] MAV Scheduler operando em Modo Sob Demanda (Totalmente Manual via Telegram).
[2026-09-01 09:24:45] [TELEGRAM] Escutando comandos avançados do iPhone...
[2026-09-01 09:25:00] [TELEGRAM] Comando recebido com sucesso: ajuda
[2026-09-01 09:25:22] [TELEGRAM] Comando recebido com sucesso: checarlinks
[2026-09-01 09:26:18] Scheduler encerrado.
[2026-09-01 09:26:19] Scheduler encerrado.
[2026-09-01 09:28:01] MAV Scheduler operando em Modo Sob Demanda (Totalmente Manual via Telegram).
[2026-09-01 09:28:02] [TELEGRAM] Escutando comandos avançados do iPhone...
[2026-09-01 09:28:25] [TELEGRAM] Comando recebido com sucesso: ajuda
[2026-09-01 09:29:07] [TELEGRAM] Comando recebido com sucesso: status
[2026-09-01 09:29:19] [TELEGRAM] Comando recebido com sucesso: exportarcsv
[2026-09-01 09:29:31] [TELEGRAM] Comando recebido com sucesso: desligar
[2026-09-01 09:29:31] [TELEGRAM] Desligamento remoto acionado pelo iPhone.
[2026-09-01 09:32:37] MAV Scheduler operando em Modo Sob Demanda (Totalmente Manual via Telegram).
[2026-09-01 09:32:48] [TELEGRAM] Escutando comandos avançados do iPhone...
[2026-09-01 09:33:01] [TELEGRAM] Comando recebido com sucesso: rodar
[2026-09-01 09:33:01] Executando MAV [ApInfo] — Ciclo #999
[2026-09-01 09:34:05] MAV [ApInfo] concluido com sucesso em 63.8 segundos.
[2026-09-01 09:34:28] [TELEGRAM] Comando recebido com sucesso: desligar
[2026-09-01 09:34:39] [TELEGRAM] Desligamento remoto acionado pelo iPhone.
[2026-09-01 09:39:41] MAV Scheduler operando em Modo Sob Demanda (Totalmente Manual via Telegram).
[2026-09-01 09:39:42] [TELEGRAM] Escutando comandos avançados do iPhone...
[2026-09-01 09:39:51] [TELEGRAM] Comando recebido com sucesso: ligar
[2026-09-01 09:39:52] [TELEGRAM] Comando /ligar ativado pelo usuário.
[2026-09-01 09:40:26] [TELEGRAM] Comando recebido com sucesso: desligar
[2026-09-01 09:40:37] [TELEGRAM] Desligamento remoto (modo de espera) acionado pelo iPhone.
[2026-09-01 09:40:37] [TELEGRAM] Comando recebido com sucesso: parar
[2026-09-01 09:40:44] [TELEGRAM] Comando recebido com sucesso: ligar
[2026-09-01 09:40:45] [TELEGRAM] Comando /ligar ativado pelo usuário.
[2026-09-01 09:40:49] [TELEGRAM] Comando recebido com sucesso: rodar
[2026-09-01 09:40:59] Executando MAV [ApInfo] — Ciclo #1
[2026-09-01 09:41:56] MAV [ApInfo] concluido com sucesso em 56.8 segundos.
[2026-09-01 09:43:32] [TELEGRAM] Comando recebido com sucesso: rodar
[2026-09-01 09:43:32] Executando MAV [ApInfo] — Ciclo #2
[2026-09-01 09:44:29] MAV [ApInfo] concluido com sucesso em 56.8 segundos.
[2026-09-01 09:45:58] [TELEGRAM] Comando recebido com sucesso: ajuda
[2026-09-01 09:46:14] [TELEGRAM] Comando recebido com sucesso: resumoexecutivo
[2026-09-01 09:49:21] [TELEGRAM] Comando recebido com sucesso: desligar
[2026-09-01 09:49:22] [TELEGRAM] Desligamento remoto (modo de espera) acionado pelo iPhone.
[2026-09-01 09:51:40] [TELEGRAM] Comando recebido com sucesso: ligar
[2026-09-01 09:51:51] [TELEGRAM] Comando /ligar ativado pelo usuário.
[2026-09-01 09:52:06] [TELEGRAM] Comando recebido com sucesso: rodar
[2026-09-01 09:52:07] Executando MAV [ApInfo] — Ciclo #3
[2026-09-01 09:53:11] MAV [ApInfo] concluido com sucesso em 64.1 segundos.
[2026-09-01 10:13:34] [TELEGRAM] Comando recebido com sucesso: rodar
[2026-09-01 10:13:35] Executando MAV [ApInfo] — Ciclo #4
[2026-09-01 10:14:39] MAV [ApInfo] concluido com sucesso em 64.1 segundos.
[2026-09-01 12:12:52] [TELEGRAM] Comando recebido com sucesso: rodar
[2026-09-01 12:13:03] Executando MAV [ApInfo] — Ciclo #5
[2026-09-01 12:14:07] MAV [ApInfo] concluido com sucesso em 64.4 segundos.
[2026-09-01 18:59:22] [TELEGRAM] Comando recebido com sucesso: ajuda
[2026-09-01 18:59:39] [TELEGRAM] Comando recebido com sucesso: ligar
[2026-09-01 18:59:50] [TELEGRAM] Comando /ligar ativado pelo usuário.
[2026-09-01 18:59:59] [TELEGRAM] Comando recebido com sucesso: rodar
[2026-09-01 19:00:00] Executando MAV [ApInfo] — Ciclo #6
[2026-09-01 19:01:11] MAV [ApInfo] concluido com sucesso em 70.9 segundos.
[2026-09-01 19:49:36] Scheduler encerrado.
[2026-09-01 19:49:36] Scheduler encerrado.
[2026-09-01 19:50:05] MAV Scheduler operando em Modo Híbrido (Manual via Telegram + Horários Fixos).
[2026-09-01 19:50:16] [TELEGRAM] Escutando comandos avançados do iPhone...
[2026-09-01 19:50:16] [AGENDADOR] Monitor de horários ativos: ['09:00', '13:00', '18:00', '22:00']
[2026-09-01 19:50:50] [TELEGRAM] Comando recebido: ligar
[2026-09-01 19:50:50] [TELEGRAM] MAV ligado com sucesso.
[2026-09-01 19:51:12] [TELEGRAM] Comando recebido: rodar
[2026-09-01 19:51:13] Executando MAV [ApInfo] — Ciclo #1
[2026-09-01 19:52:17] MAV [ApInfo] concluido com sucesso em 64.4 segundos.
[2026-09-01 19:52:27] [TELEGRAM] Comando recebido: status
[2026-09-01 22:00:16] [AGENDADOR] Horário programado atingido (22:00). Iniciando Ciclo Automático #2...
[2026-09-01 22:00:17] Executando MAV [ApInfo] — Ciclo #2
[2026-09-01 22:01:28] MAV [ApInfo] concluido com sucesso em 71.3 segundos.
[2026-09-02 07:40:52] MAV Scheduler operando em Modo Híbrido com Watchdog de Auto-Cura.
[2026-09-02 07:40:52] [TELEGRAM] Escutando comandos avançados do iPhone...
[2026-09-02 07:40:52] [AGENDADOR] Monitor de horários ativos: ['09:00', '13:00', '18:00', '22:00'] (com Watchdog)
[2026-09-02 07:41:50] [TELEGRAM] Comando recebido: ligar
[2026-09-02 07:42:01] [TELEGRAM] MAV ligado com sucesso.
[2026-09-02 07:42:22] [TELEGRAM] Comando recebido: rodar
[2026-09-02 07:42:23] Executando MAV [ApInfo] — Ciclo #1
[2026-09-02 07:43:35] MAV [ApInfo] concluido com sucesso em 71.7 segundos.
[2026-09-02 07:44:00] [TELEGRAM] Comando recebido: ajuda
[2026-09-02 07:51:01] [TELEGRAM] Comando recebido: rodar
[2026-09-02 07:51:11] Executando MAV [ApInfo] — Ciclo #2
[2026-09-02 07:51:17] Scheduler encerrado.
[2026-09-02 07:53:23] MAV Scheduler operando em Modo Híbrido com Watchdog de Auto-Cura.
[2026-09-02 07:53:24] [TELEGRAM] Escutando comandos avançados do iPhone...
[2026-09-02 07:53:24] [AGENDADOR] Monitor de horários ativos: ['09:00', '13:00', '18:00', '22:00'] (com Watchdog)
[2026-09-02 07:53:43] [TELEGRAM] Comando recebido: ligar
[2026-09-02 07:53:54] [TELEGRAM] MAV ligado com sucesso.
[2026-09-02 07:54:03] [TELEGRAM] Comando recebido: rodar
[2026-09-02 07:54:03] Executando MAV [ApInfo] — Ciclo #1
[2026-09-02 07:55:01] MAV [ApInfo] concluido com sucesso em 57.2 segundos.
[2026-09-02 07:57:06] [TELEGRAM] Comando recebido: ajuda
[2026-09-02 07:57:53] [TELEGRAM] Comando recebido: resumo_executivo
[2026-09-02 07:58:07] [TELEGRAM] Comando recebido: vagas_hoje
[2026-09-02 07:58:20] [TELEGRAM] Comando recebido: exportar_csv
[2026-09-02 07:58:35] [TELEGRAM] Comando recebido: testar_telegram
[2026-09-02 07:58:40] [TELEGRAM] Comando recebido: testar_telegram
[2026-09-02 07:59:02] [TELEGRAM] Comando recebido: testar_telegram
[2026-09-02 07:59:03] [TELEGRAM] Comando recebido: status
[2026-09-02 07:59:17] [TELEGRAM] Comando recebido: checar_links
[2026-09-02 07:59:39] [TELEGRAM] Comando recebido: gerar_carta
[2026-09-02 07:59:48] [TELEGRAM] Comando recebido: rodar
[2026-09-02 07:59:59] Executando MAV [ApInfo] — Ciclo #2
[2026-09-02 08:00:56] MAV [ApInfo] concluido com sucesso em 57.2 segundos.
[2026-09-02 08:07:53] [TELEGRAM] Comando recebido: gerar_carta
[2026-09-02 08:13:08] Scheduler encerrado.
[2026-09-02 08:13:29] MAV Scheduler operando em Modo Híbrido com Watchdog de Auto-Cura.
[2026-09-02 08:13:30] [TELEGRAM] Escutando comandos avançados do iPhone...
[2026-09-02 08:13:30] [AGENDADOR] Monitor de horários ativos: ['09:00', '13:00', '18:00', '22:00'] (com Watchdog)
[2026-09-02 08:13:46] [TELEGRAM] Comando recebido: ligar
[2026-09-02 08:13:47] [TELEGRAM] MAV ligado com sucesso.
[2026-09-02 08:14:08] [TELEGRAM] Comando recebido: rodar
[2026-09-02 08:14:09] Executando MAV [ApInfo] — Ciclo #1
[2026-09-02 08:15:14] MAV [ApInfo] concluido com sucesso em 64.8 segundos.
[2026-09-02 08:17:56] Scheduler encerrado.
[2026-09-02 08:18:19] MAV Scheduler operando em Modo Híbrido com Watchdog de Auto-Cura.
[2026-09-02 08:18:30] [TELEGRAM] Escutando comandos avançados do iPhone...
[2026-09-02 08:18:30] [AGENDADOR] Monitor de horários ativos: ['09:00', '13:00', '18:00', '22:00'] (com Watchdog)
[2026-09-02 08:18:54] [TELEGRAM] Comando recebido Senhor: ligar
[2026-09-02 08:18:54] [TELEGRAM] MAV ligado com sucesso.
[2026-09-02 08:19:28] [TELEGRAM] Comando recebido Senhor: rodar
[2026-09-02 08:19:29] Executando MAV [ApInfo] — Ciclo #1
[2026-09-02 08:20:26] MAV [ApInfo] concluido com sucesso em 57.1 segundos.
[2026-09-02 08:21:35] [TELEGRAM] Comando recebido Senhor: ajuda
[2026-09-02 08:23:31] [TELEGRAM] Comando recebido Senhor: desligar
[2026-09-02 08:23:42] [TELEGRAM] MAV desligado (modo de espera).
[2026-09-02 08:30:19] [TELEGRAM] Comando recebido Senhor: ligar
[2026-09-02 08:30:20] [TELEGRAM] MAV ligado com sucesso.
[2026-09-02 09:00:10] [AGENDADOR] Horário programado atingido (09:00). Iniciando Ciclo Automático #2...
[2026-09-02 09:00:10] Executando MAV [ApInfo] — Ciclo #2
[2026-09-02 09:01:15] MAV [ApInfo] concluido com sucesso em 64.8 segundos.
[2026-09-02 09:14:21] Scheduler encerrado.
[2026-09-02 09:14:31] MAV Scheduler operando em Modo Híbrido com Watchdog de Auto-Cura.
[2026-09-02 09:14:31] [TELEGRAM] Escutando comandos avançados do iPhone...
[2026-09-02 09:14:31] [AGENDADOR] Monitor de horários ativos: ['09:00', '13:00', '18:00', '22:00'] (com Watchdog)
[2026-09-02 09:14:41] [TELEGRAM] Comando recebido Senhor: ligar
[2026-09-02 09:14:42] [TELEGRAM] MAV ligado com sucesso.
[2026-09-02 09:14:49] [TELEGRAM] Comando recebido Senhor: ajuda
[2026-09-02 13:00:12] [AGENDADOR] Horário programado atingido (13:00). Iniciando Ciclo Automático #1...
[2026-09-02 13:00:13] Executando MAV [ApInfo] — Ciclo #1
[2026-09-02 13:01:20] MAV [ApInfo] concluido com sucesso em 67.6 segundos.
[2026-09-02 13:09:17] Scheduler encerrado.
[2026-09-02 13:09:42] MAV Scheduler operando em Modo Híbrido com Watchdog de Auto-Cura.
[2026-09-02 13:09:42] [TELEGRAM] Escutando comandos avançados do iPhone...
[2026-09-02 13:09:42] [AGENDADOR] Monitor de horários contínuos ativo: ['09:00', '13:00', '18:00', '22:00'] (com Watchdog)
[2026-09-02 13:09:42] [AGENDADOR] Janela horária atingida (13:00). Iniciando varredura contínua por 1 hora...
[2026-09-02 13:09:43] [AGENDADOR] Janela 13:00 — Ciclo contínuo #1 (Total Global: #1)...
[2026-09-02 13:09:43] Executando MAV [ApInfo] — Ciclo #1
[2026-09-02 13:10:49] MAV [ApInfo] concluido com sucesso em 66.0 segundos.
[2026-09-02 13:11:00] [AGENDADOR] Ciclo contínuo #1 concluído com sucesso.
[2026-09-02 13:11:00] [AGENDADOR] Aguardando 5 minutos para o próximo ciclo contínuo...
[2026-09-02 13:12:00] [TELEGRAM] Comando recebido Senhor: topvagas
[2026-09-02 13:12:52] [TELEGRAM] Comando recebido Senhor: exportar_csv
[2026-09-02 13:13:06] [TELEGRAM] Comando recebido Senhor: status
[2026-09-02 13:13:39] [TELEGRAM] Comando recebido Senhor: ping
[2026-09-02 13:16:00] [AGENDADOR] Janela 13:00 — Ciclo contínuo #2 (Total Global: #2)...
[2026-09-02 13:16:00] Executando MAV [ApInfo] — Ciclo #2
[2026-09-02 13:16:57] MAV [ApInfo] concluido com sucesso em 56.9 segundos.
[2026-09-02 13:17:08] [AGENDADOR] Ciclo contínuo #2 concluído com sucesso.
[2026-09-02 13:17:08] [AGENDADOR] Aguardando 5 minutos para o próximo ciclo contínuo...
[2026-09-02 13:22:08] [AGENDADOR] Janela 13:00 — Ciclo contínuo #3 (Total Global: #3)...
[2026-09-02 13:22:08] Executando MAV [ApInfo] — Ciclo #3
[2026-09-02 13:23:05] MAV [ApInfo] concluido com sucesso em 57.5 segundos.
[2026-09-02 13:23:06] [AGENDADOR] Ciclo contínuo #3 concluído com sucesso.
[2026-09-02 13:23:06] [AGENDADOR] Aguardando 5 minutos para o próximo ciclo contínuo...
[2026-09-02 13:23:43] [TELEGRAM] Comando recebido Senhor: testar_telegram
[2026-09-02 13:26:52] [TELEGRAM] Comando recebido Senhor: exportar_csv
[2026-09-02 13:28:06] [AGENDADOR] Janela 13:00 — Ciclo contínuo #4 (Total Global: #4)...
[2026-09-02 13:28:06] Executando MAV [ApInfo] — Ciclo #4
[2026-09-02 13:29:03] MAV [ApInfo] concluido com sucesso em 57.2 segundos.
[2026-09-02 13:29:04] [AGENDADOR] Ciclo contínuo #4 concluído com sucesso.
[2026-09-02 13:29:04] [AGENDADOR] Aguardando 5 minutos para o próximo ciclo contínuo...
[2026-09-02 13:34:04] [AGENDADOR] Janela 13:00 — Ciclo contínuo #5 (Total Global: #5)...
[2026-09-02 13:34:04] Executando MAV [ApInfo] — Ciclo #5
[2026-09-02 13:35:06] MAV [ApInfo] concluido com sucesso em 61.8 segundos.
[2026-09-02 13:35:07] [AGENDADOR] Ciclo contínuo #5 concluído com sucesso.
[2026-09-02 13:35:07] [AGENDADOR] Aguardando 5 minutos para o próximo ciclo contínuo...
[2026-09-02 13:40:07] [AGENDADOR] Janela 13:00 — Ciclo contínuo #6 (Total Global: #6)...
[2026-09-02 13:40:07] Executando MAV [ApInfo] — Ciclo #6
[2026-09-02 13:41:04] MAV [ApInfo] concluido com sucesso em 57.1 segundos.
[2026-09-02 13:41:15] [AGENDADOR] Ciclo contínuo #6 concluído com sucesso.
[2026-09-02 13:41:15] [AGENDADOR] Aguardando 5 minutos para o próximo ciclo contínuo...
[2026-09-02 13:41:42] [TELEGRAM] Comando recebido Senhor: vagas_hoje
[2026-09-02 13:41:56] [TELEGRAM] Comando recebido Senhor: ultimo_ciclo
[2026-09-02 13:42:25] [TELEGRAM] Comando recebido Senhor: status
[2026-09-02 13:42:31] [TELEGRAM] Comando recebido Senhor: ajuda
[2026-09-02 13:42:47] [TELEGRAM] Comando recebido Senhor: resumo_executivo
[2026-09-02 13:43:09] [TELEGRAM] Comando recebido Senhor: exportar_csv
[2026-09-02 13:46:15] [AGENDADOR] Janela 13:00 — Ciclo contínuo #7 (Total Global: #7)...
[2026-09-02 13:46:15] Executando MAV [ApInfo] — Ciclo #7
[2026-09-02 13:47:12] MAV [ApInfo] concluido com sucesso em 57.6 segundos.
[2026-09-02 13:47:23] [AGENDADOR] Ciclo contínuo #7 concluído com sucesso.
[2026-09-02 13:47:23] [AGENDADOR] Aguardando 5 minutos para o próximo ciclo contínuo...
[2026-09-02 13:52:23] [AGENDADOR] Janela 13:00 — Ciclo contínuo #8 (Total Global: #8)...
[2026-09-02 13:52:23] Executando MAV [ApInfo] — Ciclo #8
[2026-09-02 13:53:20] MAV [ApInfo] concluido com sucesso em 56.9 segundos.
[2026-09-02 13:53:21] [AGENDADOR] Ciclo contínuo #8 concluído com sucesso.
[2026-09-02 13:53:21] [AGENDADOR] Aguardando 5 minutos para o próximo ciclo contínuo...
[2026-09-02 13:58:21] [AGENDADOR] Janela 13:00 — Ciclo contínuo #9 (Total Global: #9)...
[2026-09-02 13:58:21] Executando MAV [ApInfo] — Ciclo #9
[2026-09-02 13:59:25] MAV [ApInfo] concluido com sucesso em 63.8 segundos.
[2026-09-02 13:59:25] [AGENDADOR] Ciclo contínuo #9 concluído com sucesso.
[2026-09-02 13:59:25] [AGENDADOR] Aguardando 5 minutos para o próximo ciclo contínuo...
[2026-09-02 14:04:25] [AGENDADOR] Janela 13:00 — Ciclo contínuo #10 (Total Global: #10)...
[2026-09-02 14:04:25] Executando MAV [ApInfo] — Ciclo #10
[2026-09-02 14:05:29] MAV [ApInfo] concluido com sucesso em 63.9 segundos.
[2026-09-02 14:05:30] [AGENDADOR] Ciclo contínuo #10 concluído com sucesso.
[2026-09-02 14:05:30] [AGENDADOR] Aguardando 5 minutos para o próximo ciclo contínuo...
[2026-09-02 14:05:50] Scheduler encerrado.
[2026-09-02 14:05:55] MAV Scheduler operando com ApInfo e Adzuna.
[2026-09-02 14:06:06] [TELEGRAM] Escutando comandos avançados...
[2026-09-02 14:06:06] [AGENDADOR] Monitor de ApInfo e Adzuna ativo com Relatório Diário às 08:00.
[2026-09-02 14:07:05] [TELEGRAM] Comando recebido Senhor: status (Arg: )
[2026-09-02 14:07:20] [TELEGRAM] Comando recebido Senhor: rodar (Arg: )
[2026-09-02 14:07:21] Executando MAV [ApInfo] — Ciclo #1
[2026-09-02 14:08:20] MAV [ApInfo] concluido com sucesso em 59.5 segundos.
[2026-09-02 14:08:21] Executando MAV [Adzuna] — Ciclo #1
[2026-09-02 14:08:23] MAV [Adzuna] terminou com codigo 2 apos 1.6 segundos.
[2026-09-02 14:10:17] [TELEGRAM] Comando recebido Senhor: gerar_carta (Arg: )
[2026-09-02 18:54:02] MAV Scheduler operando com ApInfo e Adzuna.
[2026-09-02 18:54:03] [TELEGRAM] Escutando comandos avançados...
[2026-09-02 18:54:03] [AGENDADOR] Monitor de ApInfo e Adzuna ativo com Relatório Diário às 08:00.
[2026-09-02 18:54:03] [AGENDADOR] Janela horária atingida (18:00). Iniciando rotina...
[2026-09-02 18:54:05] Executando MAV [ApInfo] — Ciclo #1
[2026-09-02 18:54:05] MAV [ApInfo] terminou com codigo 1 apos 0.2 segundos.
[2026-09-02 18:54:05] Executando MAV [Adzuna] — Ciclo #1
[2026-09-02 18:54:05] MAV [Adzuna] terminou com codigo 1 apos 0.2 segundos.
[2026-09-02 18:55:12] Scheduler encerrado.
[2026-09-02 18:56:47] MAV Scheduler operando com ApInfo e Adzuna.
[2026-09-02 18:56:48] [TELEGRAM] Escutando comandos avançados...
[2026-09-02 18:56:48] [AGENDADOR] Monitor de ApInfo e Adzuna ativo com Relatório Diário às 08:00.
[2026-09-02 18:56:48] [AGENDADOR] Janela horária atingida (18:00). Iniciando rotina...
[2026-09-02 18:56:48] Executando MAV [ApInfo] — Ciclo #1
[2026-09-02 18:57:12] [TELEGRAM] Comando recebido Senhor: ligar (Arg: )
[2026-09-02 18:57:34] [TELEGRAM] Comando recebido Senhor: rodar (Arg: )
[2026-09-02 18:57:45] Executando MAV [ApInfo] — Ciclo #2
[2026-09-02 18:58:24] MAV [ApInfo] concluido com sucesso em 95.5 segundos.
[2026-09-02 18:58:35] Executando MAV [Adzuna] — Ciclo #1
[2026-09-02 18:58:36] MAV [Adzuna] terminou com codigo 2 apos 1.5 segundos.
[2026-09-02 18:58:43] MAV [ApInfo] concluido com sucesso em 58.1 segundos.
[2026-09-02 18:58:44] Executando MAV [Adzuna] — Ciclo #2
[2026-09-02 18:58:47] MAV [Adzuna] terminou com codigo 2 apos 3.1 segundos.
[2026-09-02 19:01:09] [TELEGRAM] Comando recebido Senhor: status (Arg: )
[2026-09-02 19:03:20] MAV Scheduler operando com ApInfo e Adzuna (Versão Avançada).
[2026-09-02 19:03:21] [TELEGRAM] Escutando comandos avançados...
[2026-09-02 19:03:21] [AGENDADOR] Monitor de ApInfo e Adzuna ativo com Relatório Diário às 08:00.
[2026-09-02 19:03:56] [TELEGRAM] Comando recebido Senhor: rodar (Arg: )
[2026-09-02 19:03:56] Executando MAV [ApInfo] — Ciclo #3
[2026-09-02 19:03:57] [TELEGRAM] Comando recebido Senhor: rodar (Arg: )
[2026-09-02 19:03:58] Executando MAV [ApInfo] — Ciclo #1
[2026-09-02 19:03:59] MAV [ApInfo] terminou com codigo 2 apos 1.8 segundos. Erro: usage: main.py [-h] [--site {ApInfo,Infojobs,Indeed,Catho}] [--dry-run]
               [--headed]
main.py: error: unrecognized arguments: apinfo

[2026-09-02 19:03:59] Executando MAV [Adzuna] — Ciclo #1
[2026-09-02 19:04:00] MAV [Adzuna] terminou com codigo 2 apos 0.9 segundos. Erro: usage: main.py [-h] [--site {ApInfo,Infojobs,Indeed,Catho}] [--dry-run]
               [--headed]
main.py: error: unrecognized arguments: adzuna

[2026-09-02 19:04:59] MAV [ApInfo] concluido com sucesso em 63.0 segundos.
[2026-09-02 19:05:02] Executando MAV [Adzuna] — Ciclo #3
[2026-09-02 19:05:04] MAV [Adzuna] terminou com codigo 2 apos 2.0 segundos.
[2026-09-02 19:05:08] Scheduler encerrado.
[2026-09-02 19:05:24] MAV Scheduler operando com ApInfo e Adzuna (Versão Avançada).
[2026-09-02 19:05:25] [TELEGRAM] Escutando comandos avançados...
[2026-09-02 19:05:25] [AGENDADOR] Monitor de ApInfo e Adzuna ativo com Relatório Diário às 08:00.
[2026-09-02 19:05:49] [TELEGRAM] Comando recebido Senhor: ligar (Arg: )
[2026-09-02 19:05:56] [TELEGRAM] Comando recebido Senhor: rodar (Arg: )
[2026-09-02 19:06:06] Executando MAV [ApInfo] — Ciclo #1
[2026-09-02 19:06:22] [TELEGRAM] Comando recebido Senhor: rodar (Arg: )
[2026-09-02 19:06:23] Executando MAV [ApInfo] — Ciclo #4
[2026-09-02 19:07:08] MAV [ApInfo] concluido com sucesso em 61.2 segundos.
[2026-09-02 19:07:08] Executando MAV [Adzuna] — Ciclo #1
[2026-09-02 19:07:09] MAV [Adzuna] terminou com codigo 2 apos 0.9 segundos. Erro: usage: main.py [-h] [--site {ApInfo,Infojobs,Indeed,Catho}] [--dry-run]
               [--headed]
main.py: error: argument --site: invalid choice: 'Adzuna' (choose from ApInfo, Infojobs, Indeed, Catho
[2026-09-02 19:07:20] MAV [ApInfo] concluido com sucesso em 57.7 segundos.
[2026-09-02 19:07:21] Executando MAV [Adzuna] — Ciclo #4
[2026-09-02 19:07:23] MAV [Adzuna] terminou com codigo 2 apos 1.3 segundos.
[2026-09-02 19:07:28] Scheduler encerrado.
[2026-09-02 19:09:43] Scheduler encerrado.
[2026-09-02 19:09:51] MAV Scheduler operando com ApInfo e Adzuna (Versão Avançada).
[2026-09-02 19:09:51] [TELEGRAM] Escutando comandos avançados...
[2026-09-02 19:09:51] [AGENDADOR] Monitor de ApInfo e Adzuna ativo com Relatório Diário às 08:00.
[2026-09-02 19:10:15] [TELEGRAM] Comando recebido Senhor: ligar (Arg: )
[2026-09-02 19:10:28] [TELEGRAM] Comando recebido Senhor: rodar (Arg: )
[2026-09-02 19:10:29] Executando MAV [ApInfo] — Ciclo #1
[2026-09-02 19:11:26] MAV [ApInfo] concluido com sucesso em 57.0 segundos.
[2026-09-02 19:11:27] Executando MAV [Infojobs] — Ciclo #1
[2026-09-02 19:11:27] MAV [Infojobs] terminou com codigo 1 apos 0.8 segundos. Erro: Traceback (most recent call last):
  File "C:\Users\Matheus\PycharmProjects\PythonProject\testes_oficiais\scripts e playbook - ansible\minerador_vagas\main.py", line 547, in <module>
    main()
  File
[2026-09-02 19:11:27] Executando MAV [Indeed] — Ciclo #1
[2026-09-02 19:11:28] MAV [Indeed] terminou com codigo 1 apos 0.7 segundos. Erro: Traceback (most recent call last):
  File "C:\Users\Matheus\PycharmProjects\PythonProject\testes_oficiais\scripts e playbook - ansible\minerador_vagas\main.py", line 547, in <module>
    main()
  File
[2026-09-02 19:11:28] Executando MAV [Catho] — Ciclo #1
[2026-09-02 19:11:29] MAV [Catho] terminou com codigo 1 apos 0.8 segundos. Erro: Traceback (most recent call last):
  File "C:\Users\Matheus\PycharmProjects\PythonProject\testes_oficiais\scripts e playbook - ansible\minerador_vagas\main.py", line 547, in <module>
    main()
  File
[2026-09-02 19:12:40] Scheduler encerrado.
[2026-09-02 19:12:45] MAV Scheduler operando com ApInfo e Adzuna (Versão Avançada).
[2026-09-02 19:12:56] [TELEGRAM] Escutando comandos avançados...
[2026-09-02 19:12:56] [AGENDADOR] Monitor de ApInfo e Adzuna ativo com Relatório Diário às 08:00.
[2026-09-02 19:13:03] [TELEGRAM] Comando recebido Senhor: ligar (Arg: )
[2026-09-02 19:13:21] [TELEGRAM] Comando recebido Senhor: rodar (Arg: )
[2026-09-02 19:13:22] Executando MAV [ApInfo] — Ciclo #1
[2026-09-02 19:14:18] MAV [ApInfo] concluido com sucesso em 56.8 segundos.
[2026-09-02 19:18:33] [TELEGRAM] Comando recebido Senhor: estatisticas_stack (Arg: )
[2026-09-02 19:18:56] [TELEGRAM] Comando recebido Senhor: gerar_carta (Arg: )
[2026-09-02 19:19:02] [TELEGRAM] Comando recebido Senhor: rodar (Arg: )
[2026-09-02 19:19:12] Executando MAV [ApInfo] — Ciclo #2
[2026-09-02 19:20:09] MAV [ApInfo] concluido com sucesso em 56.5 segundos.
[2026-09-02 19:22:45] Scheduler encerrado.
[2026-09-02 19:22:49] MAV Scheduler operando com ApInfo (Versão Avançada).
[2026-09-02 19:22:50] [TELEGRAM] Escutando comandos avançados...
[2026-09-02 19:22:50] [AGENDADOR] Monitor de ApInfo e Adzuna ativo com Relatório Diário às 08:00.
[2026-09-02 19:23:07] Scheduler encerrado.
[2026-09-02 19:23:11] MAV Scheduler operando com ApInfo (Versão Avançada).
[2026-09-02 19:23:11] [TELEGRAM] Escutando comandos avançados...
[2026-09-02 19:23:11] [AGENDADOR] Monitor de ApInfo ativo com Relatório Diário às 08:00.
[2026-09-02 19:23:34] [TELEGRAM] Comando recebido Senhor: rodar (Arg: )
[2026-09-02 19:23:45] Executando MAV [ApInfo] — Ciclo #1
[2026-09-02 19:24:27] Scheduler encerrado.
[2026-09-02 19:24:31] MAV Scheduler operando com ApInfo (Versão Avançada).
[2026-09-02 19:24:32] [TELEGRAM] Escutando comandos avançados...
[2026-09-02 19:24:32] [AGENDADOR] Monitor de ApInfo ativo com Relatório Diário às 08:00.
[2026-09-02 19:24:44] [TELEGRAM] Comando recebido Senhor: rodar (Arg: )
[2026-09-02 19:24:45] Executando MAV [ApInfo] — Ciclo #1
[2026-09-02 19:25:42] MAV [ApInfo] concluido com sucesso em 57.1 segundos.
[2026-09-02 19:27:02] [TELEGRAM] Comando recebido Senhor: ajuda (Arg: )
[2026-09-02 19:31:19] Scheduler encerrado.
[2026-09-02 19:31:35] MAV Scheduler operando com ApInfo (Versão Avançada).
[2026-09-02 19:31:36] [TELEGRAM] Escutando comandos avançados...
[2026-09-02 19:31:36] [AGENDADOR] Monitor de ApInfo ativo com Relatório Diário às 08:00.
[2026-09-02 19:33:57] [TELEGRAM] Comando recebido Senhor: comandos (Arg: )
[2026-09-02 19:44:38] Scheduler encerrado.
[2026-09-02 19:44:42] MAV Scheduler operando com ApInfo (Versão Avançada).
[2026-09-02 19:44:43] [TELEGRAM] Escutando comandos avançados...
[2026-09-02 19:44:43] [AGENDADOR] Monitor de ApInfo ativo com Relatório Diário às 08:00.
[2026-09-02 19:45:32] [TELEGRAM] Comando recebido Senhor: ligar (Arg: )
[2026-09-02 19:45:52] [TELEGRAM] Comando recebido Senhor: rodar (Arg: )
[2026-09-02 19:45:52] Executando MAV [ApInfo] — Ciclo #1
[2026-09-02 19:46:56] MAV [ApInfo] concluido com sucesso em 64.0 segundos.
[2026-09-02 19:46:59] [TELEGRAM] Comando recebido Senhor: comandos (Arg: )
[2026-09-02 19:47:57] [TELEGRAM] Comando recebido Senhor: intervalo (Arg: 1)
[2026-09-02 19:48:33] [TELEGRAM] Comando recebido Senhor: relatorio_completo (Arg: )
[2026-09-02 19:48:56] [TELEGRAM] Comando recebido Senhor: exportar_csv (Arg: )
[2026-09-02 19:49:08] [TELEGRAM] Comando recebido Senhor: sites (Arg: )
[2026-09-02 19:49:56] [TELEGRAM] Comando recebido Senhor: intervalo (Arg: 2)
[2026-09-02 19:53:30] [TELEGRAM] Comando recebido Senhor: forcar_horario (Arg: 11:30)
[2026-09-02 19:54:11] [TELEGRAM] Comando recebido Senhor: forcar_horario (Arg: 12:00)
[2026-09-02 19:54:34] [TELEGRAM] Comando recebido Senhor: forcar_horario (Arg: 11:45)
[2026-09-02 19:56:16] [TELEGRAM] Comando recebido Senhor: forcar_horario (Arg: 07:00)
[2026-09-02 19:56:29] [TELEGRAM] Comando recebido Senhor: forcar_horario (Arg: 06:00)
[2026-09-02 19:56:39] [TELEGRAM] Comando recebido Senhor: forcar_horario (Arg: 08:00)
[2026-09-02 19:57:01] [TELEGRAM] Comando recebido Senhor: forcar_horario (Arg: 14:00)
[2026-09-02 19:57:12] [TELEGRAM] Comando recebido Senhor: forcar_horario (Arg: 15:00)
[2026-09-02 19:57:27] [TELEGRAM] Comando recebido Senhor: forcar_horario (Arg: 20:00)
[2026-09-02 19:57:30] [TELEGRAM] Comando recebido Senhor: forcar_horario (Arg: 21:00)
[2026-09-02 19:57:53] [TELEGRAM] Comando recebido Senhor: forcar_horario (Arg: 23:00)
[2026-09-02 19:58:51] [TELEGRAM] Comando recebido Senhor: modo_fim_de_semana (Arg: )
[2026-09-02 19:59:04] [TELEGRAM] Comando recebido Senhor: modo_turbo (Arg: )
[2026-09-02 19:59:28] [TELEGRAM] Comando recebido Senhor: intervalo (Arg: 1)
[2026-09-02 20:00:03] [AGENDADOR] Janela horária atingida (20:00). Iniciando rotina...
[2026-09-02 20:00:03] Executando MAV [ApInfo] — Ciclo #2
[2026-09-02 20:01:07] MAV [ApInfo] concluido com sucesso em 64.0 segundos.
[2026-09-02 20:01:38] Executando MAV [ApInfo] — Ciclo #3
[2026-09-02 20:02:35] MAV [ApInfo] concluido com sucesso em 56.9 segundos.
[2026-09-02 20:03:06] Executando MAV [ApInfo] — Ciclo #4
[2026-09-02 20:04:02] MAV [ApInfo] concluido com sucesso em 56.3 segundos.
[2026-09-02 20:04:33] Executando MAV [ApInfo] — Ciclo #5
[2026-09-02 20:05:29] MAV [ApInfo] concluido com sucesso em 56.5 segundos.
[2026-09-02 20:06:00] Executando MAV [ApInfo] — Ciclo #6
[2026-09-02 20:06:57] MAV [ApInfo] concluido com sucesso em 57.2 segundos.
[2026-09-02 20:07:28] Executando MAV [ApInfo] — Ciclo #7
[2026-09-02 20:08:25] MAV [ApInfo] concluido com sucesso em 56.6 segundos.
[2026-09-02 20:08:55] Executando MAV [ApInfo] — Ciclo #8
[2026-09-02 20:09:52] MAV [ApInfo] concluido com sucesso em 56.9 segundos.
[2026-09-02 20:10:23] Executando MAV [ApInfo] — Ciclo #9
[2026-09-02 20:11:21] MAV [ApInfo] concluido com sucesso em 57.8 segundos.
[2026-09-02 20:11:52] Executando MAV [ApInfo] — Ciclo #10
[2026-09-02 20:12:49] MAV [ApInfo] concluido com sucesso em 56.8 segundos.
[2026-09-02 20:13:19] Executando MAV [ApInfo] — Ciclo #11
[2026-09-02 20:14:16] MAV [ApInfo] concluido com sucesso em 56.6 segundos.
[2026-09-02 20:14:47] Executando MAV [ApInfo] — Ciclo #12
[2026-09-02 20:15:43] MAV [ApInfo] concluido com sucesso em 56.6 segundos.
[2026-09-02 20:16:24] Executando MAV [ApInfo] — Ciclo #13
[2026-09-02 20:17:21] MAV [ApInfo] concluido com sucesso em 56.8 segundos.
[2026-09-02 20:17:52] Executando MAV [ApInfo] — Ciclo #14
[2026-09-02 20:18:49] MAV [ApInfo] concluido com sucesso em 56.8 segundos.
[2026-09-02 20:19:19] Executando MAV [ApInfo] — Ciclo #15
[2026-09-02 20:20:16] MAV [ApInfo] concluido com sucesso em 56.9 segundos.
[2026-09-02 20:20:47] Executando MAV [ApInfo] — Ciclo #16
[2026-09-02 20:21:44] MAV [ApInfo] concluido com sucesso em 57.5 segundos.
[2026-09-02 20:22:15] Executando MAV [ApInfo] — Ciclo #17
[2026-09-02 20:23:13] MAV [ApInfo] concluido com sucesso em 57.3 segundos.
[2026-09-02 20:23:43] Executando MAV [ApInfo] — Ciclo #18
[2026-09-02 20:24:40] MAV [ApInfo] concluido com sucesso em 56.7 segundos.
[2026-09-02 20:25:11] Executando MAV [ApInfo] — Ciclo #19
[2026-09-02 20:26:08] MAV [ApInfo] concluido com sucesso em 56.8 segundos.
[2026-09-02 20:26:48] Executando MAV [ApInfo] — Ciclo #20
[2026-09-02 20:27:45] MAV [ApInfo] concluido com sucesso em 56.8 segundos.
[2026-09-02 20:28:16] Executando MAV [ApInfo] — Ciclo #21
[2026-09-02 20:29:14] MAV [ApInfo] concluido com sucesso em 58.0 segundos.
[2026-09-02 20:29:45] Executando MAV [ApInfo] — Ciclo #22
[2026-09-02 20:30:41] MAV [ApInfo] concluido com sucesso em 56.4 segundos.
[2026-09-02 20:31:58] [TELEGRAM] Comando recebido Senhor: status (Arg: )
[2026-09-02 20:32:12] [TELEGRAM] Comando recebido Senhor: exportar_csv (Arg: )
[2026-09-02 20:35:00] [TELEGRAM] Comando recebido Senhor: desligar (Arg: )
[2026-09-02 20:35:44] Scheduler encerrado.
[2026-09-02 20:35:50] MAV Scheduler operando com ApInfo (Versão Avançada).
[2026-09-02 20:35:51] [TELEGRAM] Escutando comandos avançados...
[2026-09-02 20:35:51] [AGENDADOR] Monitor de ApInfo ativo com Relatório Diário às 08:00.
[2026-09-02 20:49:55] Scheduler encerrado.
[2026-09-02 20:50:15] MAV Scheduler operando com ApInfo (Versão Avançada).
[2026-09-02 20:50:26] [TELEGRAM] Escutando comandos avançados...
[2026-09-02 20:50:26] [AGENDADOR] Monitor de ApInfo ativo com Relatório Diário às 08:00.
[2026-09-02 20:50:38] [TELEGRAM] Comando recebido Senhor: comandos (Arg: )
[2026-09-02 20:51:19] [TELEGRAM] Comando recebido Senhor: status (Arg: )
[2026-09-02 20:52:41] [TELEGRAM] Comando recebido Senhor: modo_fim_de_semana (Arg: )
[2026-09-02 20:52:50] [TELEGRAM] Comando recebido Senhor: rodar (Arg: )
[2026-09-02 20:52:51] Executando MAV [ApInfo] — Ciclo #1
[2026-09-02 20:53:55] MAV [ApInfo] concluido com sucesso em 64.6 segundos.
[2026-09-02 20:54:18] [TELEGRAM] Comando recebido Senhor: intervalo (Arg: 1)
[2026-09-02 20:54:41] [TELEGRAM] Comando recebido Senhor: intervalo (Arg: 1:30)
[2026-09-02 20:54:57] [TELEGRAM] Comando recebido Senhor: intervalo (Arg: 1:10)
[2026-09-02 20:57:46] Scheduler encerrado.
[2026-09-02 20:58:25] MAV Scheduler operando com ApInfo (Versão Avançada).
[2026-09-02 20:58:36] [TELEGRAM] Escutando comandos avançados...
[2026-09-02 20:58:36] [AGENDADOR] Monitor de ApInfo ativo com Relatório Diário às 08:00.
[2026-09-02 20:58:36] [AGENDADOR] Janela horária atingida (20:00). Iniciando rotina...
[2026-09-02 20:58:36] Executando MAV [ApInfo] — Ciclo #1
[2026-09-02 20:59:33] MAV [ApInfo] concluido com sucesso em 57.0 segundos.
[2026-09-02 20:59:39] [TELEGRAM] Comando recebido Senhor: intervalo (Arg: 1)
[2026-09-02 21:03:19] [TELEGRAM] Comando recebido Senhor: status (Arg: )
[2026-09-02 21:03:51] [TELEGRAM] Comando recebido Senhor: modo_fim_de_semana (Arg: )
[2026-09-02 21:04:21] Scheduler encerrado.
[2026-09-02 21:04:41] MAV Scheduler operando com ApInfo (Versão Avançada).
[2026-09-02 21:04:42] [TELEGRAM] Escutando comandos avançados...
[2026-09-02 21:04:42] [AGENDADOR] Monitor de ApInfo ativo com Relatório Diário às 08:00.
[2026-09-02 21:04:42] [AGENDADOR] Janela horária atingida (21:00). Iniciando rotina...
[2026-09-02 21:04:43] Executando MAV [ApInfo] — Ciclo #1
[2026-09-02 21:05:40] MAV [ApInfo] concluido com sucesso em 57.2 segundos.
[2026-09-02 21:31:19] Executando MAV [ApInfo] — Ciclo #2
[2026-09-02 21:32:31] MAV [ApInfo] concluido com sucesso em 72.4 segundos.
[2026-09-02 21:42:26] [TELEGRAM] Comando recebido Senhor: exportar_csv (Arg: )
[2026-09-02 21:43:11] [TELEGRAM] Comando recebido Senhor: topvagas (Arg: )
[2026-09-03 06:35:14] MAV Scheduler operando com ApInfo (Versão Avançada).
[2026-09-03 06:35:14] [TELEGRAM] Escutando comandos avançados...
[2026-09-03 06:35:14] [AGENDADOR] Monitor de ApInfo ativo com Relatório Diário às 08:00.
[2026-09-03 06:35:14] [AGENDADOR] Janela horária atingida (06:00). Iniciando rotina...
[2026-09-03 06:35:15] Executando MAV [ApInfo] — Ciclo #1
[2026-09-03 06:35:41] Scheduler encerrado.
[2026-09-03 06:37:20] MAV Scheduler operando com ApInfo (Versão Avançada).
[2026-09-03 06:37:31] [TELEGRAM] Escutando comandos avançados...
[2026-09-03 06:37:31] [AGENDADOR] Monitor de ApInfo ativo com Relatório Diário às 08:00.
[2026-09-03 06:37:31] [AGENDADOR] Janela horária atingida (06:00). Iniciando rotina...
[2026-09-03 06:37:32] Executando MAV [ApInfo] — Ciclo #1
[2026-09-03 06:38:28] MAV [ApInfo] concluido com sucesso em 56.4 segundos.
[2026-09-03 06:53:39] Executando MAV [ApInfo] — Ciclo #2
[2026-09-03 06:54:49] MAV [ApInfo] concluido com sucesso em 69.7 segundos.
[2026-09-03 07:10:10] [AGENDADOR] Janela horária atingida (07:00). Iniciando rotina...
[2026-09-03 07:10:11] Executando MAV [ApInfo] — Ciclo #3
[2026-09-03 07:11:16] MAV [ApInfo] concluido com sucesso em 64.4 segundos.
[2026-09-03 07:26:17] Executando MAV [ApInfo] — Ciclo #4
[2026-09-03 07:27:20] MAV [ApInfo] concluido com sucesso em 63.8 segundos.
[2026-09-03 07:39:22] Scheduler encerrado.
[2026-09-03 07:43:08] MAV Scheduler operando com ApInfo (Versão Avançada).
[2026-09-03 07:43:26] MAV Scheduler operando com ApInfo (Versão Avançada).
[2026-09-03 07:43:27] [TELEGRAM] Escutando comandos avançados...
[2026-09-03 07:43:27] [AGENDADOR] Monitor de ApInfo ativo com Relatório Diário às 08:00.
[2026-09-03 07:43:27] [AGENDADOR] Janela horária atingida (07:00). Iniciando rotina...
[2026-09-03 07:43:28] Executando MAV [ApInfo] — Ciclo #1
[2026-09-03 07:44:32] MAV [ApInfo] concluido com sucesso em 64.0 segundos.
[2026-09-03 07:59:32] Executando MAV [ApInfo] — Ciclo #2
[2026-09-03 08:00:36] MAV [ApInfo] concluido com sucesso em 63.6 segundos.
[2026-09-03 09:00:38] MAV Scheduler operando com ApInfo (Versão Avançada).
[2026-09-03 09:00:39] [TELEGRAM] Escutando comandos avançados...
[2026-09-03 09:00:39] [AGENDADOR] Monitor de ApInfo ativo com Relatório Diário às 08:00.
[2026-09-03 09:00:39] [AGENDADOR] Janela horária atingida (09:00). Iniciando rotina...
[2026-09-03 09:00:50] Executando MAV [ApInfo] — Ciclo #1
[2026-09-03 09:01:53] MAV [ApInfo] concluido com sucesso em 63.6 segundos.
[2026-09-03 21:10:11] MAV Scheduler operando com ApInfo (Versão Avançada).
[2026-09-03 21:10:12] [TELEGRAM] Escutando comandos avançados...
[2026-09-03 21:10:12] [AGENDADOR] Monitor de ApInfo ativo com Relatório Diário às 08:00.
[2026-09-03 21:10:12] [AGENDADOR] Janela horária atingida (21:00). Iniciando rotina...
[2026-09-03 21:10:13] Executando MAV [ApInfo] — Ciclo #1
[2026-09-03 21:11:24] MAV [ApInfo] concluido com sucesso em 70.5 segundos.
[2026-09-03 21:26:24] Executando MAV [ApInfo] — Ciclo #2
[2026-09-03 21:27:29] MAV [ApInfo] concluido com sucesso em 64.3 segundos.
[2026-09-03 22:00:00] [AGENDADOR] Janela horária atingida (22:00). Iniciando rotina...
[2026-09-03 22:00:01] Executando MAV [ApInfo] — Ciclo #3
[2026-09-03 22:01:09] MAV [ApInfo] concluido com sucesso em 68.3 segundos.
[2026-09-03 22:16:20] Executando MAV [ApInfo] — Ciclo #4
[2026-09-03 22:17:24] MAV [ApInfo] concluido com sucesso em 64.1 segundos.
[2026-09-03 23:00:16] [AGENDADOR] Janela horária atingida (23:00). Iniciando rotina...
[2026-09-03 23:00:17] Executando MAV [ApInfo] — Ciclo #5
[2026-09-03 23:01:22] MAV [ApInfo] concluido com sucesso em 65.0 segundos.
[2026-09-03 23:16:33] Executando MAV [ApInfo] — Ciclo #6
[2026-09-03 23:17:42] MAV [ApInfo] concluido com sucesso em 69.2 segundos.
[2026-09-04 00:00:04] [AGENDADOR] Virada de dia detectada. Métricas reiniciadas.
[2026-09-04 00:00:04] [AGENDADOR] Janela horária atingida (00:00). Iniciando rotina...
[2026-09-04 00:00:04] Executando MAV [ApInfo] — Ciclo #1
[2026-09-04 00:01:08] MAV [ApInfo] concluido com sucesso em 64.1 segundos.
[2026-09-04 00:16:09] Executando MAV [ApInfo] — Ciclo #2
[2026-09-04 00:17:13] MAV [ApInfo] concluido com sucesso em 63.7 segundos.
[2026-09-04 01:00:15] [AGENDADOR] Janela horária atingida (01:00). Iniciando rotina...
[2026-09-04 01:00:15] Executando MAV [ApInfo] — Ciclo #3
[2026-09-04 01:01:20] MAV [ApInfo] concluido com sucesso em 64.5 segundos.
[2026-09-04 01:16:21] Executando MAV [ApInfo] — Ciclo #4
[2026-09-04 01:17:28] MAV [ApInfo] concluido com sucesso em 67.8 segundos.
[2026-09-04 02:00:10] [AGENDADOR] Janela horária atingida (02:00). Iniciando rotina...
[2026-09-04 02:00:21] Executando MAV [ApInfo] — Ciclo #5
[2026-09-04 02:01:25] MAV [ApInfo] concluido com sucesso em 63.8 segundos.
[2026-09-04 02:16:26] Executando MAV [ApInfo] — Ciclo #6
[2026-09-04 02:17:30] MAV [ApInfo] concluido com sucesso em 64.1 segundos.
[2026-09-04 03:00:02] [AGENDADOR] Janela horária atingida (03:00). Iniciando rotina...
[2026-09-04 03:00:02] Executando MAV [ApInfo] — Ciclo #7
[2026-09-04 03:01:06] MAV [ApInfo] concluido com sucesso em 63.9 segundos.
[2026-09-04 03:16:17] Executando MAV [ApInfo] — Ciclo #8
[2026-09-04 03:17:23] MAV [ApInfo] concluido com sucesso em 65.6 segundos.
[2026-09-04 07:51:05] [AGENDADOR] Janela horária atingida (07:00). Iniciando rotina...
[2026-09-04 07:51:06] Executando MAV [ApInfo] — Ciclo #9
[2026-09-04 07:52:18] MAV [ApInfo] concluido com sucesso em 71.7 segundos.
[2026-09-04 07:54:52] [TELEGRAM] Comando recebido Senhor: relatorio_completo (Arg: )
[2026-09-04 08:07:19] Executando MAV [ApInfo] — Ciclo #10
[2026-09-04 08:07:28] MAV [ApInfo] concluido com sucesso em 9.8 segundos.
[2026-09-04 08:07:28] Erro ao enviar mensagem para o Telegram: HTTPSConnectionPool(host='api.telegram.org', port=443): Max retries exceeded with url: /bot8814651743:AAFRcCTE563aEJ4wmsaMfd2Vi6zOtz_Onr4/sendMessage (Caused by NameResolutionError("<urllib3.connection.HTTPSConnection object at 0x000001ED92B6AD50>: Failed to resolve 'api.telegram.org' ([Errno 11001] getaddrinfo failed)"))
[2026-09-04 08:29:11] [TELEGRAM] Comando recebido Senhor: relatorio_completo (Arg: )
[2026-09-04 08:29:31] [TELEGRAM] Comando recebido Senhor: comandos (Arg: )
[2026-09-04 09:00:10] [AGENDADOR] Janela horária atingida (09:00). Iniciando rotina...
[2026-09-04 09:00:11] Executando MAV [ApInfo] — Ciclo #11
[2026-09-04 09:01:15] MAV [ApInfo] concluido com sucesso em 64.4 segundos.
[2026-09-04 09:09:17] Scheduler encerrado.
[2026-09-04 09:09:35] MAV Scheduler operando com ApInfo (Versão Avançada).
[2026-09-04 09:09:35] [TELEGRAM] Escutando comandos avançados...
[2026-09-04 09:09:35] [AGENDADOR] Monitor de ApInfo ativo com Relatório Diário às 08:00.
[2026-09-04 09:09:35] [AGENDADOR] Janela horária atingida (09:00). Iniciando rotina...
[2026-09-04 09:09:36] Executando MAV [ApInfo] — Ciclo #1
[2026-09-04 09:10:33] MAV [ApInfo] concluido com sucesso em 56.5 segundos.
[2026-09-04 09:17:18] Scheduler encerrado.
[2026-09-04 09:17:23] MAV Scheduler operando com ApInfo (Versão Cognitiva Premium).
[2026-09-04 09:17:24] [TELEGRAM] Escutando comandos avançados...
[2026-09-04 09:17:24] [AGENDADOR] Monitor de ApInfo ativo com Relatório Diário às 08:00.
[2026-09-04 09:17:24] [AGENDADOR] Janela horária atingida (09:00). Iniciando rotina...
[2026-09-04 09:17:24] Executando MAV [ApInfo] — Ciclo #1
[2026-09-04 09:18:29] MAV [ApInfo] concluido com sucesso em 64.2 segundos.
[2026-09-04 09:24:47] Scheduler encerrado.
[2026-09-04 09:24:52] MAV Scheduler operando com ApInfo (Versão Métricas Reais & Exportação Noturna).
[2026-09-04 09:25:02] [TELEGRAM] Escutando comandos avançados...
[2026-09-04 09:25:02] [AGENDADOR] Monitor de ApInfo ativo com Relatório às 08:00 e Exportação às 22:00.
[2026-09-04 09:25:02] [AGENDADOR] Janela horária atingida (09:00). Iniciando rotina...
[2026-09-04 09:25:03] Executando MAV [ApInfo] — Ciclo #1
[2026-09-04 09:26:22] [TELEGRAM] Comando recebido Senhor: status (Arg: )
[2026-09-04 09:26:28] MAV [ApInfo] concluido com sucesso em 84.6 segundos.
[2026-09-04 09:41:29] Executando MAV [ApInfo] — Ciclo #2
[2026-09-04 09:42:32] MAV [ApInfo] concluido com sucesso em 63.7 segundos.
[2026-09-04 13:00:04] [AGENDADOR] Janela horária atingida (13:00). Iniciando rotina...
[2026-09-04 13:00:05] Executando MAV [ApInfo] — Ciclo #3
[2026-09-04 13:01:10] MAV [ApInfo] concluido com sucesso em 64.5 segundos.
[2026-09-04 13:16:11] Executando MAV [ApInfo] — Ciclo #4
[2026-09-04 13:17:15] MAV [ApInfo] concluido com sucesso em 64.0 segundos.
[2026-09-04 14:00:16] [AGENDADOR] Janela horária atingida (14:00). Iniciando rotina...
[2026-09-04 14:00:17] Executando MAV [ApInfo] — Ciclo #5
[2026-09-04 14:01:21] MAV [ApInfo] concluido com sucesso em 63.9 segundos.
[2026-09-04 14:16:22] Executando MAV [ApInfo] — Ciclo #6
[2026-09-04 14:17:42] MAV [ApInfo] concluido com sucesso em 80.3 segundos.
[2026-09-04 15:00:04] [AGENDADOR] Janela horária atingida (15:00). Iniciando rotina...
[2026-09-04 15:00:05] Executando MAV [ApInfo] — Ciclo #7
[2026-09-04 15:01:14] MAV [ApInfo] concluido com sucesso em 69.1 segundos.
[2026-09-04 15:16:15] Executando MAV [ApInfo] — Ciclo #8
[2026-09-04 15:17:18] MAV [ApInfo] concluido com sucesso em 63.7 segundos.
[2026-09-04 16:00:00] [AGENDADOR] Janela horária atingida (16:00). Iniciando rotina...
[2026-09-04 16:00:11] Executando MAV [ApInfo] — Ciclo #9
[2026-09-04 16:01:15] MAV [ApInfo] concluido com sucesso em 63.8 segundos.
[2026-09-04 16:16:16] Executando MAV [ApInfo] — Ciclo #10
[2026-09-04 16:17:19] MAV [ApInfo] concluido com sucesso em 63.7 segundos.
[2026-09-04 17:00:01] [AGENDADOR] Janela horária atingida (17:00). Iniciando rotina...
[2026-09-04 17:00:02] Executando MAV [ApInfo] — Ciclo #11
[2026-09-04 17:01:06] MAV [ApInfo] concluido com sucesso em 64.3 segundos.
[2026-09-04 17:16:17] Executando MAV [ApInfo] — Ciclo #12
[2026-09-04 17:17:21] MAV [ApInfo] concluido com sucesso em 63.7 segundos.
[2026-09-04 18:00:03] [AGENDADOR] Janela horária atingida (18:00). Iniciando rotina...
[2026-09-04 18:00:03] Executando MAV [ApInfo] — Ciclo #13
[2026-09-04 18:01:07] MAV [ApInfo] concluido com sucesso em 63.9 segundos.
[2026-09-04 18:16:08] Executando MAV [ApInfo] — Ciclo #14
[2026-09-04 18:17:12] MAV [ApInfo] concluido com sucesso em 63.5 segundos.
[2026-09-04 19:00:03] [AGENDADOR] Janela horária atingida (19:00). Iniciando rotina...
[2026-09-04 19:00:14] Executando MAV [ApInfo] — Ciclo #15
[2026-09-04 19:01:18] MAV [ApInfo] concluido com sucesso em 63.8 segundos.
[2026-09-04 19:14:14] Scheduler encerrado.
[2026-09-04 19:14:52] MAV Scheduler operando com ApInfo (Métricas e Linha do Tempo 100% Reais).
[2026-09-04 19:14:53] [TELEGRAM] Escutando comandos avançados...
[2026-09-04 19:14:53] [AGENDADOR] Monitor de ApInfo ativo com Relatório às 08:00 e Exportação às 22:00.
[2026-09-04 19:14:53] [AGENDADOR] Janela horária atingida (19:00). Iniciando rotina...
[2026-09-04 19:14:54] Executando MAV [ApInfo] — Ciclo #1
[2026-09-04 19:15:58] MAV [ApInfo] concluido com sucesso em 64.0 segundos.
[2026-09-04 19:30:58] Executando MAV [ApInfo] — Ciclo #2
[2026-09-04 19:32:03] MAV [ApInfo] concluido com sucesso em 65.1 segundos.
[2026-09-04 19:38:11] Scheduler encerrado.
[2026-09-04 19:38:18] MAV Scheduler operando com ApInfo (Métricas e Home Lab Sentinel).
[2026-09-04 19:38:18] [TELEGRAM] Escutando comandos avançados...
[2026-09-04 19:38:18] [AGENDADOR] Monitor de ApInfo ativo com Relatório às 08:00 e Exportação às 22:00.
[2026-09-04 19:38:18] [AGENDADOR] Janela horária atingida (19:00). Iniciando rotina...
[2026-09-04 19:38:19] Executando MAV [ApInfo] — Ciclo #1
[2026-09-04 19:39:16] MAV [ApInfo] concluido com sucesso em 56.9 segundos.
[2026-09-04 19:40:04] Scheduler encerrado.
[2026-09-04 19:41:26] MAV Scheduler operando com ApInfo (Métricas e Home Lab Sentinel).
[2026-09-04 19:41:27] [TELEGRAM] Escutando comandos avançados...
[2026-09-04 19:41:27] [AGENDADOR] Monitor de ApInfo ativo com Relatório às 08:00 e Exportação às 22:00.
[2026-09-04 19:41:27] [AGENDADOR] Janela horária atingida (19:00). Iniciando rotina...
[2026-09-04 19:41:38] Executando MAV [ApInfo] — Ciclo #1
[2026-09-04 19:42:06] [TELEGRAM] Comando recebido Senhor: comandos (Arg: )
[2026-09-04 19:42:06] Erro Telegram API (400): {"ok":false,"error_code":400,"description":"Bad Request: can't parse entities: Can't find end of the entity starting at byte offset 469"}
[2026-09-04 19:42:36] MAV [ApInfo] concluido com sucesso em 58.8 segundos.
[2026-09-04 19:43:09] Scheduler encerrado.
[2026-09-04 19:43:12] MAV Scheduler operando com ApInfo (Métricas e Home Lab Sentinel).
[2026-09-04 19:43:13] [TELEGRAM] Escutando comandos avançados...
[2026-09-04 19:43:13] [AGENDADOR] Monitor de ApInfo ativo com Relatório às 08:00 e Exportação às 22:00.
[2026-09-04 19:43:13] [AGENDADOR] Janela horária atingida (19:00). Iniciando rotina...
[2026-09-04 19:43:14] Executando MAV [ApInfo] — Ciclo #1
[2026-09-04 19:44:10] MAV [ApInfo] concluido com sucesso em 56.5 segundos.
[2026-09-04 19:44:40] [TELEGRAM] Comando recebido Senhor: playbook (Arg: setup.yml)
[2026-09-04 19:44:41] Playbook 'setup.yml' não encontrado em C:\Users\Matheus\PycharmProjects\PythonProject\testes_oficiais\scripts e playbook - ansible\minerador_vagas\ansible.
[2026-09-04 19:46:01] [TELEGRAM] Comando recebido Senhor: homelab (Arg: )
[2026-09-04 19:54:28] Scheduler encerrado.
[2026-09-04 19:56:15] MAV Scheduler operando com ApInfo (Métricas e Home Lab Sentinel).
[2026-09-04 19:56:16] [TELEGRAM] Escutando comandos avançados...
[2026-09-04 19:56:16] [AGENDADOR] Monitor de ApInfo ativo com Relatório às 08:00 e Exportação às 22:00.
[2026-09-04 19:56:16] [AGENDADOR] Janela horária atingida (19:00). Iniciando rotina...
[2026-09-04 19:56:17] Executando MAV [ApInfo] — Ciclo #1
[2026-09-04 19:56:56] [TELEGRAM] Comando recebido Senhor: comandos (Arg: )
[2026-09-04 19:57:20] MAV [ApInfo] concluido com sucesso em 63.7 segundos.
[2026-09-04 20:07:43] Scheduler encerrado.
[2026-09-04 20:07:45] MAV Scheduler operando com ApInfo (Métricas e Home Lab Sentinel).
[2026-09-04 20:07:46] [TELEGRAM] Escutando comandos avançados...
[2026-09-04 20:07:46] [AGENDADOR] Monitor de ApInfo ativo com Relatório às 08:00 e Exportação às 22:00.
[2026-09-04 20:07:46] [AGENDADOR] Janela horária atingida (20:00). Iniciando rotina...
[2026-09-04 20:07:57] Executando MAV [ApInfo] — Ciclo #1
[2026-09-04 20:08:41] [TELEGRAM] Comando recebido Senhor: comandos (Arg: )
[2026-09-04 20:09:02] MAV [ApInfo] concluido com sucesso em 65.2 segundos.
[2026-09-04 20:09:05] [TELEGRAM] Comando recebido Senhor: homelab (Arg: )
[2026-09-04 20:24:13] Executando MAV [ApInfo] — Ciclo #2
[2026-09-04 20:25:21] MAV [ApInfo] concluido com sucesso em 67.7 segundos.
[2026-09-04 21:00:12] [AGENDADOR] Janela horária atingida (21:00). Iniciando rotina...
[2026-09-04 21:00:13] Executando MAV [ApInfo] — Ciclo #3
[2026-09-04 21:01:22] MAV [ApInfo] concluido com sucesso em 68.4 segundos.
[2026-09-04 21:16:23] Executando MAV [ApInfo] — Ciclo #4
[2026-09-04 21:17:31] MAV [ApInfo] concluido com sucesso em 68.9 segundos.
[2026-09-04 22:00:14] [AGENDADOR] Exportação noturna automática do CSV realizada.
[2026-09-04 22:00:14] [AGENDADOR] Janela horária atingida (22:00). Iniciando rotina...
[2026-09-04 22:00:15] Executando MAV [ApInfo] — Ciclo #5
[2026-09-04 22:01:30] MAV [ApInfo] concluido com sucesso em 74.9 segundos.
[2026-09-04 22:16:40] Executando MAV [ApInfo] — Ciclo #6
[2026-09-04 22:17:48] MAV [ApInfo] concluido com sucesso em 67.9 segundos.
[2026-09-05 09:34:13] MAV Scheduler operando com ApInfo (Métricas e Home Lab Sentinel).
[2026-09-05 09:34:23] [TELEGRAM] Escutando comandos avançados...
[2026-09-05 09:34:23] [AGENDADOR] Monitor de ApInfo ativo com Relatório às 08:00 e Exportação às 22:00.
[2026-09-05 09:34:23] [AGENDADOR] Janela horária atingida (09:00). Iniciando rotina...
[2026-09-05 09:34:24] Executando MAV [ApInfo] — Ciclo #1
[2026-09-05 09:35:43] MAV [ApInfo] concluido com sucesso em 78.8 segundos.
[2026-09-05 09:50:44] Executando MAV [ApInfo] — Ciclo #2
[2026-09-05 09:52:01] MAV [ApInfo] concluido com sucesso em 76.8 segundos.
[2026-09-05 14:54:55] MAV Scheduler operando com ApInfo (Métricas e Home Lab Sentinel).
[2026-09-05 14:54:56] [TELEGRAM] Escutando comandos avançados...
[2026-09-05 14:54:56] [AGENDADOR] Monitor de ApInfo ativo com Relatório às 08:00 e Exportação às 22:00.
[2026-09-05 14:54:56] [AGENDADOR] Janela horária atingida (14:00). Iniciando rotina...
[2026-09-05 14:55:07] Executando MAV [ApInfo] — Ciclo #1
[2026-09-05 14:56:09] MAV [ApInfo] terminou com codigo 1 apos 61.6 segundos.
[2026-09-05 15:11:09] Executando MAV [ApInfo] — Ciclo #2
[2026-09-05 15:11:59] MAV [ApInfo] terminou com codigo 1 apos 50.2 segundos.
[2026-09-05 15:27:20] [AGENDADOR] Janela horária atingida (15:00). Iniciando rotina...
[2026-09-05 15:27:21] Executando MAV [ApInfo] — Ciclo #3
[2026-09-05 15:28:08] MAV [ApInfo] terminou com codigo 1 apos 47.5 segundos.
[2026-09-05 15:43:08] Executando MAV [ApInfo] — Ciclo #4
[2026-09-05 15:43:55] MAV [ApInfo] terminou com codigo 1 apos 46.6 segundos.
[2026-09-05 16:00:16] [AGENDADOR] Janela horária atingida (16:00). Iniciando rotina...
[2026-09-05 16:00:16] Executando MAV [ApInfo] — Ciclo #5
[2026-09-05 16:00:58] MAV [ApInfo] terminou com codigo 1 apos 41.6 segundos.
[2026-09-05 16:15:58] Executando MAV [ApInfo] — Ciclo #6
[2026-09-05 16:16:42] MAV [ApInfo] terminou com codigo 1 apos 44.2 segundos.
[2026-09-05 17:00:03] [AGENDADOR] Janela horária atingida (17:00). Iniciando rotina...
[2026-09-05 17:00:04] Executando MAV [ApInfo] — Ciclo #7
[2026-09-05 17:01:05] MAV [ApInfo] terminou com codigo 1 apos 61.1 segundos.
[2026-09-05 17:16:05] Executando MAV [ApInfo] — Ciclo #8
[2026-09-05 17:17:00] MAV [ApInfo] terminou com codigo 1 apos 54.7 segundos.
[2026-09-05 18:00:01] [AGENDADOR] Janela horária atingida (18:00). Iniciando rotina...
[2026-09-05 18:00:01] Executando MAV [ApInfo] — Ciclo #9
[2026-09-05 18:00:47] MAV [ApInfo] terminou com codigo 1 apos 45.4 segundos.
[2026-09-05 18:15:47] Executando MAV [ApInfo] — Ciclo #10
[2026-09-05 18:16:30] MAV [ApInfo] terminou com codigo 1 apos 43.6 segundos.
[2026-09-05 19:00:11] [AGENDADOR] Janela horária atingida (19:00). Iniciando rotina...
[2026-09-05 19:00:12] Executando MAV [ApInfo] — Ciclo #11
[2026-09-05 19:00:56] MAV [ApInfo] terminou com codigo 1 apos 44.1 segundos.
[2026-09-05 19:15:56] Executando MAV [ApInfo] — Ciclo #12
[2026-09-05 19:16:41] MAV [ApInfo] terminou com codigo 1 apos 44.2 segundos.
[2026-09-05 20:00:01] [AGENDADOR] Janela horária atingida (20:00). Iniciando rotina...
[2026-09-05 20:00:12] Executando MAV [ApInfo] — Ciclo #13
[2026-09-05 20:00:57] MAV [ApInfo] terminou com codigo 1 apos 45.0 segundos.
[2026-09-05 20:15:57] Executando MAV [ApInfo] — Ciclo #14
[2026-09-05 20:16:43] MAV [ApInfo] terminou com codigo 1 apos 45.8 segundos.
[2026-09-05 21:00:14] [AGENDADOR] Janela horária atingida (21:00). Iniciando rotina...
[2026-09-05 21:00:15] Executando MAV [ApInfo] — Ciclo #15
[2026-09-05 21:01:01] MAV [ApInfo] terminou com codigo 1 apos 45.8 segundos.
[2026-09-05 21:02:27] [TELEGRAM] Comando recebido Senhor: exportar_csv (Arg: )
[2026-09-05 21:16:01] Executando MAV [ApInfo] — Ciclo #16
[2026-09-05 21:17:11] MAV [ApInfo] terminou com codigo 1 apos 70.7 segundos.
[2026-09-05 22:00:17] [AGENDADOR] Exportação noturna automática do CSV realizada.
[2026-09-05 22:00:17] [AGENDADOR] Janela horária atingida (22:00). Iniciando rotina...
[2026-09-05 22:00:18] Executando MAV [ApInfo] — Ciclo #17
[2026-09-05 22:01:16] MAV [ApInfo] terminou com codigo 1 apos 58.1 segundos.
[2026-09-05 22:16:16] Executando MAV [ApInfo] — Ciclo #18
[2026-09-05 22:17:14] MAV [ApInfo] terminou com codigo 1 apos 57.6 segundos.
[2026-09-06 10:20:31] MAV Scheduler operando com ApInfo (Métricas e Home Lab Sentinel).
[2026-09-06 10:20:32] [TELEGRAM] Escutando comandos avançados...
[2026-09-06 10:20:32] [AGENDADOR] Monitor de ApInfo ativo com Relatório às 08:00 e Exportação às 22:00.
[2026-09-06 10:20:51] [TELEGRAM] Comando recebido Senhor: rodar (Arg: )
[2026-09-06 10:21:02] Executando MAV [ApInfo] — Ciclo #1
[2026-09-06 10:21:53] MAV [ApInfo] terminou com codigo 1 apos 51.5 segundos.
[2026-09-06 10:40:53] [TELEGRAM] Comando recebido Senhor: modo_fim_de_semana (Arg: )
[2026-09-06 10:42:04] [TELEGRAM] Comando recebido Senhor: comandos (Arg: )
[2026-09-06 10:50:53] [TELEGRAM] Comando recebido Senhor: relatorio_completo (Arg: )
[2026-09-06 11:34:51] [TELEGRAM] Comando recebido Senhor: modo_alerta (Arg: )
[2026-09-06 12:54:42] [TELEGRAM] Comando recebido Senhor: modo_turbo (Arg: )
[2026-09-06 13:00:13] [AGENDADOR] Janela horária atingida (13:00). Iniciando rotina...
[2026-09-06 13:00:24] Executando MAV [ApInfo] — Ciclo #2
[2026-09-06 13:01:13] MAV [ApInfo] terminou com codigo 1 apos 49.7 segundos.
[2026-09-06 13:08:43] Executando MAV [ApInfo] — Ciclo #3
[2026-09-06 13:09:32] MAV [ApInfo] terminou com codigo 1 apos 48.8 segundos.
[2026-09-06 13:17:02] Executando MAV [ApInfo] — Ciclo #4
[2026-09-06 13:17:48] MAV [ApInfo] terminou com codigo 1 apos 46.1 segundos.
[2026-09-06 13:25:18] Executando MAV [ApInfo] — Ciclo #5
[2026-09-06 13:25:54] MAV [ApInfo] terminou com codigo 1 apos 36.0 segundos.
[2026-09-06 14:00:05] [AGENDADOR] Janela horária atingida (14:00). Iniciando rotina...
[2026-09-06 14:00:06] Executando MAV [ApInfo] — Ciclo #6
[2026-09-06 14:00:51] MAV [ApInfo] terminou com codigo 1 apos 45.0 segundos.
[2026-09-06 14:08:21] Executando MAV [ApInfo] — Ciclo #7
[2026-09-06 14:09:04] MAV [ApInfo] terminou com codigo 1 apos 43.6 segundos.
[2026-09-06 14:16:35] Executando MAV [ApInfo] — Ciclo #8
[2026-09-06 14:17:21] MAV [ApInfo] terminou com codigo 1 apos 46.3 segundos.
[2026-09-06 14:24:51] Executando MAV [ApInfo] — Ciclo #9
[2026-09-06 14:25:37] MAV [ApInfo] terminou com codigo 1 apos 46.6 segundos.
[2026-09-06 15:00:18] [AGENDADOR] Janela horária atingida (15:00). Iniciando rotina...
[2026-09-06 15:00:19] Executando MAV [ApInfo] — Ciclo #10
[2026-09-06 15:01:11] MAV [ApInfo] terminou com codigo 1 apos 52.1 segundos.
[2026-09-06 15:08:41] Executando MAV [ApInfo] — Ciclo #11
[2026-09-06 15:09:20] MAV [ApInfo] terminou com codigo 1 apos 38.5 segundos.
[2026-09-06 15:16:50] Executando MAV [ApInfo] — Ciclo #12
[2026-09-06 15:17:41] MAV [ApInfo] terminou com codigo 1 apos 51.7 segundos.
[2026-09-06 15:25:12] Executando MAV [ApInfo] — Ciclo #13
[2026-09-06 15:25:54] MAV [ApInfo] terminou com codigo 1 apos 42.3 segundos.
[2026-09-06 15:49:54] [TELEGRAM] Comando recebido Senhor: playbook (Arg: setup.yml)
[2026-09-06 15:49:55] Playbook 'setup.yml' não encontrado em C:\Users\Matheus\PycharmProjects\PythonProject\testes_oficiais\scripts e playbook - ansible\minerador_vagas\ansible.
[2026-09-06 16:00:05] [AGENDADOR] Janela horária atingida (16:00). Iniciando rotina...
[2026-09-06 16:00:05] Executando MAV [ApInfo] — Ciclo #14
[2026-09-06 16:00:53] MAV [ApInfo] terminou com codigo 1 apos 47.5 segundos.
[2026-09-06 16:14:50] MAV Scheduler operando com ApInfo (Métricas e Home Lab Sentinel).
[2026-09-06 16:14:52] [TELEGRAM] Escutando comandos avançados...
[2026-09-06 16:14:52] [AGENDADOR] Monitor de ApInfo ativo com Relatório às 08:00 e Exportação às 22:00.
[2026-09-06 16:14:52] [AGENDADOR] Janela horária atingida (16:00). Iniciando rotina...
[2026-09-06 16:14:53] Executando MAV [ApInfo] — Ciclo #1
[2026-09-06 16:15:39] MAV [ApInfo] terminou com codigo 1 apos 45.9 segundos.
[2026-09-06 16:32:57] MAV Scheduler operando com ApInfo (Métricas e Home Lab Sentinel).
[2026-09-06 16:32:58] [TELEGRAM] Escutando comandos avançados...
[2026-09-06 16:32:58] [AGENDADOR] Monitor de ApInfo ativo com Relatório às 08:00 e Exportação às 22:00.
[2026-09-06 16:32:58] [AGENDADOR] Janela horária atingida (16:00). Iniciando rotina...
[2026-09-06 16:33:09] Executando MAV [ApInfo] — Ciclo #1
[2026-09-06 16:33:50] MAV [ApInfo] terminou com codigo 3221225786 apos 40.2 segundos.
[2026-09-06 16:40:09] MAV Scheduler operando com ApInfo (Métricas e Home Lab Sentinel).
[2026-09-06 16:40:20] [TELEGRAM] Escutando comandos avançados...
[2026-09-06 16:40:20] [AGENDADOR] Monitor de ApInfo ativo com Relatório às 08:00 e Exportação às 22:00.
[2026-09-06 16:40:20] [AGENDADOR] Janela horária atingida (16:00). Iniciando rotina...
[2026-09-06 16:40:31] Executando MAV [ApInfo] — Ciclo #1
[2026-09-06 16:40:45] MAV [ApInfo] terminou com codigo 3221225786 apos 13.4 segundos.
[2026-09-06 16:40:48] MAV Scheduler operando com ApInfo (Métricas e Home Lab Sentinel).
[2026-09-06 16:40:49] [TELEGRAM] Escutando comandos avançados...
[2026-09-06 16:40:49] [AGENDADOR] Monitor de ApInfo ativo com Relatório às 08:00 e Exportação às 22:00.
[2026-09-06 16:40:49] [AGENDADOR] Janela horária atingida (16:00). Iniciando rotina...
[2026-09-06 16:40:51] Executando MAV [ApInfo] — Ciclo #1
[2026-09-06 16:41:35] MAV [ApInfo] terminou com codigo 1 apos 44.3 segundos.
[2026-09-06 16:42:00] MAV Scheduler operando com ApInfo (Métricas e Home Lab Sentinel).
[2026-09-06 16:42:12] [TELEGRAM] Escutando comandos avançados...
[2026-09-06 16:42:12] [AGENDADOR] Monitor de ApInfo ativo com Relatório às 08:00 e Exportação às 22:00.
[2026-09-06 16:42:12] [AGENDADOR] Janela horária atingida (16:00). Iniciando rotina...
[2026-09-06 16:42:14] Executando MAV [ApInfo] — Ciclo #1
[2026-09-06 16:43:24] MAV [ApInfo] terminou com codigo 1 apos 69.7 segundos.
[2026-09-06 16:58:24] Executando MAV [ApInfo] — Ciclo #2
[2026-09-06 16:59:08] MAV [ApInfo] terminou com codigo 1 apos 44.7 segundos.
[2026-09-06 17:14:30] [AGENDADOR] Janela horária atingida (17:00). Iniciando rotina...
[2026-09-06 17:14:33] Executando MAV [ApInfo] — Ciclo #3
[2026-09-06 17:15:28] MAV [ApInfo] terminou com codigo 1 apos 54.9 segundos.
[2026-09-06 17:30:28] Executando MAV [ApInfo] — Ciclo #4
[2026-09-06 17:30:30] MAV [ApInfo] terminou com codigo 1 apos 1.2 segundos.
[2026-09-06 17:34:12] [TELEGRAM] Comando recebido Senhor: desligar (Arg: )
[2026-09-06 17:38:44] MAV Scheduler operando com ApInfo (Métricas e Home Lab Sentinel).
[2026-09-06 17:38:45] [TELEGRAM] Escutando comandos avançados...
[2026-09-06 17:38:45] [AGENDADOR] Monitor de ApInfo ativo com Relatório às 08:00 e Exportação às 22:00.
[2026-09-06 17:38:45] [AGENDADOR] Janela horária atingida (17:00). Iniciando rotina...
[2026-09-06 17:38:46] Executando MAV [ApInfo] — Ciclo #1
[2026-09-06 17:38:46] MAV [ApInfo] terminou com codigo 1 apos 0.5 segundos.
[2026-09-06 17:40:15] Scheduler encerrado.
[2026-09-06 18:30:41] MAV Scheduler operando 24/7 com ApInfo (Métricas e Home Lab Sentinel).
[2026-09-06 18:30:42] [TELEGRAM] Escutando comandos avançados...
[2026-09-06 18:30:42] [AGENDADOR] Modo 24/7 Ativo. Executando ininterruptamente a cada 15 minutos.
[2026-09-06 18:30:42] [AGENDADOR 24/7] Iniciando Ciclo Contínuo #1...
[2026-09-06 18:30:42] Executando MAV [ApInfo] — Ciclo #1
[2026-09-06 18:30:43] MAV [ApInfo] terminou com codigo 1 apos 0.6 segundos.
[2026-09-06 18:45:43] [AGENDADOR 24/7] Iniciando Ciclo Contínuo #2...
[2026-09-06 18:45:43] Executando MAV [ApInfo] — Ciclo #2
[2026-09-06 18:45:43] MAV [ApInfo] terminou com codigo 1 apos 0.6 segundos.
[2026-09-06 18:45:52] MAV Scheduler operando 24/7 com ApInfo (Métricas e Home Lab Sentinel).
[2026-09-06 18:46:03] [TELEGRAM] Escutando comandos avançados...
[2026-09-06 18:46:03] [AGENDADOR] Modo 24/7 Ativo. Executando ininterruptamente a cada 15 minutos.
[2026-09-06 18:46:03] [AGENDADOR 24/7] Iniciando Ciclo Contínuo #1...
[2026-09-06 18:46:03] Executando MAV [ApInfo] — Ciclo #1
[2026-09-06 18:46:03] MAV [ApInfo]concluido com sucesso em 0.4 segundos.
[2026-09-06 19:00:30] [TELEGRAM] Comando recebido Senhor: status (Arg: )
[2026-09-06 19:00:40] [TELEGRAM] Comando recebido Senhor: status (Arg: )
[2026-09-06 19:00:43] [AGENDADOR 24/7] Iniciando Ciclo Contínuo #3...
[2026-09-06 19:00:43] Executando MAV [ApInfo] — Ciclo #3
[2026-09-06 19:00:44] MAV [ApInfo] terminou com codigo 1 apos 0.4 segundos.
[2026-09-06 19:01:04] [AGENDADOR 24/7] Iniciando Ciclo Contínuo #2...
[2026-09-06 19:01:04] Executando MAV [ApInfo] — Ciclo #2
[2026-09-06 19:01:04] MAV [ApInfo]concluido com sucesso em 0.3 segundos.
[2026-09-06 19:15:44] [AGENDADOR 24/7] Iniciando Ciclo Contínuo #4...
[2026-09-06 19:15:44] Executando MAV [ApInfo] — Ciclo #4
[2026-09-06 19:15:44] MAV [ApInfo] terminou com codigo 1 apos 0.4 segundos.
[2026-09-06 19:16:05] [AGENDADOR 24/7] Iniciando Ciclo Contínuo #3...
[2026-09-06 19:16:05] Executando MAV [ApInfo] — Ciclo #3
[2026-09-06 19:16:05] MAV [ApInfo]concluido com sucesso em 0.4 segundos.
[2026-09-06 19:16:45] Scheduler 24/7 encerrado.
[2026-09-06 19:16:51] MAV Scheduler operando 24/7 com ApInfo (Métricas e Home Lab Sentinel).
[2026-09-06 19:16:52] [TELEGRAM] Escutando comandos avançados...
[2026-09-06 19:16:52] [AGENDADOR] Modo 24/7 Ativo. Executando ininterruptamente a cada 15 minutos.
[2026-09-06 19:16:52] [AGENDADOR 24/7] Iniciando Ciclo Contínuo #1...
[2026-09-06 19:16:52] Executando MAV [ApInfo] — Ciclo #1
[2026-09-06 19:16:52] MAV [ApInfo]concluido com sucesso em 0.4 segundos.
[2026-09-06 19:17:03] [TELEGRAM] Comando recebido Senhor: rodar (Arg: )
[2026-09-06 19:17:04] Executando MAV [ApInfo] — Ciclo #2
[2026-09-06 19:17:05] MAV [ApInfo]concluido com sucesso em 0.4 segundos.
[2026-09-06 19:17:25] [TELEGRAM] Comando recebido Senhor: rodar (Arg: )
[2026-09-06 19:17:25] [TELEGRAM] Comando recebido Senhor: rodar (Arg: )
[2026-09-06 19:17:26] Executando MAV [ApInfo] — Ciclo #5
[2026-09-06 19:17:26] Executando MAV [ApInfo] — Ciclo #3
[2026-09-06 19:17:27] MAV [ApInfo] terminou com codigo 1 apos 0.5 segundos.
[2026-09-06 19:17:27] MAV [ApInfo]concluido com sucesso em 0.5 segundos.
[2026-09-06 19:26:40] Scheduler 24/7 encerrado.
[2026-09-06 19:26:54] MAV Scheduler operando 24/7 com ApInfo (Métricas e Home Lab Sentinel).
[2026-09-06 19:26:54] [TELEGRAM] Escutando comandos avançados...
[2026-09-06 19:26:54] [AGENDADOR] Modo 24/7 Ativo. Executando ininterruptamente a cada 15 minutos.
[2026-09-06 19:26:54] [AGENDADOR 24/7] Iniciando Ciclo Contínuo #1...
[2026-09-06 19:26:54] Executando MAV [ApInfo] — Ciclo #1
[2026-09-06 19:26:55] MAV [ApInfo]concluido com sucesso em 0.4 segundos.
[2026-09-06 19:28:50] Scheduler 24/7 encerrado.
[2026-09-06 19:29:06] MAV Scheduler operando 24/7 com ApInfo (Métricas e Home Lab Sentinel).
[2026-09-06 19:29:07] [TELEGRAM] Escutando comandos avançados...
[2026-09-06 19:29:07] [AGENDADOR] Modo 24/7 Ativo. Executando ininterruptamente a cada 15 minutos.
[2026-09-06 19:29:07] [AGENDADOR 24/7] Iniciando Ciclo Contínuo #1...
[2026-09-06 19:29:07] Executando MAV [ApInfo] — Ciclo #1
[2026-09-06 19:29:07] MAV [ApInfo]concluido com sucesso em 0.5 segundos.
[2026-09-06 19:29:26] [TELEGRAM] Comando recebido Senhor: rodar (Arg: )
[2026-09-06 19:29:37] [TELEGRAM] Comando recebido Senhor: ligar (Arg: )
[2026-09-06 19:29:40] [TELEGRAM] Comando recebido Senhor: rodar (Arg: )
[2026-09-06 19:29:41] Executando MAV [ApInfo] — Ciclo #5
[2026-09-06 19:29:41] [AGENDADOR] Janela horária atingida (19:00). Iniciando rotina...
[2026-09-06 19:29:42] MAV [ApInfo] terminou com codigo 1 apos 1.2 segundos.
[2026-09-06 19:29:43] Executando MAV [ApInfo] — Ciclo #6
[2026-09-06 19:29:44] [TELEGRAM] Comando recebido Senhor: rodar (Arg: )
[2026-09-06 19:29:44] Executando MAV [ApInfo] — Ciclo #2
[2026-09-06 19:29:44] MAV [ApInfo] terminou com codigo 1 apos 1.5 segundos.
[2026-09-06 19:29:45] MAV [ApInfo]concluido com sucesso em 0.5 segundos.
[2026-09-06 19:30:44] [AGENDADOR 24/7] Iniciando Ciclo Contínuo #6...
[2026-09-06 19:30:44] Executando MAV [ApInfo] — Ciclo #6
[2026-09-06 19:30:45] MAV [ApInfo] terminou com codigo 1 apos 0.4 segundos.
[2026-09-06 19:32:04] Scheduler 24/7 encerrado.
[2026-09-06 19:32:07] MAV Scheduler operando 24/7 com ApInfo (Métricas e Home Lab Sentinel).
[2026-09-06 19:32:07] [TELEGRAM] Escutando comandos avançados...
[2026-09-06 19:32:07] [AGENDADOR] Modo 24/7 Ativo. Executando ininterruptamente a cada 15 minutos.
[2026-09-06 19:32:07] [AGENDADOR 24/7] Iniciando Ciclo Contínuo #1...
[2026-09-06 19:32:07] Executando MAV [ApInfo] — Ciclo #1
[2026-09-06 19:32:08] MAV [ApInfo]concluido com sucesso em 0.5 segundos.
[2026-09-06 19:32:37] [TELEGRAM] Comando recebido Senhor: rodar (Arg: )
[2026-09-06 19:32:48] Executando MAV [ApInfo] — Ciclo #7
[2026-09-06 19:32:48] MAV [ApInfo] terminou com codigo 1 apos 0.4 segundos.
[2026-09-06 19:32:53] [TELEGRAM] Comando recebido Senhor: rodar (Arg: )
[2026-09-06 19:33:02] [TELEGRAM] Comando recebido Senhor: rodar (Arg: )
[2026-09-06 19:33:03] Executando MAV [ApInfo] — Ciclo #2
[2026-09-06 19:33:03] Executando MAV [ApInfo] — Ciclo #7
[2026-09-06 19:33:04] MAV [ApInfo]concluido com sucesso em 0.5 segundos.
[2026-09-06 19:33:05] MAV [ApInfo] terminou com codigo 1 apos 1.1 segundos.
[2026-09-06 19:42:04] Scheduler 24/7 encerrado.
[2026-09-06 19:42:08] MAV Scheduler operando 24/7 com ApInfo (Métricas e Home Lab Sentinel).
[2026-09-06 19:42:09] [TELEGRAM] Escutando comandos avançados...
[2026-09-06 19:42:09] [AGENDADOR] Modo 24/7 Ativo. Executando ininterruptamente a cada 15 minutos.
[2026-09-06 19:42:09] [AGENDADOR 24/7] Iniciando Ciclo Contínuo #1...
[2026-09-06 19:42:09] Executando MAV [ApInfo] — Ciclo #1
[2026-09-06 19:42:09] MAV [ApInfo] concluido com sucesso em 0.4 segundos.
[2026-09-06 19:42:43] [TELEGRAM] Comando recebido Senhor: rodar (Arg: )
[2026-09-06 19:42:54] Executando MAV [ApInfo] — Ciclo #2
[2026-09-06 19:42:54] MAV [ApInfo] concluido com sucesso em 0.4 segundos.
[2026-09-06 19:44:44] Executando MAV [ApInfo] — Ciclo #8
[2026-09-06 19:44:45] MAV [ApInfo] terminou com codigo 1 apos 1.0 segundos.
[2026-09-06 19:45:45] [AGENDADOR 24/7] Iniciando Ciclo Contínuo #8...
[2026-09-06 19:45:45] Executando MAV [ApInfo] — Ciclo #8
[2026-09-06 19:45:45] MAV [ApInfo] terminou com codigo 1 apos 0.3 segundos.
[2026-09-06 19:57:10] [AGENDADOR 24/7] Iniciando Ciclo Contínuo #3...
[2026-09-06 19:57:10] Executando MAV [ApInfo] — Ciclo #3
[2026-09-06 19:57:10] MAV [ApInfo] concluido com sucesso em 0.4 segundos.
[2026-09-06 20:00:07] [AGENDADOR] Janela horária atingida (20:00). Iniciando rotina...
[2026-09-06 20:00:18] Executando MAV [ApInfo] — Ciclo #9
[2026-09-06 20:00:19] MAV [ApInfo] terminou com codigo 1 apos 1.1 segundos.
[2026-09-06 20:00:45] [AGENDADOR 24/7] Iniciando Ciclo Contínuo #9...
[2026-09-06 20:00:45] Executando MAV [ApInfo] — Ciclo #9
[2026-09-06 20:00:45] MAV [ApInfo] terminou com codigo 1 apos 0.3 segundos.
[2026-09-06 20:12:21] [AGENDADOR 24/7] Iniciando Ciclo Contínuo #4...
[2026-09-06 20:12:21] Executando MAV [ApInfo] — Ciclo #4
[2026-09-06 20:12:22] MAV [ApInfo] concluido com sucesso em 0.5 segundos.
[2026-09-06 20:15:19] Executando MAV [ApInfo] — Ciclo #10
[2026-09-06 20:15:20] MAV [ApInfo] terminou com codigo 1 apos 1.0 segundos.
[2026-09-06 20:15:45] [AGENDADOR 24/7] Iniciando Ciclo Contínuo #10...
[2026-09-06 20:15:45] Executando MAV [ApInfo] — Ciclo #10
[2026-09-06 20:15:46] MAV [ApInfo] terminou com codigo 1 apos 0.5 segundos.
[2026-09-06 20:27:22] [AGENDADOR 24/7] Iniciando Ciclo Contínuo #5...
[2026-09-06 20:27:22] Executando MAV [ApInfo] — Ciclo #5
[2026-09-06 20:27:23] MAV [ApInfo] concluido com sucesso em 0.4 segundos.
[2026-09-06 20:30:46] [AGENDADOR 24/7] Iniciando Ciclo Contínuo #11...
[2026-09-06 20:30:46] Executando MAV [ApInfo] — Ciclo #11
[2026-09-06 20:30:46] MAV [ApInfo] terminou com codigo 1 apos 0.5 segundos.
[2026-09-06 20:32:14] Scheduler 24/7 encerrado.
[2026-09-06 20:32:19] MAV Scheduler operando 24/7 com ApInfo (Métricas e Home Lab Sentinel).
[2026-09-06 20:32:30] [TELEGRAM] Escutando comandos avançados...
[2026-09-06 20:32:30] [AGENDADOR] Modo 24/7 Ativo. Executando ininterruptamente a cada 15 minutos.
[2026-09-06 20:32:30] [AGENDADOR 24/7] Iniciando Ciclo Contínuo #1...
[2026-09-06 20:32:30] Executando MAV [ApInfo] — Ciclo #1
[2026-09-06 20:32:30] MAV [ApInfo] concluido com sucesso em 0.4 segundos.
[2026-09-06 20:38:29] [TELEGRAM] Comando recebido Senhor: rodar (Arg: )
[2026-09-06 20:38:30] Executando MAV [ApInfo] — Ciclo #2
[2026-09-06 20:38:30] MAV [ApInfo] concluido com sucesso em 0.5 segundos.
[2026-09-06 20:38:31] [TELEGRAM] Comando recebido Senhor: rodar (Arg: )
[2026-09-06 20:38:31] Executando MAV [ApInfo] — Ciclo #12
[2026-09-06 20:38:32] MAV [ApInfo] terminou com codigo 1 apos 0.4 segundos.
[2026-09-06 20:45:46] [AGENDADOR 24/7] Iniciando Ciclo Contínuo #13...
[2026-09-06 20:45:46] Executando MAV [ApInfo] — Ciclo #13
[2026-09-06 20:45:47] MAV [ApInfo] terminou com codigo 1 apos 0.3 segundos.
[2026-09-06 20:47:31] [AGENDADOR 24/7] Iniciando Ciclo Contínuo #3...
[2026-09-06 20:47:31] Executando MAV [ApInfo] — Ciclo #3
[2026-09-06 20:47:31] MAV [ApInfo] concluido com sucesso em 0.4 segundos.
[2026-09-06 21:00:12] [AGENDADOR] Janela horária atingida (21:00). Iniciando rotina...
[2026-09-06 21:00:13] Executando MAV [ApInfo] — Ciclo #11
[2026-09-06 21:00:14] MAV [ApInfo] terminou com codigo 1 apos 1.3 segundos.
[2026-09-06 21:00:47] [AGENDADOR 24/7] Iniciando Ciclo Contínuo #14...
[2026-09-06 21:00:47] Executando MAV [ApInfo] — Ciclo #14
[2026-09-06 21:00:47] MAV [ApInfo] terminou com codigo 1 apos 0.3 segundos.
[2026-09-06 21:02:42] [AGENDADOR 24/7] Iniciando Ciclo Contínuo #4...
[2026-09-06 21:02:42] Executando MAV [ApInfo] — Ciclo #4
[2026-09-06 21:02:43] MAV [ApInfo] concluido com sucesso em 0.4 segundos.
[2026-09-07 18:06:32] MAV Scheduler operando 24/7 com ApInfo (Métricas e Home Lab Sentinel).
[2026-09-07 18:06:44] [TELEGRAM] Escutando comandos avançados...
[2026-09-07 18:06:44] [AGENDADOR] Modo 24/7 Ativo. Executando ininterruptamente a cada 15 minutos.
[2026-09-07 18:06:44] [AGENDADOR 24/7] Iniciando Ciclo Contínuo #1...
[2026-09-07 18:06:44] Executando MAV [ApInfo] — Ciclo #1
[2026-09-07 18:06:46] MAV [ApInfo] concluido com sucesso em 1.5 segundos.
[2026-09-07 18:08:32] MAV Scheduler operando 24/7 com ApInfo (Métricas e Home Lab Sentinel).
[2026-09-07 18:08:33] [TELEGRAM] Escutando comandos avançados...
[2026-09-07 18:08:33] [AGENDADOR] Modo 24/7 Ativo. Executando ininterruptamente a cada 15 minutos.
[2026-09-07 18:08:33] [AGENDADOR 24/7] Iniciando Ciclo Contínuo #1...
[2026-09-07 18:08:33] Executando MAV [ApInfo] — Ciclo #1
[2026-09-07 18:08:34] MAV [ApInfo] concluido com sucesso em 1.1 segundos.
[2026-09-07 18:21:43] [TELEGRAM] Comando recebido Senhor: homelab (Arg: )
[2026-09-07 18:23:36] [AGENDADOR 24/7] Iniciando Ciclo Contínuo #2...
[2026-09-07 18:23:36] Executando MAV [ApInfo] — Ciclo #2
[2026-09-07 18:23:39] MAV [ApInfo] concluido com sucesso em 2.6 segundos.
[2026-09-07 18:28:53] MAV Scheduler operando 24/7 com ApInfo (Métricas e Home Lab Sentinel).
[2026-09-07 18:28:54] [TELEGRAM] Escutando comandos avançados...
[2026-09-07 18:28:54] [AGENDADOR] Modo 24/7 Ativo. Executando ininterruptamente a cada 15 minutos.
[2026-09-07 18:28:54] [AGENDADOR 24/7] Iniciando Ciclo Contínuo #1...
[2026-09-07 18:28:54] Executando MAV [ApInfo] — Ciclo #1
[2026-09-07 18:28:55] MAV [ApInfo] concluido com sucesso em 0.6 segundos.
[2026-09-07 18:38:40] [AGENDADOR 24/7] Iniciando Ciclo Contínuo #3...
[2026-09-07 18:38:40] Executando MAV [ApInfo] — Ciclo #3
[2026-09-07 18:38:41] MAV [ApInfo] concluido com sucesso em 1.1 segundos.
[2026-09-07 18:43:56] [AGENDADOR 24/7] Iniciando Ciclo Contínuo #2...
[2026-09-07 18:43:56] Executando MAV [ApInfo] — Ciclo #2
[2026-09-07 18:43:56] MAV [ApInfo] concluido com sucesso em 0.6 segundos.
[2026-09-07 18:46:03] Scheduler 24/7 encerrado.
[2026-09-07 18:53:53] [AGENDADOR 24/7] Iniciando Ciclo Contínuo #4...
[2026-09-07 18:53:53] Executando MAV [ApInfo] — Ciclo #4
[2026-09-07 18:53:54] MAV [ApInfo] concluido com sucesso em 1.1 segundos.
[2026-09-07 18:56:24] MAV Scheduler operando 24/7 com ApInfo (Métricas e Home Lab Sentinel).
[2026-09-07 18:56:35] [TELEGRAM] Escutando comandos avançados...
[2026-09-07 18:56:35] [AGENDADOR] Modo 24/7 Ativo. Executando ininterruptamente a cada 15 minutos.
[2026-09-07 18:56:35] [AGENDADOR 24/7] Iniciando Ciclo Contínuo #1...
[2026-09-07 18:56:35] Executando MAV [ApInfo] — Ciclo #1
[2026-09-07 18:56:36] MAV [ApInfo] concluido com sucesso em 0.5 segundos.
[2026-09-07 19:01:16] Scheduler 24/7 encerrado.
[2026-09-07 19:01:19] MAV Scheduler operando 24/7 com ApInfo (Métricas e Home Lab Sentinel).
[2026-09-07 19:01:20] [TELEGRAM] Escutando comandos avançados...
[2026-09-07 19:01:20] [AGENDADOR] Modo 24/7 Ativo. Executando ininterruptamente a cada 15 minutos.
[2026-09-07 19:01:20] [AGENDADOR 24/7] Iniciando Ciclo Contínuo #1...
[2026-09-07 19:01:20] Executando MAV [ApInfo] — Ciclo #1
[2026-09-07 19:01:21] MAV [ApInfo] concluido com sucesso em 0.5 segundos.
[2026-09-07 19:03:00] Scheduler 24/7 encerrado.
[2026-09-07 19:03:02] MAV Scheduler operando 24/7 com ApInfo (Métricas e Home Lab Sentinel).
[2026-09-07 19:03:03] [TELEGRAM] Escutando comandos avançados...
[2026-09-07 19:03:03] [AGENDADOR] Modo 24/7 Ativo. Executando ininterruptamente a cada 15 minutos.
[2026-09-07 19:03:03] [AGENDADOR 24/7] Iniciando Ciclo Contínuo #1...
[2026-09-07 19:03:03] Executando MAV [ApInfo] — Ciclo #1
[2026-09-07 19:03:04] MAV [ApInfo] concluido com sucesso em 0.5 segundos.
[2026-09-07 19:08:55] [AGENDADOR 24/7] Iniciando Ciclo Contínuo #5...
[2026-09-07 19:08:55] Executando MAV [ApInfo] — Ciclo #5
[2026-09-07 19:08:57] MAV [ApInfo] concluido com sucesso em 1.2 segundos.
[2026-09-07 19:09:13] Scheduler 24/7 encerrado.
[2026-09-07 19:09:17] MAV Scheduler operando 24/7 com ApInfo (Métricas e Home Lab Sentinel).
[2026-09-07 19:09:18] [TELEGRAM] Escutando comandos avançados...
[2026-09-07 19:09:18] [AGENDADOR] Modo 24/7 Ativo. Executando ininterruptamente a cada 15 minutos.
[2026-09-07 19:09:18] [AGENDADOR 24/7] Iniciando Ciclo Contínuo #1...
[2026-09-07 19:09:18] Executando MAV [ApInfo] — Ciclo #1
[2026-09-07 19:09:18] MAV [ApInfo] concluido com sucesso em 0.5 segundos.
[2026-09-07 19:11:58] Scheduler 24/7 encerrado.
[2026-09-07 19:11:58] Erro ao enviar mensagem para o Telegram: HTTPSConnectionPool(host='api.telegram.org', port=443): Max retries exceeded with url: /bot8814651743:AAFRcCTE563aEJ4wmsaMfd2Vi6zOtz_Onr4/sendMessage (Caused by NameResolutionError("<urllib3.connection.HTTPSConnection object at 0x000002D69F89C690>: Failed to resolve 'api.telegram.org' ([Errno 11001] getaddrinfo failed)"))
[2026-09-07 19:12:01] MAV Scheduler operando 24/7 com ApInfo (Métricas e Home Lab Sentinel).
[2026-09-07 19:12:01] Erro ao enviar mensagem para o Telegram: HTTPSConnectionPool(host='api.telegram.org', port=443): Max retries exceeded with url: /bot8814651743:AAFRcCTE563aEJ4wmsaMfd2Vi6zOtz_Onr4/sendMessage (Caused by NameResolutionError("<urllib3.connection.HTTPSConnection object at 0x000001DA5F9A56A0>: Failed to resolve 'api.telegram.org' ([Errno 11001] getaddrinfo failed)"))
[2026-09-07 19:12:01] [TELEGRAM] Escutando comandos avançados...
[2026-09-07 19:12:01] [AGENDADOR] Modo 24/7 Ativo. Executando ininterruptamente a cada 15 minutos.
[2026-09-07 19:12:01] [AGENDADOR 24/7] Iniciando Ciclo Contínuo #1...
[2026-09-07 19:12:01] Erro ao enviar mensagem para o Telegram: HTTPSConnectionPool(host='api.telegram.org', port=443): Max retries exceeded with url: /bot8814651743:AAFRcCTE563aEJ4wmsaMfd2Vi6zOtz_Onr4/sendMessage (Caused by NameResolutionError("<urllib3.connection.HTTPSConnection object at 0x000001DA5F95B750>: Failed to resolve 'api.telegram.org' ([Errno 11001] getaddrinfo failed)"))
[2026-09-07 19:12:01] Executando MAV [ApInfo] — Ciclo #1
[2026-09-07 19:12:02] MAV [ApInfo] concluido com sucesso em 0.6 segundos.
[2026-09-07 19:12:02] Erro ao enviar mensagem com botão para o Telegram: HTTPSConnectionPool(host='api.telegram.org', port=443): Max retries exceeded with url: /bot8814651743:AAFRcCTE563aEJ4wmsaMfd2Vi6zOtz_Onr4/sendMessage (Caused by NameResolutionError("<urllib3.connection.HTTPSConnection object at 0x000001DA5F95B750>: Failed to resolve 'api.telegram.org' ([Errno 11001] getaddrinfo failed)"))
[2026-09-07 19:12:02] Erro ao enviar mensagem para o Telegram: HTTPSConnectionPool(host='api.telegram.org', port=443): Max retries exceeded with url: /bot8814651743:AAFRcCTE563aEJ4wmsaMfd2Vi6zOtz_Onr4/sendMessage (Caused by NameResolutionError("<urllib3.connection.HTTPSConnection object at 0x000001DA5F959450>: Failed to resolve 'api.telegram.org' ([Errno 11001] getaddrinfo failed)"))
[2026-09-07 19:14:59] Scheduler 24/7 encerrado.
[2026-09-07 19:15:13] MAV Scheduler operando 24/7 com ApInfo (Métricas e Home Lab Sentinel).
[2026-09-07 19:15:24] [TELEGRAM] Escutando comandos avançados...
[2026-09-07 19:15:24] [AGENDADOR] Modo 24/7 Ativo. Executando ininterruptamente a cada 15 minutos.
[2026-09-07 19:15:24] [AGENDADOR 24/7] Iniciando Ciclo Contínuo #1...
[2026-09-07 19:15:24] Executando MAV [ApInfo] — Ciclo #1
[2026-09-07 19:15:24] MAV [ApInfo] concluido com sucesso em 0.5 segundos.
[2026-09-07 19:16:19] Scheduler 24/7 encerrado.
[2026-09-07 19:16:31] Erro ao enviar mensagem para o Telegram: HTTPSConnectionPool(host='api.telegram.org', port=443): Max retries exceeded with url: /bot8814651743:AAFRcCTE563aEJ4wmsaMfd2Vi6zOtz_Onr4/sendMessage (Caused by NameResolutionError("<urllib3.connection.HTTPSConnection object at 0x0000024BF878A710>: Failed to resolve 'api.telegram.org' ([Errno 11001] getaddrinfo failed)"))
[2026-09-07 19:23:17] MAV Scheduler operando 24/7 com ApInfo (Métricas e Home Lab Sentinel).
[2026-09-07 19:23:18] [TELEGRAM] Escutando comandos avançados...
[2026-09-07 19:23:18] [AGENDADOR] Modo 24/7 Ativo. Executando ininterruptamente a cada 15 minutos.
[2026-09-07 19:23:18] [AGENDADOR 24/7] Iniciando Ciclo Contínuo #1...
[2026-09-07 19:23:18] Executando MAV [ApInfo] — Ciclo #1
[2026-09-07 19:23:19] MAV [ApInfo] concluido com sucesso em 0.6 segundos.
[2026-09-07 19:23:59] [AGENDADOR 24/7] Iniciando Ciclo Contínuo #6...
[2026-09-07 19:23:59] Executando MAV [ApInfo] — Ciclo #6
[2026-09-07 19:24:00] MAV [ApInfo] concluido com sucesso em 1.2 segundos.
[2026-09-07 19:29:04] Scheduler 24/7 encerrado.
[2026-09-07 19:29:06] MAV Scheduler operando 24/7 com ApInfo (Métricas e Home Lab Sentinel).
[2026-09-07 19:29:07] [TELEGRAM] Escutando comandos avançados...
[2026-09-07 19:29:07] [AGENDADOR] Modo 24/7 Ativo. Executando ininterruptamente a cada 15 minutos.
[2026-09-07 19:29:07] [AGENDADOR 24/7] Iniciando Ciclo Contínuo #1...
[2026-09-07 19:29:07] Executando MAV [ApInfo] — Ciclo #1
[2026-09-07 19:29:08] MAV [ApInfo] concluido com sucesso em 0.5 segundos.
[2026-09-07 19:33:44] Scheduler 24/7 encerrado.
[2026-09-07 19:34:01] MAV Scheduler operando 24/7 com ApInfo (Métricas e Home Lab Sentinel).
[2026-09-07 19:34:02] [TELEGRAM] Escutando comandos avançados...
[2026-09-07 19:34:02] [AGENDADOR] Modo 24/7 Ativo. Executando ininterruptamente a cada 15 minutos.
[2026-09-07 19:34:02] [AGENDADOR 24/7] Iniciando Ciclo Contínuo #1...
[2026-09-07 19:34:02] Executando MAV [ApInfo] — Ciclo #1
[2026-09-07 19:34:03] MAV [ApInfo] concluido com sucesso em 0.5 segundos.
[2026-09-07 19:35:45] Scheduler 24/7 encerrado.
[2026-09-07 19:35:50] MAV Scheduler operando 24/7 com ApInfo (Métricas e Home Lab Sentinel).
[2026-09-07 19:36:01] [TELEGRAM] Escutando comandos avançados...
[2026-09-07 19:36:01] [AGENDADOR] Modo 24/7 Ativo. Executando ininterruptamente a cada 15 minutos.
[2026-09-07 19:36:01] [AGENDADOR 24/7] Iniciando Ciclo Contínuo #1...
[2026-09-07 19:36:01] Executando MAV [ApInfo] — Ciclo #1
[2026-09-07 19:36:01] MAV [ApInfo] concluido com sucesso em 0.4 segundos.
[2026-09-07 19:38:58] Scheduler 24/7 encerrado.
[2026-09-07 19:39:01] [AGENDADOR 24/7] Iniciando Ciclo Contínuo #7...
[2026-09-07 19:39:01] Executando MAV [ApInfo] — Ciclo #7
[2026-09-07 19:39:02] MAV Scheduler operando 24/7 com ApInfo (Métricas e Home Lab Sentinel).
[2026-09-07 19:39:02] MAV [ApInfo] concluido com sucesso em 1.1 segundos.
[2026-09-07 19:39:02] [TELEGRAM] Escutando comandos avançados...
[2026-09-07 19:39:02] [AGENDADOR] Modo 24/7 Ativo. Executando ininterruptamente a cada 15 minutos.
[2026-09-07 19:39:02] [AGENDADOR 24/7] Iniciando Ciclo Contínuo #1...
[2026-09-07 19:39:02] Executando MAV [ApInfo] — Ciclo #1
[2026-09-07 19:39:03] MAV [ApInfo] concluido com sucesso em 0.6 segundos.
[2026-09-07 19:40:08] [TELEGRAM] Comando recebido Senhor: rodar (Arg: )
[2026-09-07 19:40:09] Executando MAV [ApInfo] — Ciclo #8
[2026-09-07 19:40:10] MAV [ApInfo] concluido com sucesso em 1.2 segundos.
[2026-09-07 19:44:40] Scheduler 24/7 encerrado.
[2026-09-07 19:45:01] MAV Scheduler operando 24/7 com ApInfo (Métricas e Home Lab Sentinel).
[2026-09-07 19:45:01] [TELEGRAM] Escutando comandos avançados...
[2026-09-07 19:45:01] [AGENDADOR] Modo 24/7 Ativo. Executando ininterruptamente a cada 15 minutos.
[2026-09-07 19:45:01] [AGENDADOR 24/7] Iniciando Ciclo Contínuo #1...
[2026-09-07 19:45:01] Executando MAV [ApInfo] — Ciclo #1
[2026-09-07 19:45:02] MAV [ApInfo] concluido com sucesso em 0.5 segundos.
[2026-09-07 19:45:29] [TELEGRAM] Comando recebido Senhor: ajuda (Arg: )
[2026-09-07 19:46:17] [TELEGRAM] Comando recebido Senhor: comandos (Arg: )
[2026-09-07 19:46:18] [TELEGRAM] Comando recebido Senhor: comandos (Arg: )
[2026-09-07 19:46:32] [TELEGRAM] Comando recebido Senhor: exportar_csv (Arg: )
[2026-09-07 19:46:47] [TELEGRAM] Comando recebido Senhor: status (Arg: )
[2026-09-07 19:47:11] [TELEGRAM] Comando recebido Senhor: status (Arg: )
[2026-09-07 19:47:19] [TELEGRAM] Comando recebido Senhor: intervalo (Arg: 1)
[2026-09-07 19:48:05] [TELEGRAM] Comando recebido Senhor: exportar_csv (Arg: )
[2026-09-07 19:48:15] [TELEGRAM] Comando recebido Senhor: exportar_csv (Arg: )
[2026-09-07 19:54:04] [AGENDADOR 24/7] Iniciando Ciclo Contínuo #9...
[2026-09-07 19:54:04] Executando MAV [ApInfo] — Ciclo #9
[2026-09-07 19:54:05] MAV [ApInfo] concluido com sucesso em 1.2 segundos.
[2026-09-07 20:00:13] [AGENDADOR 24/7] Iniciando Ciclo Contínuo #2...
[2026-09-07 20:00:13] Executando MAV [ApInfo] — Ciclo #2
[2026-09-07 20:00:14] MAV [ApInfo] concluido com sucesso em 0.4 segundos.
[2026-09-07 20:01:15] [AGENDADOR 24/7] Iniciando Ciclo Contínuo #3...
[2026-09-07 20:01:15] Executando MAV [ApInfo] — Ciclo #3
[2026-09-07 20:01:16] MAV [ApInfo] concluido com sucesso em 0.4 segundos.
[2026-09-07 20:02:17] [AGENDADOR 24/7] Iniciando Ciclo Contínuo #4...
[2026-09-07 20:02:17] Executando MAV [ApInfo] — Ciclo #4
[2026-09-07 20:02:18] MAV [ApInfo] concluido com sucesso em 0.4 segundos.
[2026-09-07 20:03:19] [AGENDADOR 24/7] Iniciando Ciclo Contínuo #5...
[2026-09-07 20:03:19] Executando MAV [ApInfo] — Ciclo #5
[2026-09-07 20:03:20] MAV [ApInfo] concluido com sucesso em 0.4 segundos.
[2026-09-07 20:04:31] [AGENDADOR 24/7] Iniciando Ciclo Contínuo #6...
[2026-09-07 20:04:31] Executando MAV [ApInfo] — Ciclo #6
[2026-09-07 20:04:32] MAV [ApInfo] concluido com sucesso em 0.5 segundos.
[2026-09-07 20:05:43] [AGENDADOR 24/7] Iniciando Ciclo Contínuo #7...
[2026-09-07 20:05:43] Executando MAV [ApInfo] — Ciclo #7
[2026-09-07 20:05:44] MAV [ApInfo] concluido com sucesso em 0.5 segundos.
[2026-09-07 20:06:45] [AGENDADOR 24/7] Iniciando Ciclo Contínuo #8...
[2026-09-07 20:06:45] Executando MAV [ApInfo] — Ciclo #8
[2026-09-07 20:06:46] MAV [ApInfo] concluido com sucesso em 0.5 segundos.
[2026-09-07 20:06:46] ⚠️ Alerta: Falha temporária de conexão ao enviar para o Telegram: HTTPSConnectionPool(host='api.telegram.org', port=443): Max retries exceeded with url: /bot8814651743:AAFRcCTE563aEJ4wmsaMfd2Vi6zOtz_Onr4/sendMessage (Caused by NameResolutionError("<urllib3.connection.HTTPSConnection object at 0x00000263E489F750>: Failed to resolve 'api.telegram.org' ([Errno 11001] getaddrinfo failed)"))
[2026-09-07 20:06:46] Erro ao enviar mensagem para o Telegram: HTTPSConnectionPool(host='api.telegram.org', port=443): Max retries exceeded with url: /bot8814651743:AAFRcCTE563aEJ4wmsaMfd2Vi6zOtz_Onr4/sendMessage (Caused by NameResolutionError("<urllib3.connection.HTTPSConnection object at 0x00000263E489F9D0>: Failed to resolve 'api.telegram.org' ([Errno 11001] getaddrinfo failed)"))
[2026-09-07 20:07:46] [AGENDADOR 24/7] Iniciando Ciclo Contínuo #9...
[2026-09-07 20:07:46] Executando MAV [ApInfo] — Ciclo #9
[2026-09-07 20:07:47] MAV [ApInfo] concluido com sucesso em 0.6 segundos.
[2026-09-07 20:07:47] ⚠️ Alerta: Falha temporária de conexão ao enviar para o Telegram: HTTPSConnectionPool(host='api.telegram.org', port=443): Max retries exceeded with url: /bot8814651743:AAFRcCTE563aEJ4wmsaMfd2Vi6zOtz_Onr4/sendMessage (Caused by NameResolutionError("<urllib3.connection.HTTPSConnection object at 0x00000263E51887D0>: Failed to resolve 'api.telegram.org' ([Errno 11001] getaddrinfo failed)"))
[2026-09-07 20:07:47] Erro ao enviar mensagem para o Telegram: HTTPSConnectionPool(host='api.telegram.org', port=443): Max retries exceeded with url: /bot8814651743:AAFRcCTE563aEJ4wmsaMfd2Vi6zOtz_Onr4/sendMessage (Caused by NameResolutionError("<urllib3.connection.HTTPSConnection object at 0x00000263E5188A50>: Failed to resolve 'api.telegram.org' ([Errno 11001] getaddrinfo failed)"))
[2026-09-07 20:08:06] Scheduler 24/7 encerrado.
[2026-09-07 20:08:06] Erro ao enviar mensagem para o Telegram: HTTPSConnectionPool(host='api.telegram.org', port=443): Max retries exceeded with url: /bot8814651743:AAFRcCTE563aEJ4wmsaMfd2Vi6zOtz_Onr4/sendMessage (Caused by NameResolutionError("<urllib3.connection.HTTPSConnection object at 0x00000263E489E0D0>: Failed to resolve 'api.telegram.org' ([Errno 11001] getaddrinfo failed)"))
[2026-09-07 20:08:08] MAV Scheduler operando 24/7 com ApInfo (Métricas e Home Lab Sentinel).
[2026-09-07 20:08:08] Erro ao enviar mensagem para o Telegram: HTTPSConnectionPool(host='api.telegram.org', port=443): Max retries exceeded with url: /bot8814651743:AAFRcCTE563aEJ4wmsaMfd2Vi6zOtz_Onr4/sendMessage (Caused by NameResolutionError("<urllib3.connection.HTTPSConnection object at 0x00000195626D16A0>: Failed to resolve 'api.telegram.org' ([Errno 11001] getaddrinfo failed)"))
[2026-09-07 20:08:08] [TELEGRAM] Escutando comandos avançados...
[2026-09-07 20:08:08] [AGENDADOR] Modo 24/7 Ativo. Executando ininterruptamente a cada 15 minutos.
[2026-09-07 20:08:08] [AGENDADOR 24/7] Iniciando Ciclo Contínuo #1...
[2026-09-07 20:08:08] Executando MAV [ApInfo] — Ciclo #1
[2026-09-07 20:08:08] Erro ao enviar mensagem para o Telegram: HTTPSConnectionPool(host='api.telegram.org', port=443): Max retries exceeded with url: /bot8814651743:AAFRcCTE563aEJ4wmsaMfd2Vi6zOtz_Onr4/sendMessage (Caused by NameResolutionError("<urllib3.connection.HTTPSConnection object at 0x000001956268B750>: Failed to resolve 'api.telegram.org' ([Errno 11001] getaddrinfo failed)"))
[2026-09-07 20:08:09] MAV [ApInfo] concluido com sucesso em 0.6 segundos.
[2026-09-07 20:08:09] ⚠️ Alerta: Falha temporária de conexão ao enviar para o Telegram: HTTPSConnectionPool(host='api.telegram.org', port=443): Max retries exceeded with url: /bot8814651743:AAFRcCTE563aEJ4wmsaMfd2Vi6zOtz_Onr4/sendMessage (Caused by NameResolutionError("<urllib3.connection.HTTPSConnection object at 0x000001956268BB10>: Failed to resolve 'api.telegram.org' ([Errno 11001] getaddrinfo failed)"))
[2026-09-07 20:08:09] Erro ao enviar mensagem para o Telegram: HTTPSConnectionPool(host='api.telegram.org', port=443): Max retries exceeded with url: /bot8814651743:AAFRcCTE563aEJ4wmsaMfd2Vi6zOtz_Onr4/sendMessage (Caused by NameResolutionError("<urllib3.connection.HTTPSConnection object at 0x0000019562F3CCD0>: Failed to resolve 'api.telegram.org' ([Errno 11001] getaddrinfo failed)"))
[2026-09-07 20:09:06] [AGENDADOR 24/7] Iniciando Ciclo Contínuo #10...
[2026-09-07 20:09:06] Executando MAV [ApInfo] — Ciclo #10
[2026-09-07 20:09:07] MAV [ApInfo] concluido com sucesso em 1.1 segundos.
[2026-09-07 20:09:26] Scheduler 24/7 encerrado.
[2026-09-07 20:09:39] Erro ao enviar mensagem para o Telegram: HTTPSConnectionPool(host='api.telegram.org', port=443): Max retries exceeded with url: /bot8814651743:AAFRcCTE563aEJ4wmsaMfd2Vi6zOtz_Onr4/sendMessage (Caused by NameResolutionError("<urllib3.connection.HTTPSConnection object at 0x0000019562F3D950>: Failed to resolve 'api.telegram.org' ([Errno 11001] getaddrinfo failed)"))
[2026-09-07 20:18:29] MAV Scheduler operando 24/7 com ApInfo (Métricas e Home Lab Sentinel).
[2026-09-07 20:18:30] [TELEGRAM] Escutando comandos avançados...
[2026-09-07 20:18:30] [AGENDADOR] Modo 24/7 Ativo. Executando ininterruptamente a cada 15 minutos.
[2026-09-07 20:18:30] [AGENDADOR 24/7] Iniciando Ciclo Contínuo #1...
[2026-09-07 20:18:30] Executando MAV [ApInfo] — Ciclo #1
[2026-09-07 20:18:30] MAV [ApInfo] concluido com sucesso em 0.4 segundos.
[2026-09-07 20:21:50] [TELEGRAM] Comando recebido Senhor: rodar (Arg: )
[2026-09-07 20:21:50] [TELEGRAM] Comando recebido Senhor: rodar (Arg: )
[2026-09-07 20:21:51] Executando MAV [ApInfo] — Ciclo #2
[2026-09-07 20:21:51] Executando MAV [ApInfo] — Ciclo #11
[2026-09-07 20:21:52] MAV [ApInfo] concluido com sucesso em 0.5 segundos.
[2026-09-07 20:21:53] MAV [ApInfo] concluido com sucesso em 1.3 segundos.
[2026-09-07 20:22:07] [TELEGRAM] Comando recebido Senhor: exportar_csv (Arg: )
[2026-09-07 20:24:09] [AGENDADOR 24/7] Iniciando Ciclo Contínuo #12...
[2026-09-07 20:24:09] Executando MAV [ApInfo] — Ciclo #12
[2026-09-07 20:24:10] MAV [ApInfo] concluido com sucesso em 1.1 segundos.
[2026-09-07 20:33:31] [AGENDADOR 24/7] Iniciando Ciclo Contínuo #3...
[2026-09-07 20:33:31] Executando MAV [ApInfo] — Ciclo #3
[2026-09-07 20:33:32] MAV [ApInfo] concluido com sucesso em 0.5 segundos.
[2026-09-07 20:39:11] [AGENDADOR 24/7] Iniciando Ciclo Contínuo #13...
[2026-09-07 20:39:11] Executando MAV [ApInfo] — Ciclo #13
[2026-09-07 20:39:13] MAV [ApInfo] concluido com sucesso em 1.7 segundos.
[2026-09-07 20:41:24] Scheduler 24/7 encerrado.
[2026-09-07 20:54:24] [AGENDADOR 24/7] Iniciando Ciclo Contínuo #14...
[2026-09-07 20:54:24] Executando MAV [ApInfo] — Ciclo #14
[2026-09-07 20:54:26] MAV [ApInfo] concluido com sucesso em 1.2 segundos.
[2026-09-08 08:54:21] MAV Scheduler operando 24/7 com ApInfo (Métricas e Home Lab Sentinel).
[2026-09-08 08:54:23] [TELEGRAM] Escutando comandos avançados...
[2026-09-08 08:54:23] [AGENDADOR] Modo 24/7 Ativo. Executando ininterruptamente a cada 15 minutos.
[2026-09-08 08:54:23] [AGENDADOR 24/7] Iniciando Ciclo Contínuo #1...
[2026-09-08 08:54:23] Executando MAV [ApInfo] — Ciclo #1
[2026-09-08 08:54:24] MAV [ApInfo] concluido com sucesso em 1.4 segundos.
[2026-09-08 09:09:37] [AGENDADOR 24/7] Iniciando Ciclo Contínuo #2...
[2026-09-08 09:09:37] Executando MAV [ApInfo] — Ciclo #2
[2026-09-08 09:09:39] MAV [ApInfo] concluido com sucesso em 2.0 segundos.
[2026-09-08 09:24:42] [AGENDADOR 24/7] Iniciando Ciclo Contínuo #3...
[2026-09-08 09:24:42] Executando MAV [ApInfo] — Ciclo #3
[2026-09-08 09:24:43] MAV [ApInfo] concluido com sucesso em 1.0 segundos.
[2026-09-08 09:39:46] [AGENDADOR 24/7] Iniciando Ciclo Contínuo #4...
[2026-09-08 09:39:46] Executando MAV [ApInfo] — Ciclo #4
[2026-09-08 09:39:47] MAV [ApInfo] concluido com sucesso em 1.2 segundos.
[2026-09-08 09:54:49] [AGENDADOR 24/7] Iniciando Ciclo Contínuo #5...
[2026-09-08 09:54:49] Executando MAV [ApInfo] — Ciclo #5
[2026-09-08 09:54:51] MAV [ApInfo] concluido com sucesso em 1.4 segundos.
[2026-09-08 09:58:08] MAV Scheduler operando 24/7 com ApInfo (Métricas e Home Lab Sentinel).
[2026-09-08 09:58:09] [TELEGRAM] Escutando comandos avançados...
[2026-09-08 09:58:09] [AGENDADOR] Modo 24/7 Ativo. Executando ininterruptamente a cada 15 minutos.
[2026-09-08 09:58:09] [AGENDADOR 24/7] Iniciando Ciclo Contínuo #1...
[2026-09-08 09:58:09] Executando MAV [ApInfo] — Ciclo #1
[2026-09-08 09:58:10] MAV [ApInfo] concluido com sucesso em 0.5 segundos.
[2026-09-08 10:10:03] [AGENDADOR 24/7] Iniciando Ciclo Contínuo #6...
[2026-09-08 10:10:03] Executando MAV [ApInfo] — Ciclo #6
[2026-09-08 10:10:05] MAV [ApInfo] concluido com sucesso em 1.3 segundos.
[2026-09-08 10:13:11] [AGENDADOR 24/7] Iniciando Ciclo Contínuo #2...
[2026-09-08 10:13:11] Executando MAV [ApInfo] — Ciclo #2
[2026-09-08 10:13:12] MAV [ApInfo] concluido com sucesso em 0.4 segundos.
[2026-09-08 10:25:08] [AGENDADOR 24/7] Iniciando Ciclo Contínuo #7...
[2026-09-08 10:25:08] Executando MAV [ApInfo] — Ciclo #7
[2026-09-08 10:25:09] MAV [ApInfo] concluido com sucesso em 1.2 segundos.
[2026-09-08 10:28:13] [AGENDADOR 24/7] Iniciando Ciclo Contínuo #3...
[2026-09-08 10:28:13] Executando MAV [ApInfo] — Ciclo #3
[2026-09-08 10:28:14] MAV [ApInfo] concluido com sucesso em 0.6 segundos.
[2026-09-08 10:40:12] [AGENDADOR 24/7] Iniciando Ciclo Contínuo #8...
[2026-09-08 10:40:12] Executando MAV [ApInfo] — Ciclo #8
[2026-09-08 10:40:13] MAV [ApInfo] concluido com sucesso em 1.0 segundos.
[2026-09-08 10:43:16] [AGENDADOR 24/7] Iniciando Ciclo Contínuo #4...
[2026-09-08 10:43:16] Executando MAV [ApInfo] — Ciclo #4
[2026-09-08 10:43:16] MAV [ApInfo] concluido com sucesso em 0.4 segundos.
[2026-09-08 10:55:25] [AGENDADOR 24/7] Iniciando Ciclo Contínuo #9...
[2026-09-08 10:55:25] Executando MAV [ApInfo] — Ciclo #9
[2026-09-08 10:55:26] MAV [ApInfo] concluido com sucesso em 1.0 segundos.
[2026-09-08 10:58:18] [AGENDADOR 24/7] Iniciando Ciclo Contínuo #5...
[2026-09-08 10:58:18] Executando MAV [ApInfo] — Ciclo #5
[2026-09-08 10:58:18] MAV [ApInfo] concluido com sucesso em 0.4 segundos.
[2026-09-08 11:10:39] [AGENDADOR 24/7] Iniciando Ciclo Contínuo #10...
[2026-09-08 11:10:39] Executando MAV [ApInfo] — Ciclo #10
[2026-09-08 11:10:40] MAV [ApInfo] concluido com sucesso em 1.2 segundos.
[2026-09-08 11:13:20] [AGENDADOR 24/7] Iniciando Ciclo Contínuo #6...
[2026-09-08 11:13:20] Executando MAV [ApInfo] — Ciclo #6
[2026-09-08 11:13:20] MAV [ApInfo] concluido com sucesso em 0.5 segundos.
[2026-09-08 11:25:43] [AGENDADOR 24/7] Iniciando Ciclo Contínuo #11...
[2026-09-08 11:25:43] Executando MAV [ApInfo] — Ciclo #11
[2026-09-08 11:25:44] MAV [ApInfo] concluido com sucesso em 1.0 segundos.
[2026-09-08 11:28:32] [AGENDADOR 24/7] Iniciando Ciclo Contínuo #7...
[2026-09-08 11:28:32] Executando MAV [ApInfo] — Ciclo #7
[2026-09-08 11:28:32] MAV [ApInfo] concluido com sucesso em 0.4 segundos.
[2026-09-08 11:40:46] [AGENDADOR 24/7] Iniciando Ciclo Contínuo #12...
[2026-09-08 11:40:46] Executando MAV [ApInfo] — Ciclo #12
[2026-09-08 11:40:48] MAV [ApInfo] concluido com sucesso em 1.2 segundos.
[2026-09-08 11:43:34] [AGENDADOR 24/7] Iniciando Ciclo Contínuo #8...
[2026-09-08 11:43:34] Executando MAV [ApInfo] — Ciclo #8
[2026-09-08 11:43:34] MAV [ApInfo] concluido com sucesso em 0.4 segundos.
[2026-09-08 11:56:10] [AGENDADOR 24/7] Iniciando Ciclo Contínuo #13...
[2026-09-08 11:56:10] Executando MAV [ApInfo] — Ciclo #13
[2026-09-08 11:56:11] MAV [ApInfo] concluido com sucesso em 1.0 segundos.
[2026-09-08 11:58:46] [AGENDADOR 24/7] Iniciando Ciclo Contínuo #9...
[2026-09-08 11:58:46] Executando MAV [ApInfo] — Ciclo #9
[2026-09-08 11:58:46] MAV [ApInfo] concluido com sucesso em 0.4 segundos.
[2026-09-08 12:11:24] [AGENDADOR 24/7] Iniciando Ciclo Contínuo #14...
[2026-09-08 12:11:24] Executando MAV [ApInfo] — Ciclo #14
[2026-09-08 12:11:25] MAV [ApInfo] concluido com sucesso em 1.0 segundos.
[2026-09-08 12:13:48] [AGENDADOR 24/7] Iniciando Ciclo Contínuo #10...
[2026-09-08 12:13:48] Executando MAV [ApInfo] — Ciclo #10
[2026-09-08 12:13:48] MAV [ApInfo] concluido com sucesso em 0.4 segundos.
[2026-09-08 12:26:48] [AGENDADOR 24/7] Iniciando Ciclo Contínuo #15...
[2026-09-08 12:26:48] Executando MAV [ApInfo] — Ciclo #15
[2026-09-08 12:26:49] MAV [ApInfo] concluido com sucesso em 1.0 segundos.
[2026-09-08 12:28:50] [AGENDADOR 24/7] Iniciando Ciclo Contínuo #11...
[2026-09-08 12:28:50] Executando MAV [ApInfo] — Ciclo #11
[2026-09-08 12:28:50] MAV [ApInfo] concluido com sucesso em 0.4 segundos.
[2026-09-08 12:41:51] [AGENDADOR 24/7] Iniciando Ciclo Contínuo #16...
[2026-09-08 12:41:51] Executando MAV [ApInfo] — Ciclo #16
[2026-09-08 12:41:52] MAV [ApInfo] concluido com sucesso em 1.0 segundos.
[2026-09-08 12:43:52] [AGENDADOR 24/7] Iniciando Ciclo Contínuo #12...
[2026-09-08 12:43:52] Executando MAV [ApInfo] — Ciclo #12
[2026-09-08 12:43:52] MAV [ApInfo] concluido com sucesso em 0.4 segundos.
[2026-09-08 12:57:15] [AGENDADOR 24/7] Iniciando Ciclo Contínuo #17...
[2026-09-08 12:57:15] Executando MAV [ApInfo] — Ciclo #17
[2026-09-08 12:57:16] MAV [ApInfo] concluido com sucesso em 1.0 segundos.
[2026-09-08 12:58:54] [AGENDADOR 24/7] Iniciando Ciclo Contínuo #13...
[2026-09-08 12:58:54] Executando MAV [ApInfo] — Ciclo #13
[2026-09-08 12:58:54] MAV [ApInfo] concluido com sucesso em 0.4 segundos.
[2026-09-08 13:12:18] [AGENDADOR 24/7] Iniciando Ciclo Contínuo #18...
[2026-09-08 13:12:18] Executando MAV [ApInfo] — Ciclo #18
[2026-09-08 13:12:19] MAV [ApInfo] concluido com sucesso em 1.0 segundos.
[2026-09-08 13:13:56] [AGENDADOR 24/7] Iniciando Ciclo Contínuo #14...
[2026-09-08 13:13:56] Executando MAV [ApInfo] — Ciclo #14
[2026-09-08 13:13:56] MAV [ApInfo] concluido com sucesso em 0.4 segundos.
[2026-09-08 13:27:32] [AGENDADOR 24/7] Iniciando Ciclo Contínuo #19...
[2026-09-08 13:27:32] Executando MAV [ApInfo] — Ciclo #19
[2026-09-08 13:27:33] MAV [ApInfo] concluido com sucesso em 1.0 segundos.
[2026-09-08 13:29:08] [AGENDADOR 24/7] Iniciando Ciclo Contínuo #15...
[2026-09-08 13:29:08] Executando MAV [ApInfo] — Ciclo #15
[2026-09-08 13:29:08] MAV [ApInfo] concluido com sucesso em 0.4 segundos.
[2026-09-08 13:42:36] [AGENDADOR 24/7] Iniciando Ciclo Contínuo #20...
[2026-09-08 13:42:36] Executando MAV [ApInfo] — Ciclo #20
[2026-09-08 13:42:37] MAV [ApInfo] concluido com sucesso em 1.0 segundos.
[2026-09-08 13:44:20] [AGENDADOR 24/7] Iniciando Ciclo Contínuo #16...
[2026-09-08 13:44:20] Executando MAV [ApInfo] — Ciclo #16
[2026-09-08 13:44:21] MAV [ApInfo] concluido com sucesso em 0.4 segundos.
[2026-09-08 13:57:49] [AGENDADOR 24/7] Iniciando Ciclo Contínuo #21...
[2026-09-08 13:57:49] Executando MAV [ApInfo] — Ciclo #21
[2026-09-08 13:57:50] MAV [ApInfo] concluido com sucesso em 1.0 segundos.
[2026-09-08 13:59:22] [AGENDADOR 24/7] Iniciando Ciclo Contínuo #17...
[2026-09-08 13:59:22] Executando MAV [ApInfo] — Ciclo #17
[2026-09-08 13:59:23] MAV [ApInfo] concluido com sucesso em 0.4 segundos.
[2026-09-08 14:12:53] [AGENDADOR 24/7] Iniciando Ciclo Contínuo #22...
[2026-09-08 14:12:53] Executando MAV [ApInfo] — Ciclo #22
[2026-09-08 14:12:54] MAV [ApInfo] concluido com sucesso em 1.1 segundos.
[2026-09-08 14:14:34] [AGENDADOR 24/7] Iniciando Ciclo Contínuo #18...
[2026-09-08 14:14:34] Executando MAV [ApInfo] — Ciclo #18
[2026-09-08 14:14:35] MAV [ApInfo] concluido com sucesso em 0.4 segundos.
[2026-09-08 14:27:56] [AGENDADOR 24/7] Iniciando Ciclo Contínuo #23...
[2026-09-08 14:27:56] Executando MAV [ApInfo] — Ciclo #23
[2026-09-08 14:27:57] MAV [ApInfo] concluido com sucesso em 1.0 segundos.
[2026-09-08 14:29:36] [AGENDADOR 24/7] Iniciando Ciclo Contínuo #19...
[2026-09-08 14:29:36] Executando MAV [ApInfo] — Ciclo #19
[2026-09-08 14:29:37] MAV [ApInfo] concluido com sucesso em 0.5 segundos.
[2026-09-08 14:43:00] [AGENDADOR 24/7] Iniciando Ciclo Contínuo #24...
[2026-09-08 14:43:00] Executando MAV [ApInfo] — Ciclo #24
[2026-09-08 14:43:01] MAV [ApInfo] concluido com sucesso em 1.0 segundos.
[2026-09-08 14:44:38] [AGENDADOR 24/7] Iniciando Ciclo Contínuo #20...
[2026-09-08 14:44:38] Executando MAV [ApInfo] — Ciclo #20
[2026-09-08 14:44:39] MAV [ApInfo] concluido com sucesso em 0.4 segundos.
[2026-09-08 14:58:14] [AGENDADOR 24/7] Iniciando Ciclo Contínuo #25...
[2026-09-08 14:58:14] Executando MAV [ApInfo] — Ciclo #25
[2026-09-08 14:58:16] MAV [ApInfo] concluido com sucesso em 2.0 segundos.
[2026-09-08 14:59:40] [AGENDADOR 24/7] Iniciando Ciclo Contínuo #21...
[2026-09-08 14:59:40] Executando MAV [ApInfo] — Ciclo #21
[2026-09-08 14:59:41] MAV [ApInfo] concluido com sucesso em 0.4 segundos.
[2026-09-08 15:13:39] [AGENDADOR 24/7] Iniciando Ciclo Contínuo #26...
[2026-09-08 15:13:39] Executando MAV [ApInfo] — Ciclo #26
[2026-09-08 15:13:40] MAV [ApInfo] concluido com sucesso em 1.0 segundos.
[2026-09-08 15:14:42] [AGENDADOR 24/7] Iniciando Ciclo Contínuo #22...
[2026-09-08 15:14:42] Executando MAV [ApInfo] — Ciclo #22
[2026-09-08 15:14:43] MAV [ApInfo] concluido com sucesso em 0.4 segundos.
[2026-09-08 15:28:52] [AGENDADOR 24/7] Iniciando Ciclo Contínuo #27...
[2026-09-08 15:28:52] Executando MAV [ApInfo] — Ciclo #27
[2026-09-08 15:28:53] MAV [ApInfo] concluido com sucesso em 1.0 segundos.
[2026-09-08 15:30:04] [AGENDADOR 24/7] Iniciando Ciclo Contínuo #23...
[2026-09-08 15:30:04] Executando MAV [ApInfo] — Ciclo #23
[2026-09-08 15:30:05] MAV [ApInfo] concluido com sucesso em 0.4 segundos.
[2026-09-08 15:44:06] [AGENDADOR 24/7] Iniciando Ciclo Contínuo #28...
[2026-09-08 15:44:06] Executando MAV [ApInfo] — Ciclo #28
[2026-09-08 15:44:07] MAV [ApInfo] concluido com sucesso em 1.0 segundos.
[2026-09-08 15:45:16] [AGENDADOR 24/7] Iniciando Ciclo Contínuo #24...
[2026-09-08 15:45:16] Executando MAV [ApInfo] — Ciclo #24
[2026-09-08 15:45:17] MAV [ApInfo] concluido com sucesso em 0.4 segundos.
[2026-09-08 15:59:19] [AGENDADOR 24/7] Iniciando Ciclo Contínuo #29...
[2026-09-08 15:59:19] Executando MAV [ApInfo] — Ciclo #29
[2026-09-08 15:59:21] MAV [ApInfo] concluido com sucesso em 1.1 segundos.
[2026-09-08 16:00:28] [AGENDADOR 24/7] Iniciando Ciclo Contínuo #25...
[2026-09-08 16:00:28] Executando MAV [ApInfo] — Ciclo #25
[2026-09-08 16:00:29] MAV [ApInfo] concluido com sucesso em 0.4 segundos.
[2026-09-08 16:14:23] [AGENDADOR 24/7] Iniciando Ciclo Contínuo #30...
[2026-09-08 16:14:23] Executando MAV [ApInfo] — Ciclo #30
[2026-09-08 16:14:24] MAV [ApInfo] concluido com sucesso em 1.1 segundos.
[2026-09-08 16:15:30] [AGENDADOR 24/7] Iniciando Ciclo Contínuo #26...
[2026-09-08 16:15:30] Executando MAV [ApInfo] — Ciclo #26
[2026-09-08 16:15:31] MAV [ApInfo] concluido com sucesso em 0.4 segundos.
[2026-09-08 16:29:37] [AGENDADOR 24/7] Iniciando Ciclo Contínuo #31...
[2026-09-08 16:29:37] Executando MAV [ApInfo] — Ciclo #31
[2026-09-08 16:29:38] MAV [ApInfo] concluido com sucesso em 1.1 segundos.
[2026-09-08 16:30:33] [AGENDADOR 24/7] Iniciando Ciclo Contínuo #27...
[2026-09-08 16:30:33] Executando MAV [ApInfo] — Ciclo #27
[2026-09-08 16:30:33] MAV [ApInfo] concluido com sucesso em 0.4 segundos.
[2026-09-08 16:44:41] [AGENDADOR 24/7] Iniciando Ciclo Contínuo #32...
[2026-09-08 16:44:41] Executando MAV [ApInfo] — Ciclo #32
[2026-09-08 16:44:42] MAV [ApInfo] concluido com sucesso em 1.0 segundos.
[2026-09-08 16:45:35] [AGENDADOR 24/7] Iniciando Ciclo Contínuo #28...
[2026-09-08 16:45:35] Executando MAV [ApInfo] — Ciclo #28
[2026-09-08 16:45:35] MAV [ApInfo] concluido com sucesso em 0.4 segundos.
[2026-09-08 16:59:44] [AGENDADOR 24/7] Iniciando Ciclo Contínuo #33...
[2026-09-08 16:59:44] Executando MAV [ApInfo] — Ciclo #33
[2026-09-08 16:59:45] MAV [ApInfo] concluido com sucesso em 1.1 segundos.
[2026-09-08 17:00:37] [AGENDADOR 24/7] Iniciando Ciclo Contínuo #29...
[2026-09-08 17:00:37] Executando MAV [ApInfo] — Ciclo #29
[2026-09-08 17:00:37] MAV [ApInfo] concluido com sucesso em 0.4 segundos.
[2026-09-08 17:14:58] [AGENDADOR 24/7] Iniciando Ciclo Contínuo #34...
[2026-09-08 17:14:58] Executando MAV [ApInfo] — Ciclo #34
[2026-09-08 17:14:59] MAV [ApInfo] concluido com sucesso em 1.0 segundos.
[2026-09-08 17:15:39] [AGENDADOR 24/7] Iniciando Ciclo Contínuo #30...
[2026-09-08 17:15:39] Executando MAV [ApInfo] — Ciclo #30
[2026-09-08 17:15:39] MAV [ApInfo] concluido com sucesso em 0.4 segundos.
[2026-09-08 17:30:02] [AGENDADOR 24/7] Iniciando Ciclo Contínuo #35...
[2026-09-08 17:30:02] Executando MAV [ApInfo] — Ciclo #35
[2026-09-08 17:30:03] MAV [ApInfo] concluido com sucesso em 1.1 segundos.
[2026-09-08 17:30:51] [AGENDADOR 24/7] Iniciando Ciclo Contínuo #31...
[2026-09-08 17:30:51] Executando MAV [ApInfo] — Ciclo #31
[2026-09-08 17:30:51] MAV [ApInfo] concluido com sucesso em 0.4 segundos.
[2026-09-08 17:45:16] [AGENDADOR 24/7] Iniciando Ciclo Contínuo #36...
[2026-09-08 17:45:16] Executando MAV [ApInfo] — Ciclo #36
[2026-09-08 17:45:17] MAV [ApInfo] concluido com sucesso em 1.0 segundos.
[2026-09-08 17:46:03] [AGENDADOR 24/7] Iniciando Ciclo Contínuo #32...
[2026-09-08 17:46:03] Executando MAV [ApInfo] — Ciclo #32
[2026-09-08 17:46:03] MAV [ApInfo] concluido com sucesso em 0.4 segundos.
[2026-09-08 18:00:20] [AGENDADOR 24/7] Iniciando Ciclo Contínuo #37...
[2026-09-08 18:00:20] Executando MAV [ApInfo] — Ciclo #37
[2026-09-08 18:00:21] MAV [ApInfo] concluido com sucesso em 1.1 segundos.
[2026-09-08 18:01:15] [AGENDADOR 24/7] Iniciando Ciclo Contínuo #33...
[2026-09-08 18:01:15] Executando MAV [ApInfo] — Ciclo #33
[2026-09-08 18:01:15] MAV [ApInfo] concluido com sucesso em 0.4 segundos.
[2026-09-08 18:15:23] [AGENDADOR 24/7] Iniciando Ciclo Contínuo #38...
[2026-09-08 18:15:23] Executando MAV [ApInfo] — Ciclo #38
[2026-09-08 18:15:24] MAV [ApInfo] concluido com sucesso em 1.0 segundos.
[2026-09-08 18:16:27] [AGENDADOR 24/7] Iniciando Ciclo Contínuo #34...
[2026-09-08 18:16:27] Executando MAV [ApInfo] — Ciclo #34
[2026-09-08 18:16:27] MAV [ApInfo] concluido com sucesso em 0.4 segundos.
[2026-09-08 18:30:37] [AGENDADOR 24/7] Iniciando Ciclo Contínuo #39...
[2026-09-08 18:30:37] Executando MAV [ApInfo] — Ciclo #39
[2026-09-08 18:30:38] MAV [ApInfo] concluido com sucesso em 1.0 segundos.
[2026-09-08 18:31:29] [AGENDADOR 24/7] Iniciando Ciclo Contínuo #35...
[2026-09-08 18:31:29] Executando MAV [ApInfo] — Ciclo #35
[2026-09-08 18:31:29] MAV [ApInfo] concluido com sucesso em 0.4 segundos.
[2026-09-08 18:45:51] [AGENDADOR 24/7] Iniciando Ciclo Contínuo #40...
[2026-09-08 18:45:51] Executando MAV [ApInfo] — Ciclo #40
[2026-09-08 18:45:52] MAV [ApInfo] concluido com sucesso em 1.1 segundos.
[2026-09-08 18:46:31] [AGENDADOR 24/7] Iniciando Ciclo Contínuo #36...
[2026-09-08 18:46:31] Executando MAV [ApInfo] — Ciclo #36
[2026-09-08 18:46:32] MAV [ApInfo] concluido com sucesso em 0.6 segundos.
[2026-09-08 19:00:55] [AGENDADOR 24/7] Iniciando Ciclo Contínuo #41...
[2026-09-08 19:00:55] Executando MAV [ApInfo] — Ciclo #41
[2026-09-08 19:00:56] MAV [ApInfo] concluido com sucesso em 1.0 segundos.
[2026-09-08 19:01:43] [AGENDADOR 24/7] Iniciando Ciclo Contínuo #37...
[2026-09-08 19:01:43] Executando MAV [ApInfo] — Ciclo #37
[2026-09-08 19:01:44] MAV [ApInfo] concluido com sucesso em 0.4 segundos.
[2026-09-08 19:15:58] [AGENDADOR 24/7] Iniciando Ciclo Contínuo #42...
[2026-09-08 19:15:58] Executando MAV [ApInfo] — Ciclo #42
[2026-09-08 19:15:59] MAV [ApInfo] concluido com sucesso em 1.0 segundos.
[2026-09-08 19:16:55] [AGENDADOR 24/7] Iniciando Ciclo Contínuo #38...
[2026-09-08 19:16:55] Executando MAV [ApInfo] — Ciclo #38
[2026-09-08 19:16:56] MAV [ApInfo] concluido com sucesso em 0.4 segundos.
[2026-09-08 19:31:02] [AGENDADOR 24/7] Iniciando Ciclo Contínuo #43...
[2026-09-08 19:31:02] Executando MAV [ApInfo] — Ciclo #43
[2026-09-08 19:31:03] MAV [ApInfo] concluido com sucesso em 1.0 segundos.
[2026-09-08 19:31:58] [AGENDADOR 24/7] Iniciando Ciclo Contínuo #39...
[2026-09-08 19:31:58] Executando MAV [ApInfo] — Ciclo #39
[2026-09-08 19:31:58] MAV [ApInfo] concluido com sucesso em 0.4 segundos.
[2026-09-08 19:46:25] [AGENDADOR 24/7] Iniciando Ciclo Contínuo #44...
[2026-09-08 19:46:25] Executando MAV [ApInfo] — Ciclo #44
[2026-09-08 19:46:26] MAV [ApInfo] concluido com sucesso em 1.0 segundos.
[2026-09-08 19:47:00] [AGENDADOR 24/7] Iniciando Ciclo Contínuo #40...
[2026-09-08 19:47:00] Executando MAV [ApInfo] — Ciclo #40
[2026-09-08 19:47:00] MAV [ApInfo] concluido com sucesso em 0.4 segundos.
[2026-09-08 20:01:29] [AGENDADOR 24/7] Iniciando Ciclo Contínuo #45...
[2026-09-08 20:01:29] Executando MAV [ApInfo] — Ciclo #45
[2026-09-08 20:01:30] MAV [ApInfo] concluido com sucesso em 1.0 segundos.
[2026-09-08 20:02:22] [AGENDADOR 24/7] Iniciando Ciclo Contínuo #41...
[2026-09-08 20:02:22] Executando MAV [ApInfo] — Ciclo #41
[2026-09-08 20:02:22] MAV [ApInfo] concluido com sucesso em 0.4 segundos.
[2026-09-08 20:16:32] [AGENDADOR 24/7] Iniciando Ciclo Contínuo #46...
[2026-09-08 20:16:32] Executando MAV [ApInfo] — Ciclo #46
[2026-09-08 20:16:33] MAV [ApInfo] concluido com sucesso em 1.0 segundos.
[2026-09-08 20:17:24] [AGENDADOR 24/7] Iniciando Ciclo Contínuo #42...
[2026-09-08 20:17:24] Executando MAV [ApInfo] — Ciclo #42
[2026-09-08 20:17:24] MAV [ApInfo] concluido com sucesso em 0.4 segundos.
[2026-09-08 20:31:36] [AGENDADOR 24/7] Iniciando Ciclo Contínuo #47...
[2026-09-08 20:31:36] Executando MAV [ApInfo] — Ciclo #47
[2026-09-08 20:31:37] MAV [ApInfo] concluido com sucesso em 1.1 segundos.
[2026-09-08 20:32:26] [AGENDADOR 24/7] Iniciando Ciclo Contínuo #43...
[2026-09-08 20:32:26] Executando MAV [ApInfo] — Ciclo #43
[2026-09-08 20:32:26] MAV [ApInfo] concluido com sucesso em 0.4 segundos.
[2026-09-08 20:46:40] [AGENDADOR 24/7] Iniciando Ciclo Contínuo #48...
[2026-09-08 20:46:40] Executando MAV [ApInfo] — Ciclo #48
[2026-09-08 20:46:41] MAV [ApInfo] concluido com sucesso em 1.0 segundos.
[2026-09-08 20:47:38] [AGENDADOR 24/7] Iniciando Ciclo Contínuo #44...
[2026-09-08 20:47:38] Executando MAV [ApInfo] — Ciclo #44
[2026-09-08 20:47:38] MAV [ApInfo] concluido com sucesso em 0.4 segundos.
[2026-09-08 21:01:43] [AGENDADOR 24/7] Iniciando Ciclo Contínuo #49...
[2026-09-08 21:01:43] Executando MAV [ApInfo] — Ciclo #49
[2026-09-08 21:01:44] MAV [ApInfo] concluido com sucesso em 1.1 segundos.
[2026-09-08 21:02:40] [AGENDADOR 24/7] Iniciando Ciclo Contínuo #45...
[2026-09-08 21:02:40] Executando MAV [ApInfo] — Ciclo #45
[2026-09-08 21:02:40] MAV [ApInfo] concluido com sucesso em 0.4 segundos.
[2026-09-08 21:05:33] [TELEGRAM] Comando recebido Senhor: exportar_csv (Arg: )
[2026-09-08 21:05:39] [TELEGRAM] Comando recebido Senhor: exportar_csv (Arg: )
[2026-09-08 21:16:47] [AGENDADOR 24/7] Iniciando Ciclo Contínuo #50...
[2026-09-08 21:16:47] Executando MAV [ApInfo] — Ciclo #50
[2026-09-08 21:16:48] MAV [ApInfo] concluido com sucesso em 1.3 segundos.
[2026-09-08 21:17:42] [AGENDADOR 24/7] Iniciando Ciclo Contínuo #46...
[2026-09-08 21:17:42] Executando MAV [ApInfo] — Ciclo #46
[2026-09-08 21:17:42] MAV [ApInfo] concluido com sucesso em 0.5 segundos.
[2026-09-08 21:31:52] [AGENDADOR 24/7] Iniciando Ciclo Contínuo #51...
[2026-09-08 21:31:52] Executando MAV [ApInfo] — Ciclo #51
[2026-09-08 21:31:53] MAV [ApInfo] concluido com sucesso em 1.3 segundos.
[2026-09-08 21:32:44] [AGENDADOR 24/7] Iniciando Ciclo Contínuo #47...
[2026-09-08 21:32:44] Executando MAV [ApInfo] — Ciclo #47
[2026-09-08 21:32:44] MAV [ApInfo] concluido com sucesso em 0.5 segundos.
[2026-09-08 21:46:56] [AGENDADOR 24/7] Iniciando Ciclo Contínuo #52...
[2026-09-08 21:46:56] Executando MAV [ApInfo] — Ciclo #52
[2026-09-08 21:47:02] MAV [ApInfo] concluido com sucesso em 6.0 segundos.
[2026-09-08 21:47:46] [AGENDADOR 24/7] Iniciando Ciclo Contínuo #48...
[2026-09-08 21:47:46] Executando MAV [ApInfo] — Ciclo #48
[2026-09-08 21:47:47] MAV [ApInfo] concluido com sucesso em 0.7 segundos.
[2026-09-08 22:02:15] [AGENDADOR 24/7] Iniciando Ciclo Contínuo #53...
[2026-09-08 22:02:15] Executando MAV [ApInfo] — Ciclo #53
[2026-09-08 22:02:16] MAV [ApInfo] concluido com sucesso em 1.1 segundos.
[2026-09-08 22:02:48] [AGENDADOR 24/7] Iniciando Ciclo Contínuo #49...
[2026-09-08 22:02:48] Executando MAV [ApInfo] — Ciclo #49
[2026-09-08 22:02:49] MAV [ApInfo] concluido com sucesso em 0.4 segundos.
[2026-09-08 22:17:19] [AGENDADOR 24/7] Iniciando Ciclo Contínuo #54...
[2026-09-08 22:17:19] Executando MAV [ApInfo] — Ciclo #54
[2026-09-08 22:17:20] MAV [ApInfo] concluido com sucesso em 1.2 segundos.
[2026-09-08 22:18:00] [AGENDADOR 24/7] Iniciando Ciclo Contínuo #50...
[2026-09-08 22:18:00] Executando MAV [ApInfo] — Ciclo #50
[2026-09-08 22:18:01] MAV [ApInfo] concluido com sucesso em 0.4 segundos.
[2026-09-09 07:24:53] MAV Scheduler operando 24/7 com ApInfo (Métricas e Home Lab Sentinel).
[2026-09-09 07:24:54] [TELEGRAM] Escutando comandos avançados...
[2026-09-09 07:24:54] [AGENDADOR] Modo 24/7 Ativo. Executando ininterruptamente a cada 15 minutos.
[2026-09-09 07:24:54] [AGENDADOR 24/7] Iniciando Ciclo Contínuo #1...
[2026-09-09 07:24:54] Executando MAV [ApInfo] — Ciclo #1
[2026-09-09 07:24:54] MAV [ApInfo] concluido com sucesso em 0.9 segundos.
[2026-09-09 07:27:13] [TELEGRAM] Comando recebido Senhor: comandos (Arg: )
[2026-09-09 07:28:04] [TELEGRAM] Comando recebido Senhor: relatorio_completo (Arg: )
[2026-09-09 07:28:16] [TELEGRAM] Comando recebido Senhor: homelab (Arg: )
[2026-09-09 07:40:06] [AGENDADOR 24/7] Iniciando Ciclo Contínuo #2...
[2026-09-09 07:40:06] Executando MAV [ApInfo] — Ciclo #2
[2026-09-09 07:40:06] MAV [ApInfo] concluido com sucesso em 0.4 segundos.
[2026-09-09 07:55:18] [AGENDADOR 24/7] Iniciando Ciclo Contínuo #3...
[2026-09-09 07:55:18] Executando MAV [ApInfo] — Ciclo #3
[2026-09-09 07:55:19] MAV [ApInfo] concluido com sucesso em 0.4 segundos.
[2026-09-09 08:10:30] [AGENDADOR 24/7] Iniciando Ciclo Contínuo #4...
[2026-09-09 08:10:30] Executando MAV [ApInfo] — Ciclo #4
[2026-09-09 08:10:31] MAV [ApInfo] concluido com sucesso em 0.4 segundos.
[2026-09-09 08:25:32] [AGENDADOR 24/7] Iniciando Ciclo Contínuo #5...
[2026-09-09 08:25:32] Executando MAV [ApInfo] — Ciclo #5
[2026-09-09 08:25:33] MAV [ApInfo] concluido com sucesso em 0.4 segundos.
[2026-09-09 08:40:34] [AGENDADOR 24/7] Iniciando Ciclo Contínuo #6...
[2026-09-09 08:40:34] Executando MAV [ApInfo] — Ciclo #6
[2026-09-09 08:40:35] MAV [ApInfo] concluido com sucesso em 0.4 segundos.
[2026-09-09 08:55:46] [AGENDADOR 24/7] Iniciando Ciclo Contínuo #7...
[2026-09-09 08:55:46] Executando MAV [ApInfo] — Ciclo #7
[2026-09-09 08:55:47] MAV [ApInfo] concluido com sucesso em 0.5 segundos.
[2026-09-09 09:10:58] [AGENDADOR 24/7] Iniciando Ciclo Contínuo #8...
[2026-09-09 09:10:58] Executando MAV [ApInfo] — Ciclo #8
[2026-09-09 09:10:59] MAV [ApInfo] concluido com sucesso em 0.4 segundos.
[2026-09-09 09:26:00] [AGENDADOR 24/7] Iniciando Ciclo Contínuo #9...
[2026-09-09 09:26:00] Executando MAV [ApInfo] — Ciclo #9
[2026-09-09 09:26:01] MAV [ApInfo] concluido com sucesso em 0.4 segundos.
[2026-09-09 09:41:02] [AGENDADOR 24/7] Iniciando Ciclo Contínuo #10...
[2026-09-09 09:41:02] Executando MAV [ApInfo] — Ciclo #10
[2026-09-09 09:41:03] MAV [ApInfo] concluido com sucesso em 0.4 segundos.
[2026-09-09 09:56:14] [AGENDADOR 24/7] Iniciando Ciclo Contínuo #11...
[2026-09-09 09:56:14] Executando MAV [ApInfo] — Ciclo #11
[2026-09-09 09:56:15] MAV [ApInfo] concluido com sucesso em 0.9 segundos.
[2026-09-09 10:11:17] [AGENDADOR 24/7] Iniciando Ciclo Contínuo #12...
[2026-09-09 10:11:17] Executando MAV [ApInfo] — Ciclo #12
[2026-09-09 10:11:17] MAV [ApInfo] concluido com sucesso em 0.4 segundos.
[2026-09-09 10:26:19] [AGENDADOR 24/7] Iniciando Ciclo Contínuo #13...
[2026-09-09 10:26:19] Executando MAV [ApInfo] — Ciclo #13
[2026-09-09 10:26:20] MAV [ApInfo] concluido com sucesso em 0.8 segundos.
[2026-09-09 10:34:00] [TELEGRAM] Comando recebido Senhor: exportar_csv (Arg: )
[2026-09-09 10:41:21] [AGENDADOR 24/7] Iniciando Ciclo Contínuo #14...
[2026-09-09 10:41:21] Executando MAV [ApInfo] — Ciclo #14
[2026-09-09 10:41:22] MAV [ApInfo] concluido com sucesso em 0.5 segundos.
[2026-09-09 10:56:23] [AGENDADOR 24/7] Iniciando Ciclo Contínuo #15...
[2026-09-09 10:56:23] Executando MAV [ApInfo] — Ciclo #15
[2026-09-09 10:56:24] MAV [ApInfo] concluido com sucesso em 0.4 segundos.
[2026-09-09 11:11:35] [AGENDADOR 24/7] Iniciando Ciclo Contínuo #16...
[2026-09-09 11:11:35] Executando MAV [ApInfo] — Ciclo #16
[2026-09-09 11:11:36] MAV [ApInfo] concluido com sucesso em 0.4 segundos.
[2026-09-09 11:26:47] [AGENDADOR 24/7] Iniciando Ciclo Contínuo #17...
[2026-09-09 11:26:47] Executando MAV [ApInfo] — Ciclo #17
[2026-09-09 11:26:48] MAV [ApInfo] concluido com sucesso em 0.5 segundos.
[2026-09-09 11:42:00] [AGENDADOR 24/7] Iniciando Ciclo Contínuo #18...
[2026-09-09 11:42:00] Executando MAV [ApInfo] — Ciclo #18
[2026-09-09 11:42:00] MAV [ApInfo] concluido com sucesso em 0.5 segundos.
[2026-09-09 11:57:12] [AGENDADOR 24/7] Iniciando Ciclo Contínuo #19...
[2026-09-09 11:57:12] Executando MAV [ApInfo] — Ciclo #19
[2026-09-09 11:57:12] MAV [ApInfo] concluido com sucesso em 0.4 segundos.
[2026-09-09 12:12:14] [AGENDADOR 24/7] Iniciando Ciclo Contínuo #20...
[2026-09-09 12:12:14] Executando MAV [ApInfo] — Ciclo #20
[2026-09-09 12:12:14] MAV [ApInfo] concluido com sucesso em 0.4 segundos.
[2026-09-09 12:27:16] [AGENDADOR 24/7] Iniciando Ciclo Contínuo #21...
[2026-09-09 12:27:16] Executando MAV [ApInfo] — Ciclo #21
[2026-09-09 12:27:16] MAV [ApInfo] concluido com sucesso em 0.4 segundos.
[2026-09-09 12:42:18] [AGENDADOR 24/7] Iniciando Ciclo Contínuo #22...
[2026-09-09 12:42:18] Executando MAV [ApInfo] — Ciclo #22
[2026-09-09 12:42:18] MAV [ApInfo] concluido com sucesso em 0.4 segundos.
[2026-09-09 12:57:20] [AGENDADOR 24/7] Iniciando Ciclo Contínuo #23...
[2026-09-09 12:57:20] Executando MAV [ApInfo] — Ciclo #23
[2026-09-09 12:57:20] MAV [ApInfo] concluido com sucesso em 0.4 segundos.
[2026-09-09 13:12:32] [AGENDADOR 24/7] Iniciando Ciclo Contínuo #24...
[2026-09-09 13:12:32] Executando MAV [ApInfo] — Ciclo #24
[2026-09-09 13:12:32] MAV [ApInfo] concluido com sucesso em 0.4 segundos.
[2026-09-09 13:27:34] [AGENDADOR 24/7] Iniciando Ciclo Contínuo #25...
[2026-09-09 13:27:34] Executando MAV [ApInfo] — Ciclo #25
[2026-09-09 13:27:35] MAV [ApInfo] concluido com sucesso em 1.0 segundos.
[2026-09-09 13:42:36] [AGENDADOR 24/7] Iniciando Ciclo Contínuo #26...
[2026-09-09 13:42:36] Executando MAV [ApInfo] — Ciclo #26
[2026-09-09 13:42:37] MAV [ApInfo] concluido com sucesso em 0.4 segundos.
[2026-09-09 13:57:38] [AGENDADOR 24/7] Iniciando Ciclo Contínuo #27...
[2026-09-09 13:57:38] Executando MAV [ApInfo] — Ciclo #27
[2026-09-09 13:57:39] MAV [ApInfo] concluido com sucesso em 0.4 segundos.
[2026-09-09 14:12:40] [AGENDADOR 24/7] Iniciando Ciclo Contínuo #28...
[2026-09-09 14:12:40] Executando MAV [ApInfo] — Ciclo #28
[2026-09-09 14:12:41] MAV [ApInfo] concluido com sucesso em 0.4 segundos.
[2026-09-09 14:27:43] [AGENDADOR 24/7] Iniciando Ciclo Contínuo #29...
[2026-09-09 14:27:43] Executando MAV [ApInfo] — Ciclo #29
[2026-09-09 14:27:43] MAV [ApInfo] concluido com sucesso em 0.4 segundos.
[2026-09-09 14:43:05] [AGENDADOR 24/7] Iniciando Ciclo Contínuo #30...
[2026-09-09 14:43:05] Executando MAV [ApInfo] — Ciclo #30
[2026-09-09 14:43:05] MAV [ApInfo] concluido com sucesso em 0.4 segundos.
[2026-09-09 14:55:40] [TELEGRAM] Comando recebido Senhor: rodar (Arg: )
[2026-09-09 14:55:41] Executando MAV [ApInfo] — Ciclo #31
[2026-09-09 14:55:41] MAV [ApInfo] concluido com sucesso em 0.4 segundos.
[2026-09-09 14:56:31] [TELEGRAM] Comando recebido Senhor: exportar_csv (Arg: )
[2026-09-09 14:58:17] [AGENDADOR 24/7] Iniciando Ciclo Contínuo #32...
[2026-09-09 14:58:17] Executando MAV [ApInfo] — Ciclo #32
[2026-09-09 14:58:17] MAV [ApInfo] concluido com sucesso em 0.4 segundos.
[2026-09-09 15:06:57] [TELEGRAM] Comando recebido Senhor: homelab (Arg: )
[2026-09-09 15:07:23] [TELEGRAM] Comando recebido Senhor: ajuda_comandos (Arg: )
[2026-09-09 15:08:03] [TELEGRAM] Comando recebido Senhor: playbook (Arg: instalar_rede.yml)
[2026-09-09 15:08:03] Playbook 'instalar_rede.yml' não encontrado em C:\Users\Matheus\PycharmProjects\PythonProject\testes_oficiais\scripts e playbook - ansible\minerador_vagas\ansible.
[2026-09-09 15:08:42] [TELEGRAM] Comando recebido Senhor: playbook (Arg: )
[2026-09-09 15:09:07] [TELEGRAM] Comando recebido Senhor: playbook (Arg: setup.yml)
[2026-09-09 15:09:08] Playbook 'setup.yml' não encontrado em C:\Users\Matheus\PycharmProjects\PythonProject\testes_oficiais\scripts e playbook - ansible\minerador_vagas\ansible.
[2026-09-09 15:13:19] [AGENDADOR 24/7] Iniciando Ciclo Contínuo #33...
[2026-09-09 15:13:19] Executando MAV [ApInfo] — Ciclo #33
[2026-09-09 15:13:19] MAV [ApInfo] concluido com sucesso em 0.5 segundos.
[2026-09-09 15:28:31] [AGENDADOR 24/7] Iniciando Ciclo Contínuo #34...
[2026-09-09 15:28:31] Executando MAV [ApInfo] — Ciclo #34
[2026-09-09 15:28:31] MAV [ApInfo] concluido com sucesso em 0.4 segundos.
[2026-09-09 15:43:33] [AGENDADOR 24/7] Iniciando Ciclo Contínuo #35...
[2026-09-09 15:43:33] Executando MAV [ApInfo] — Ciclo #35
[2026-09-09 15:43:33] MAV [ApInfo] concluido com sucesso em 0.4 segundos.
[2026-09-09 15:58:35] [AGENDADOR 24/7] Iniciando Ciclo Contínuo #36...
[2026-09-09 15:58:35] Executando MAV [ApInfo] — Ciclo #36
[2026-09-09 15:58:35] MAV [ApInfo] concluido com sucesso em 0.4 segundos.
[2026-09-09 16:13:47] [AGENDADOR 24/7] Iniciando Ciclo Contínuo #37...
[2026-09-09 16:13:47] Executando MAV [ApInfo] — Ciclo #37
[2026-09-09 16:13:47] MAV [ApInfo] concluido com sucesso em 0.4 segundos.
[2026-09-09 16:28:59] [AGENDADOR 24/7] Iniciando Ciclo Contínuo #38...
[2026-09-09 16:28:59] Executando MAV [ApInfo] — Ciclo #38
[2026-09-09 16:28:59] MAV [ApInfo] concluido com sucesso em 0.4 segundos.
[2026-09-09 16:44:01] [AGENDADOR 24/7] Iniciando Ciclo Contínuo #39...
[2026-09-09 16:44:01] Executando MAV [ApInfo] — Ciclo #39
[2026-09-09 16:44:02] MAV [ApInfo] concluido com sucesso em 0.4 segundos.
[2026-09-09 16:59:03] [AGENDADOR 24/7] Iniciando Ciclo Contínuo #40...
[2026-09-09 16:59:03] Executando MAV [ApInfo] — Ciclo #40
[2026-09-09 16:59:04] MAV [ApInfo] concluido com sucesso em 0.4 segundos.
[2026-09-09 17:14:25] [AGENDADOR 24/7] Iniciando Ciclo Contínuo #41...
[2026-09-09 17:14:25] Executando MAV [ApInfo] — Ciclo #41
[2026-09-09 17:14:26] MAV [ApInfo] concluido com sucesso em 0.5 segundos.
[2026-09-09 17:29:38] [AGENDADOR 24/7] Iniciando Ciclo Contínuo #42...
[2026-09-09 17:29:38] Executando MAV [ApInfo] — Ciclo #42
[2026-09-09 17:29:38] MAV [ApInfo] concluido com sucesso em 0.4 segundos.
[2026-09-09 17:44:40] [AGENDADOR 24/7] Iniciando Ciclo Contínuo #43...
[2026-09-09 17:44:40] Executando MAV [ApInfo] — Ciclo #43
[2026-09-09 17:44:41] MAV [ApInfo] concluido com sucesso em 0.4 segundos.
[2026-09-09 17:59:42] [AGENDADOR 24/7] Iniciando Ciclo Contínuo #44...
[2026-09-09 17:59:42] Executando MAV [ApInfo] — Ciclo #44
[2026-09-09 17:59:43] MAV [ApInfo] concluido com sucesso em 0.4 segundos.
[2026-09-09 18:14:44] [AGENDADOR 24/7] Iniciando Ciclo Contínuo #45...
[2026-09-09 18:14:44] Executando MAV [ApInfo] — Ciclo #45
[2026-09-09 18:14:45] MAV [ApInfo] concluido com sucesso em 0.4 segundos.
[2026-09-09 18:29:56] [AGENDADOR 24/7] Iniciando Ciclo Contínuo #46...
[2026-09-09 18:29:56] Executando MAV [ApInfo] — Ciclo #46
[2026-09-09 18:29:57] MAV [ApInfo] concluido com sucesso em 0.4 segundos.
[2026-09-09 18:45:18] [AGENDADOR 24/7] Iniciando Ciclo Contínuo #47...
[2026-09-09 18:45:18] Executando MAV [ApInfo] — Ciclo #47
[2026-09-09 18:45:19] MAV [ApInfo] concluido com sucesso em 0.4 segundos.
[2026-09-09 19:00:31] [AGENDADOR 24/7] Iniciando Ciclo Contínuo #48...
[2026-09-09 19:00:31] Executando MAV [ApInfo] — Ciclo #48
[2026-09-09 19:00:31] MAV [ApInfo] concluido com sucesso em 0.4 segundos.
[2026-09-09 19:15:43] [AGENDADOR 24/7] Iniciando Ciclo Contínuo #49...
[2026-09-09 19:15:43] Executando MAV [ApInfo] — Ciclo #49
[2026-09-09 19:15:43] MAV [ApInfo] concluido com sucesso em 0.4 segundos.
[2026-09-09 19:31:05] [AGENDADOR 24/7] Iniciando Ciclo Contínuo #50...
[2026-09-09 19:31:05] Executando MAV [ApInfo] — Ciclo #50
[2026-09-09 19:31:05] MAV [ApInfo] concluido com sucesso em 0.4 segundos.
[2026-09-09 19:46:17] [AGENDADOR 24/7] Iniciando Ciclo Contínuo #51...
[2026-09-09 19:46:17] Executando MAV [ApInfo] — Ciclo #51
[2026-09-09 19:46:17] MAV [ApInfo] concluido com sucesso em 0.5 segundos.
[2026-09-09 19:53:21] Scheduler 24/7 encerrado.
[2026-09-09 19:53:27] MAV Scheduler operando 24/7 com ApInfo (Métricas e Home Lab Sentinel).
[2026-09-09 19:53:27] [TELEGRAM] Escutando comandos avançados...
[2026-09-09 19:53:27] [AGENDADOR] Modo 24/7 Ativo. Executando ininterruptamente a cada 15 minutos.
[2026-09-09 19:53:27] [AGENDADOR 24/7] Iniciando Ciclo Contínuo #1...
[2026-09-09 19:53:27] Executando MAV [ApInfo] — Ciclo #1
[2026-09-09 19:53:28] MAV [ApInfo] concluido com sucesso em 0.5 segundos.
[2026-09-09 19:53:37] Scheduler 24/7 encerrado.
[2026-09-17 08:36:45] Iniciando MAV Scheduler & Home Lab Sentinela...
[2026-09-17 08:36:45] [AGENDADOR] Modo 24/7 Ativo. Executando ininterruptamente a cada 15 minutos.
[2026-09-17 08:36:45] [AGENDADOR 24/7] Iniciando Ciclo Contínuo #1...
[2026-09-17 08:36:45] Executando MAV [ApInfo] — Ciclo #1
[2026-09-17 08:36:53] MAV [ApInfo] concluido com sucesso em 8.0 segundos.
[2026-09-17 08:36:55] Executando MAV [TrabalhaBrasil] — Ciclo #1
[2026-09-17 08:36:59] MAV [TrabalhaBrasil] concluido com sucesso em 4.0 segundos.
[2026-09-17 08:37:01] Executando MAV [Vagas.com] — Ciclo #1
[2026-09-17 08:37:02] MAV [Vagas.com] terminou com codigo 2 apos 1.8 segundos.
